Unnamed: 0,Review_Language,City Name,Hotel Name,Upside_Review,Downside_Review,Review_Score,Sentiment,source,Prompt_Language,na_up_review,na_down_review,Combined_Review
319,English,Bucharest,"The Marmorosch Bucharest, Autograph Collection","The location of the hotel is quite convenient, being in the city center and close to a lot of sights and restaurants.","My stay at The Marmorosch Bucharest was quite disappointing. The room did not meet my expectations, especially considering the price. It lacked proper lighting and made the room feel dark and uninviting. The construction happening nearby was a nightmare, causing noise early in the morning and making it impossible to rest properly. Lastly, the service was lacking. Staff members seemed uninterested, didn't properly resolve issues and simply lacked the friendliness you'd expect at a hotel of this reputation. ",3.0,NEG,1,English(Italian),False,False,location hotel quite convenient city center close lot sights restaurants stay marmorosch bucharest quite disappointing room meet expectations especially considering price lacked proper lighting made room feel dark uninviting construction happening nearby nightmare causing noise early morning making impossible rest properly lastly service lacking staff members seemed uninterested properly resolve issues simply lacked friendliness expect hotel reputation
442,English,Madrid,Catalonia Gran Vía Madrid,"I really enjoyed the stay at Catalonia Gran Vía Madrid. The location was perfect, within easy walking distance of most tourist attractions and great restaurants. The staff were friendly and very helpful with suggestions for things to do in Madrid.","The Wi-Fi signal was a bit weak in my room, which sometimes made it difficult to connect to the internet.",8.0,POS,1,German,False,False,really enjoyed stay catalonia gran vía madrid location perfect within easy walking distance tourist attractions great restaurants staff friendly helpful suggestions things madrid wi fi signal bit weak room sometimes made difficult connect internet
864,English,Seoul,Stay Hotel Gangnam,"Very quiet hotel, great size of room which included a dressing area and everything clean every day. Bed and pillows extremely comfortable. Fresh dressing gown every day.",It was even better than expected,9.0,POS,0,,False,False,quiet hotel great size room included dressing area everything clean every day bed pillows extremely comfortable fresh dressing gown every day even better expected
236,English,Berlin,Eurostars Berlin,"The hotel has a good location, close to shops and restaurants.","The room was far too hot and there was no way to cool it down. The windows do not open and the air conditioning wasn't working properly. Also, the breakfast is very limited especially for vegans. Lastly, the WIFI connection was really poor. I would not recommend staying there if you have work to do.",4.0,NEG,1,Italian,False,False,hotel good location close shops restaurants room far hot way cool windows open air conditioning working properly also breakfast limited especially vegans lastly wifi connection really poor would recommend staying work
273,English,Berlin,The Westin Grand Berlin,"Great location, large rooms with balcony",,9.0,POS,0,,False,True,great location large rooms balcony
919,English,Washington,Motto by Hilton Washington DC City Center,"The location was great, close to many attractions.","The rooms were disappointingly small, almost cramped. The restaurant had limited options and service was slow. The soundproofing was also not adequate, we could hear noise from the hallway easily.",3.0,NEG,1,Chinese,False,False,location great close many attractions rooms disappointingly small almost cramped restaurant limited options service slow soundproofing also adequate could hear noise hallway easily
852,English,Seoul,"Four Points by Sheraton Josun, Seoul Station","Four Points by Sheraton Josun, Seoul Station provided an outstanding stay. The rooms were spotless, the service was first-rate, and the hotel's proximity to Seoul's lively city center was perfect. Additionally, the spectacular city views, comfortable beds, and delectable dining options contributed to an overall enjoyable experience.","Nothing worth mentioning, it was a great stay all round.",10.0,POS,1,English(German),False,False,four points sheraton josun seoul station provided outstanding stay rooms spotless service first rate hotel proximity seoul lively city center perfect additionally spectacular city views comfortable beds delectable dining options contributed overall enjoyable experience nothing worth mentioning great stay round
825,English,Seoul,Orakai Insadong Suites,Location and size,Refrigerator did not work and replacement also did not work. Elevator was slow,4.0,NEG,0,,False,False,location size refrigerator work replacement also work elevator slow
805,English,Seoul,Hotel Skypark Central Myeongdong,Only like the location,"1) beds are sagging
2) furniture and facilities are old 
3) staff not friendly 
4) insufficient wardrobe space 
1).Really annoyed to be woken up by a call at 8.30am to be asked whether housekeeping can be skipped that morning - despite me having a “DO NOT DISTURB SIGN” 
2). Was asked to fill in feedback form at the start of check-in, in order for us to get our room slightly earlier. 
Very ridiculous that we were asked why we didn’t put a “5” rating feedback for the hotel in the TripAdvisor feedback form. (As we have not even gotten our room yet). It’s like asking us to help them give a false feedback.",3.0,NEG,0,,False,False,like location 1 beds sagging 2 furniture facilities old 3 staff friendly 4 insufficient wardrobe space 1 really annoyed woken call 8 30am asked whether housekeeping skipped morning despite disturb sign 2 asked fill feedback form start check order us get room slightly earlier ridiculous asked put 5 rating feedback hotel tripadvisor feedback form even gotten room yet like asking us help give false feedback
773,English,Rome,Alpi Hotel,"Rating: ⭐️⭐️⭐️⭐️⭐️
My wife, two daughters (aged 2 and 4), and I recently had the pleasure of staying at Alpi Hotel in Rome, and we couldn't have been more delighted with our experience. From the moment we stepped foot into the hotel until the time we checked out, everything was simply perfect.
First and foremost, the staff at Alpi Hotel went above and beyond to ensure that our family felt welcomed and well taken care of. They were incredibly friendly, accommodating, and always had a smile on their faces. They were also helpful in providing recommendations for family-friendly activities and attractions in Rome.
Our room was spacious, modern, and immaculately clean. The beds were comfortable, and the extra touches, such as extra blankets on our daughters' beds, made us feel right at home. The room also had a lovely large window that opened, which added to the overall charm of our stay.",Nothing,10.0,POS,0,,False,False,rating ️ ️ ️ ️ ️ wife two daughters aged 2 4 recently pleasure staying alpi hotel rome delighted experience moment stepped foot hotel time checked everything simply perfect first foremost staff alpi hotel went beyond ensure family felt welcomed well taken care incredibly friendly accommodating always smile faces also helpful providing recommendations family friendly activities attractions rome room spacious modern immaculately clean beds comfortable extra touches extra blankets daughters beds made us feel right home room also lovely large window opened added overall charm stay nothing
713,English,Rome,The Hive Hotel,"Perfect location for city exploring and early commute to the airport. Friendly staff and clean comfortable space, soundproof and good aircon. Would recommend 👌",,9.0,POS,0,,False,True,perfect location city exploring early commute airport friendly staff clean comfortable space soundproof good aircon would recommend
257,English,Berlin,Ballhaus Berlin Hostel,The hostel is central and the shared spaces have a vintage charm,"Cleanliness was lacking particularly in the shared bathrooms, the bedrooms were cramped with minimal privacy and the noise from the street was disruptive to sleep.",3.0,NEG,1,English(Italian),False,False,hostel central shared spaces vintage charm cleanliness lacking particularly shared bathrooms bedrooms cramped minimal privacy noise street disruptive sleep
149,English,Beijing,SonGy Hundred-year Courtyard Hotel,The traditional courtyard setting had a certain charm and the location in the heart of Hutong was appropriate given the age and historical significance of the hotel,"The staff struggled with communicating in English, there were cleanliness issues in the room especially in the bathroom, and the lack of modern amenities made the stay less comfortable. In addition, the Wi-Fi was quite unreliable. The hotel did not meet the standard of a luxury establishment as it promised.",3.0,NEG,1,English(French),False,False,traditional courtyard setting certain charm location heart hutong appropriate given age historical significance hotel staff struggled communicating english cleanliness issues room especially bathroom lack modern amenities made stay less comfortable addition wi fi quite unreliable hotel meet standard luxury establishment promised
156,English,Beijing,Grand Millennium Beijing,"The only good thing there is the receptionists were really helpful and kind even to angry annoyed me. I’m writing this review with sorrow to those ppl who tried their best to keep that outdated overpriced leviathan afloat.
Also, ppl speak English which is relieving.","I can’t call myself a great traveler but I have stayed in many hotels of different price ranges in the UAE, Egypt, Turkey, Russia, Germany, and Taiwan and this is the worst experience that I hope I will never have again in my life.
-I believe the hotel has two options of views was really hoping to spend a nice staycation in a nice hotel room with a view but got a view of a some “Pruitt Igoe” style green ghetto. Was hugely disappointed but too shy to ask for the change and have never been asked if I like it. You know, just a “take it or leave it” attitude. 
-HORRIBLE SOUND ISOLATION IN HALLWAYS was awakened every morning by ppl leaving from other rooms.
- hotel feels old and poorly maintained. Dirty mirrors in the bathroom, no toothbrush splashes but just dusty and with oily fingerprints. The vanity mirror has no light which could be very handy because the whole lighting in the room is a bit too dim. 
- Strange work (let’s put it this way) of shower cabin drainage. No hot water in the sink! Cheap plastic of shower heads in shower cabin, c’mon guys is it a five stars piece of property of a world renowned brand or none air BnB thing? The bath and sink have “Grohe” and the shower has something unpleasant.
- Tiny shower gel, shampoo samples super generic nothing fancy, feels like the hotel wants to save money. Never been asked if I have enough of everything, I was the one who had to ask for things which isn’t comfortable
- Toilet doesn’t flush properly 
- I had to take some notes and grabbed a pen nearby phone and it was broken. So you guys prefer to save on pens rather than keep the reputation of the brand?
- The TV is old and small 
- Buffet isn’t too good, not much variety no European no",3.0,NEG,0,,False,False,good thing receptionists really helpful kind even angry annoyed writing review sorrow ppl tried best keep outdated overpriced leviathan afloat also ppl speak english relieving call great traveler stayed many hotels different price ranges uae egypt turkey russia germany taiwan worst experience hope never life believe hotel two options views really hoping spend nice staycation nice hotel room view got view pruitt igoe style green ghetto hugely disappointed shy ask change never asked like know take leave attitude horrible sound isolation hallways awakened every morning ppl leaving rooms hotel feels old poorly maintained dirty mirrors bathroom toothbrush splashes dusty oily fingerprints vanity mirror light could handy whole lighting room bit dim strange work let put way shower cabin drainage hot water sink cheap plastic shower heads shower cabin c mon guys five stars piece property world renowned brand none air bnb thing bath sink grohe shower something unpleasant tiny shower gel shampoo samples super generic nothing fancy feels like hotel wants save money never asked enough everything one ask things comfortable toilet flush properly take notes grabbed pen nearby phone broken guys prefer save pens rather keep reputation brand tv old small buffet good much variety european
912,English,Washington,Motto by Hilton Washington DC City Center,"The city center location is fantastic for a short stay in Washington DC. Clean, contemporary rooms. Excellent service with friendly and reliable staff. The restaurants in and around the hotel provided a great variety of choices.",There was a slight noise that could be heard from traffic outside. More insulation could be considered to limit noise.,8.0,POS,1,English(Korean),False,False,city center location fantastic short stay washington dc clean contemporary rooms excellent service friendly reliable staff restaurants around hotel provided great variety choices slight noise could heard traffic outside insulation could considered limit noise
735,English,Rome,NH Roma Villa Carpegna,Quiet rooms,"You can feel the springs of the mattress hurting your back. Breakfast didn't change for 7 days. The bathroom in the lobby smeels urine, swimming pool area smells urine also, by the beach chairs (filthy). We shouldn't have to pay 2 euros for each swimming pool towel we used. We shouldn't get charged for the drinks we took from the room fridge or there should be a sign when you book, stating we have to pay for the drinks (additional cost) NOT FREE!!. 2 adults and 1 special child in the room, which I payed extra money for the room size since my son uses a wheel chair.",4.0,NEG,0,,False,False,quiet rooms feel springs mattress hurting back breakfast change 7 days bathroom lobby smeels urine swimming pool area smells urine also beach chairs filthy pay 2 euros swimming pool towel used get charged drinks took room fridge sign book stating pay drinks additional cost free 2 adults 1 special child room payed extra money room size since son uses wheel chair
573,English,New Delhi,"The Ashok, New Delhi",Excellent n brilliant,There was leakage from glass shield in shower,9.0,POS,0,,False,False,excellent n brilliant leakage glass shield shower
446,English,Madrid,Catalonia Gran Vía Madrid,It was a nice property the room was nice and clean.,"I told the hotel I was bringing two small dogs and they said they welcome dogs and there would be a small surcharge. When I checked in they said we don’t accept two dogs in a room. He had to go and speak to his manager and came back and said they could stay and the surcharge was €25 per dog per night! That’s not a small surcharge and I was fuming. I showed the email to them and pointed out €50 per night is not a small surcharge. I was close to asking for him to cancel the booking and going to find another hotel. I also asked on the email about parking and they told me there was a car park around the corner and there was a small charge. That was €30!!!
I felt like I had been shaken down by thieves.",3.0,NEG,0,,False,False,nice property room nice clean told hotel bringing two small dogs said welcome dogs would small surcharge checked said accept two dogs room go speak manager came back said could stay surcharge 25 per dog per night small surcharge fuming showed email pointed 50 per night small surcharge close asking cancel booking going find another hotel also asked email parking told car park around corner small charge 30 felt like shaken thieves
435,English,Madrid,NH Barajas Airport,The restaurant food and staff were extremely good. The front desk staff on arrival were polite but on leaving they barely looked at me and were busy showing each other computer transactions,That I had a heavy suitcase and I was given a room that you needed to climb 5 steps to. The bed was so tightly made that when you tried to get the top sheet open the bottom sheet all comes out. The aircon during the night had reversed itself to heat mode and the room was an uncomfortable 26c when I woke up. The room was right next to the entrance and therefore very noisy. There was no stand to open the suitcase onto.,3.0,NEG,0,,False,False,restaurant food staff extremely good front desk staff arrival polite leaving barely looked busy showing computer transactions heavy suitcase given room needed climb 5 steps bed tightly made tried get top sheet open bottom sheet comes aircon night reversed heat mode room uncomfortable 26c woke room right next entrance therefore noisy stand open suitcase onto
686,English,Paris,Courtyard by Marriott Paris Gare de Lyon,"Courtyard Marriott boasts of a strategic location close to the Gare de Lyon station, making commuting a bit easier.","Although the location is convenient, I found this Marriott underwhelming. My room felt sterile, lacking the ambiance typically associated with Paris. Noise levels from the street were noticeably high, disrupting sleep at night. The room service was also somewhat lacking, with several requests for simple amenities going ignored or delayed. The breakfast was also a letdown, as it was overpriced for the quality and variety provided. Lastly, the Wi-Fi connection was perpetually slow and unstable.",4.0,NEG,1,English(Chinese),False,False,courtyard marriott boasts strategic location close gare de lyon station making commuting bit easier although location convenient found marriott underwhelming room felt sterile lacking ambiance typically associated paris noise levels street noticeably high disrupting sleep night room service also somewhat lacking several requests simple amenities going ignored delayed breakfast also letdown overpriced quality variety provided lastly wi fi connection perpetually slow unstable
885,English,Seoul,Hotel Skypark Dongdaemun I,,They make you pay for extra pillow !!!!,4.0,NEG,0,,True,False,make pay extra pillow
478,English,Madrid,Emperador,"The location was excellent, being in close proximity to Gran Via.","The room was very outdated, in desperate need of refurbishment. Furthermore, the staff were not as friendly or helpful as I would expect from a hotel of this reputation.",4.0,NEG,1,Romanian,False,False,location excellent close proximity gran via room outdated desperate need refurbishment furthermore staff friendly helpful would expect hotel reputation
138,English,Beijing,"Holiday Inn Express Beijing Temple of Heaven, an IHG Hotel",,"i did not get following treatment after i asking
• Welcome drinks on arrival date
• Elegant small gifts
how come ??
it did not match the mail say, i feel cheated",4.0,NEG,0,,True,False,get following treatment asking welcome drinks arrival date elegant small gifts come match mail say feel cheated
182,English,Beijing,Peking Youth Hostel,This hostel has a very convenient location near Tiananmen square and the Forbidden city. The staff was friendly and the free pancakes for breakfast were a nice touch.,The rooms could use some updating and the bathrooms weren't the cleanest.,7.0,POS,1,German,False,False,hostel convenient location near tiananmen square forbidden city staff friendly free pancakes breakfast nice touch rooms could use updating bathrooms cleanest
350,English,Bucharest,Vitan ApartHotel,"The hotel is situated in a quiet part of the city. Room service was punctual and staff were very polite and respectful, food was very good and wide variety of choices.","The Wi-fi signal was a little bit weak in my room, I believe this can be improved.",8.0,POS,1,German,False,False,hotel situated quiet part city room service punctual staff polite respectful food good wide variety choices wi fi signal little bit weak room believe improved
77,English,Ankara,Güvenay Business Hotel,"Deluxe room itself have a lot of space, good breakfast. Location is ok, parks are right next to it.","Personnel is not smiling and welcoming except 1 person at reception, poor English. Breakfast served with poker face - not nice. 1st room that was given didn't have balcony, even though should as per room description, room was changed to the other that was smoking room. Wifi doesn't work, had to cancel the rest of the stay because couldn't work (funny that it is business hotel). Towels were placed in the bathroom with a big hole in the middle of it.",4.0,NEG,0,,False,False,deluxe room lot space good breakfast location ok parks right next personnel smiling welcoming except 1 person reception poor english breakfast served poker face nice 1st room given balcony even though per room description room changed smoking room wifi work cancel rest stay work funny business hotel towels placed bathroom big hole middle
428,English,Madrid,Eurostars Madrid Tower,Panoramic views of Madrid from high floors are stunning.,"The overall hotel experience was disappointing as the rooms were dated and not as clean as expected. The food variety at the breakfast was limited, and the customer service was lacking in attention and hospitality. Moreover, the location is not ideal, as it is quite far from the city center.",3.0,NEG,1,Italian,False,False,panoramic views madrid high floors stunning overall hotel experience disappointing rooms dated clean expected food variety breakfast limited customer service lacking attention hospitality moreover location ideal quite far city center
774,English,Rome,Alpi Hotel,"The Alpi Hotel in Rome is a lovely place to stay. Brilliant location, very close to Termini Station which was perfect for us. A very warm welcome on arrival, a lovely clean room with a small but neat bathroom, and a delicious breakfast with lots of choice.","Minor inconvenience, the pillows were a tad bit hard for my liking, but that's a personal preference.",8.0,POS,1,English(Chinese),False,False,alpi hotel rome lovely place stay brilliant location close termini station perfect us warm welcome arrival lovely clean room small neat bathroom delicious breakfast lots choice minor inconvenience pillows tad bit hard liking personal preference
367,English,Bucharest,Hotel Michelangelo,The employees were friendly. The art was interesting.,"There was mold in the bathroom.
The employees were nice and offered to clean it, but even afterwards there was mold left in the shower.",3.0,NEG,0,,False,False,employees friendly art interesting mold bathroom employees nice offered clean even afterwards mold left shower
707,English,Rome,Hotel 77 Seventy-Seven - Maison D'Art Collection,,"As the pictures show-a spa was one of the reasons we chose hotel, however we were put into rooms across the road from main hotel which we complained about as the stench from the drains was not acceptable and finally moved after 2 night of our stay. The steam room and salt rooms were not working at all. All in all a disappointment.",3.0,NEG,0,,True,False,pictures show spa one reasons chose hotel however put rooms across road main hotel complained stench drains acceptable finally moved 2 night stay steam room salt rooms working disappointment
321,English,Bucharest,Central Guesthouse,"Stayed here for a few nights and found it to be a very comfortable and welcoming space. The location is perfect, right in the center of Bucharest. The breakfast that was included with the room was delightful and offered a good selection.",The only downside is that it can be a bit noisy at night due to its central location.,8.0,POS,1,English(Turkish),False,False,stayed nights found comfortable welcoming space location perfect right center bucharest breakfast included room delightful offered good selection downside bit noisy night due central location
841,English,Seoul,LOTTE City Hotel Myeongdong,"Great location everything within walking palaces,Tower,",Nothing,9.0,POS,0,,False,False,great location everything within walking palaces tower nothing
312,English,Bucharest,"The Marmorosch Bucharest, Autograph Collection","A wide selection of pre-made food is available at the buffets, and additionally, you can order several breakfast dishes from the menu. The waitstaff service is of the highest level.",Unnecessary daily towel change despite information about the green policy. We don't like this.,9.0,POS,0,,False,False,wide selection pre made food available buffets additionally order several breakfast dishes menu waitstaff service highest level unnecessary daily towel change despite information green policy like
813,English,Seoul,Hamilton Hotel,"Lovely staff and welcoming environment. 
The beds were very comfortable and rooms were very clean.",I felt that the breakfast could be better.,9.0,POS,0,,False,False,lovely staff welcoming environment beds comfortable rooms clean felt breakfast could better
323,English,Bucharest,Central Guesthouse,"Central Guesthouse in Bucharest was a blissful stay. The location of this hotel is simply exemplary with easy access to the city centre and public transportation. The rooms were spotless, and the staff members were accommodating and warm, providing excellent service day in and day out. Furthermore, the complimentary continental breakfast was of high quality and varied, providing a great start to our day exploring Bucharest.","Very minor issue, but the wifi signal was occasionally weak in our room. The management team, however, promptly offered to fix this when raised.",9.0,POS,1,German,False,False,central guesthouse bucharest blissful stay location hotel simply exemplary easy access city centre public transportation rooms spotless staff members accommodating warm providing excellent service day day furthermore complimentary continental breakfast high quality varied providing great start day exploring bucharest minor issue wifi signal occasionally weak room management team however promptly offered fix raised
55,English,Ankara,Esila Hotel,The only positive thing about Esila Hotel was its proximity to the city center.,"However, I am deeply disappointed with my stay at Esila Hotel, Ankara. The quality of the services offered was incredibly poor. The rooms were not clean, cluttered and had an unpleasant smell. To make matters worse, the hotel staff were not friendly and the language barrier made communication very difficult. The food was not tasty and lacked variety. Given these issues, I would not recommend Esila Hotel to other tourists.",2.0,NEG,1,Russian,False,False,positive thing esila hotel proximity city center however deeply disappointed stay esila hotel ankara quality services offered incredibly poor rooms clean cluttered unpleasant smell make matters worse hotel staff friendly language barrier made communication difficult food tasty lacked variety given issues would recommend esila hotel tourists
255,English,Berlin,Ballhaus Berlin Hostel,"The accessibility of the Ballhaus Berlin Hostel was commendable; it was conveniently nestled near an U-bahn station which did make transport easier. The historical charm of the building itself was also noteworthy, preserving a distinct piece of Berlin's past.","However, there were a number of shortcomings that were hard to ignore. The advertised common kitchen was practically non-functional as it lacked the most basic appliance: a stove. This came as quite a disappointment as I had intended to prepare my own meals during my stay. Additionally, the presence of the reception staff was alarmingly sparse - in my three-day stay, I encountered them only once. This lack of assistance and guidance was rather unfortunate. Perhaps what marred the experience most was the unwelcoming atmosphere that loomed in the place - it felt as though the place was more concerned with imposing liabilities rather than fostering a homely, welcoming environment. I also left my stay with an unpleasant infestation of fleas.",3.0,NEG,1,English(French),False,False,accessibility ballhaus berlin hostel commendable conveniently nestled near u bahn station make transport easier historical charm building also noteworthy preserving distinct piece berlin past however number shortcomings hard ignore advertised common kitchen practically non functional lacked basic appliance stove came quite disappointment intended prepare meals stay additionally presence reception staff alarmingly sparse three day stay encountered lack assistance guidance rather unfortunate perhaps marred experience unwelcoming atmosphere loomed place felt though place concerned imposing liabilities rather fostering homely welcoming environment also left stay unpleasant infestation fleas
90,English,Ankara,Raymar Hotels Ankara,"Extremely comfortable beds, excellent breakfast buffet, and very friendly and helpful staff.",The gym was a bit limited in terms of equipment.,8.0,POS,1,English(Italian),False,False,extremely comfortable beds excellent breakfast buffet friendly helpful staff gym bit limited terms equipment
935,English,Washington,State Plaza Hotel,"Parking was comfortable, location is great maybe except the homeless camp across the street which didn't really bother us.","Rooms are extremely old. Major renovation is urgently needed. With current condition of the hotel, it's not realistic to expect any positive experience from this hotel.",4.0,NEG,0,,False,False,parking comfortable location great maybe except homeless camp across street really bother us rooms extremely old major renovation urgently needed current condition hotel realistic expect positive experience hotel
625,English,Paris,Hotel Nation Montmartre,"The location was convenient, close to metro stations.","The room was incredibly small, barely enough room to walk around the bed. The bathroom was in need of a good renovation and deep clean; tiles were cracked and grout was stained. Noise from nearby bars made it difficult to have a good night's sleep. Staff seemed uninterested and customer service was lacking.",3.0,NEG,1,English(Romanian),False,False,location convenient close metro stations room incredibly small barely enough room walk around bed bathroom need good renovation deep clean tiles cracked grout stained noise nearby bars made difficult good night sleep staff seemed uninterested customer service lacking
209,English,Berlin,AMANO East Side,"Excellent buffet breakfast, with good choice of hot and cold dishes. Breakfast room staff were helpful and
friendly. Liked the outside space by breakfast room, and a large lounge room on ground floor, both good for our
family groups to meet and greet. Comfortable bed.","The room was unpleasant. Black walls, smoked mirrors, large window's possible light deadened by fine mesh covering outside. Very poor, dim lighting. Useless shelf, too narrow for writing or laptop. Stool but no chair. Very limited clothes storage (was there for five nights). Shower room tiny, again black and white, with poor mirror and light. Best place to make up was in hotel lift, with bright lights and decent mirror. 
The bars were mostly closed to guests because of private parties and it was difficult to get a drink. At night the music noise made it necessary to close the window to get to sleep.",3.0,NEG,0,,False,False,excellent buffet breakfast good choice hot cold dishes breakfast room staff helpful friendly liked outside space breakfast room large lounge room ground floor good family groups meet greet comfortable bed room unpleasant black walls smoked mirrors large window possible light deadened fine mesh covering outside poor dim lighting useless shelf narrow writing laptop stool chair limited clothes storage five nights shower room tiny black white poor mirror light best place make hotel lift bright lights decent mirror bars mostly closed guests private parties difficult get drink night music noise made necessary close window get sleep
589,English,New Delhi,Andaz Delhi Aerocity- Concept by Hyatt,Food was excellent,"We were provided room on the 6th floor, the AC was not working in the room, even after multiple complaints not much was done, after one hour our room was changed and we were given a room on 4th floor. I was traveling with my family and we had booked 2 rooms, one was higher category than the other and the higher category had the AC issue. Then I was asked at the time of checking the reason for our stay and told them that it was my Dad's birthday, they said that they will arrange something at the time of out checkout the next day which never happened. I mean atleast don't promise if you can't do it, I didn't expect it in the first place. We wanted to go to the Italian restaurant and the way was really confusing and at one point we had to cross the entrance of Khubani and I must say the entry staff of Khubani are the rudest people we have met, they asked us to go all the way out to cross the path as it was their property, we tried telling them nicely that we just needed to cross and in no way we are entering Khubani, it's just the path we need to cross but the female staff was literally yelling at us. We felt highly insulted, finally one staff let us go, my sister was about to cry. It was by far my worst experience, your staff is roaming around like headless chickens, and Khubani (if it is Part of your property or not) should have more courteous staff, their behavior was uncalled for. One more thing even after confirming that the food bill can be posted on the room, your coffeeshop guys did not agree and I had to settle the bill right then and there, ideally no issue for me to settle the bill, but it just created a weird atmosphere when i am hosting the dinner.",4.0,NEG,0,,False,False,food excellent provided room 6th floor ac working room even multiple complaints much done one hour room changed given room 4th floor traveling family booked 2 rooms one higher category higher category ac issue asked time checking reason stay told dad birthday said arrange something time checkout next day never happened mean atleast promise expect first place wanted go italian restaurant way really confusing one point cross entrance khubani must say entry staff khubani rudest people met asked us go way cross path property tried telling nicely needed cross way entering khubani path need cross female staff literally yelling us felt highly insulted finally one staff let us go sister cry far worst experience staff roaming around like headless chickens khubani part property courteous staff behavior uncalled one thing even confirming food bill posted room coffeeshop guys agree settle bill right ideally issue settle bill created weird atmosphere hosting dinner
624,English,Paris,Hotel Nation Montmartre,"clean, comfortable and relatively spacious room - great value for money. Friendly helpful staff. Thank you Joy and Lucas!!",location felt a little unsafe at night,9.0,POS,0,,False,False,clean comfortable relatively spacious room great value money friendly helpful staff thank joy lucas location felt little unsafe night
72,English,Ankara,Güvenay Business Hotel,"Good restaurant, close to railway station",-,9.0,POS,0,,False,False,good restaurant close railway station
787,English,Rome,Exe International Palace,"The location is excellent and staff were helpful. Ours was a single-night, emergency stay, so we didn't look about the hotel so have nothing to say on the facilities.",Our room smelt rather bad and there's clearly a history of water staining on the walls in places.,4.0,NEG,0,,False,False,location excellent staff helpful single night emergency stay look hotel nothing say facilities room smelt rather bad clearly history water staining walls places
410,English,Madrid,Riu Plaza España,"The hotel's location is perfect, only a couple of minutes walk from the Gran Via. The staff were very friendly and helpful and the room was kept clean during our entire stay. The rooftop view is absolutely breathtaking.","The hotel's stunning rooftop bar and pool area does get crowded, but it's worth it for the view. A reservation system could improve the experience.",8.0,POS,1,English(Romanian),False,False,hotel location perfect couple minutes walk gran via staff friendly helpful room kept clean entire stay rooftop view absolutely breathtaking hotel stunning rooftop bar pool area get crowded worth view reservation system could improve experience
285,English,Berlin,Estrel Berlin,"Spacy rooms, good starting point for exploring, very close to s bahn.",The lock key was not working. They gave us another room after two days of trying to solve the problem. Very unpleasent staff. Just one of them. Others were very nice and helpful. That specific one gave a bitter taste on stay in this hotel. She was arguing instead of solving the problem. Others were totally different.,3.0,NEG,0,,False,False,spacy rooms good starting point exploring close bahn lock key working gave us another room two days trying solve problem unpleasent staff one others nice helpful specific one gave bitter taste stay hotel arguing instead solving problem others totally different
218,English,Berlin,BlnCty Hotel,"Good location, near metro and bus stops, bakeries nearby. Food delivery possible. Comfortable beds. Sponges, soap, dish detergent and laundry detergent were supplied. Free secured parking in underground parking lot.","Very thin walls, could hear all the neighbors speaking, even yelling until late in the night; we had to go knock on their door around 2 a.m. and ask them to make less noise. Upstairs, there was what sounded like, work being done, we could hear the furniture being moved and hammering etc. Even if the building was being renovated at this moment, this type of work should be done during the day! Also, we were on the fourth floor, with a small child, the railings are very low and I do not recommend this to any family travelling with small children, as they could easily fall through and down 4 stories... Also do not recommend to anyone who is afraid of heights.",4.0,NEG,0,,False,False,good location near metro bus stops bakeries nearby food delivery possible comfortable beds sponges soap dish detergent laundry detergent supplied free secured parking underground parking lot thin walls could hear neighbors speaking even yelling late night go knock door around 2 ask make less noise upstairs sounded like work done could hear furniture moved hammering etc even building renovated moment type work done day also fourth floor small child railings low recommend family travelling small children could easily fall 4 stories also recommend anyone afraid heights
353,English,Bucharest,Vitan ApartHotel,"The apartment was spacious and clean, with a modern design. The kitchen was fully equipped which was great for self-catering.","Perhaps the location is not the best as it's a little far from the city centre, but transportation options were available.",8.0,POS,1,Spanish,False,False,apartment spacious clean modern design kitchen fully equipped great self catering perhaps location best little far city centre transportation options available
866,English,Seoul,Stay Hotel Gangnam,Convenient location,"Rooms are small and did not feel clean. Air conditioning was unreliable, turning off in the middle of the night making it impossible to sleep. The staff was not very helpful and had difficult times understanding and speaking English. The breakfast was limited.",2.0,NEG,1,English(Turkish),False,False,convenient location rooms small feel clean air conditioning unreliable turning middle night making impossible sleep staff helpful difficult times understanding speaking english breakfast limited
859,English,Seoul,"Four Points by Sheraton Josun, Seoul Station",Location was the only plus point.,The bidet didnt work. The international plug was not working. The room allocated to me 2701 was meant for 1 guest only.,4.0,NEG,0,,False,False,location plus point bidet didnt work international plug working room allocated 2701 meant 1 guest
384,English,Bucharest,AT Central Apartments,"The AT Central Apartments was a treat to stay at during my visit to Bucharest. Being centrally located, it was convenient with plenty of restaurants and sites nearby. The apartments were clean, spacious, and well-equipped for long stays. The staff was friendly and always on hand to help with any needs or queries.",Not much to put in here - was genuinely a great stay!,9.0,POS,1,English(German),False,False,central apartments treat stay visit bucharest centrally located convenient plenty restaurants sites nearby apartments clean spacious well equipped long stays staff friendly always hand help needs queries much put genuinely great stay
131,English,Beijing,"Holiday Inn Express Beijing Temple of Heaven, an IHG Hotel",,business centre was too costly,9.0,POS,0,,True,False,business centre costly
738,English,Rome,NH Roma Villa Carpegna,Free parking,"Old fashioned decor, out-dated facilities, rude staff, untidy common areas and distant location from the city center",2.0,NEG,1,English(German),False,False,free parking old fashioned decor dated facilities rude staff untidy common areas distant location city center
524,English,New Delhi,UDS Villa - Scandinavian B&B,A cozy and comfortable place with homely touch,,8.0,POS,1,Turkish,False,True,cozy comfortable place homely touch
496,English,Madrid,Generator Madrid,Central location with nearby local cuisine,Excessive noise and lack of cleanliness,2.0,NEG,1,English(Turkish),False,False,central location nearby local cuisine excessive noise lack cleanliness
645,English,Paris,Hôtel Lodge In Paris 13,none,"all, except the subway station proximityNo good sleep",4.0,NEG,0,,False,False,none except subway station proximityno good sleep
705,English,Rome,Hotel 77 Seventy-Seven - Maison D'Art Collection,"The hotel is in a good location, close to lots of eateries and attractions.","Unfortunately, this stay was not up to par. Firstly, the cleanliness of the hotel was questionable - the bed linen was not fresh and the bathroom area had a faint odor. Secondly, the so-called included 'breakfast' consisted of just pre-packaged items. This did not match what was described online. Lastly, the service was disappointing. Staff members were not proactive in handling complaints and inquiries. This made the stay quite uncomfortable.",4.0,NEG,1,English(Italian),False,False,hotel good location close lots eateries attractions unfortunately stay par firstly cleanliness hotel questionable bed linen fresh bathroom area faint odor secondly called included breakfast consisted pre packaged items match described online lastly service disappointing staff members proactive handling complaints inquiries made stay quite uncomfortable
550,English,New Delhi,FabHotel White Klove Paharganj,"The rooms were clean, cozy and well-equipped. The hotel offers a fantastic in-house restaurant with a variety of delicious dishes.",Location could have been better with more amenities or attractions nearby.,8.0,POS,1,Turkish,False,False,rooms clean cozy well equipped hotel offers fantastic house restaurant variety delicious dishes location could better amenities attractions nearby
909,English,Washington,Generator Hotel Washington DC,"Well decorated, in line with the overall brand at all other locations, comfortable beds. Good lobby and coffee shop. Not central but walking distance to tourist or metro areas.",Employees are stealing personal property/electronics and its not being taken seriously by management despite credible evidence. Makes me wonder what else management is allowing.,3.0,NEG,0,,False,False,well decorated line overall brand locations comfortable beds good lobby coffee shop central walking distance tourist metro areas employees stealing personal property electronics taken seriously management despite credible evidence makes wonder else management allowing
598,English,New Delhi,Bloomrooms @ New Delhi Railway Station,The staff were friendly,The hotel was extremely noisy due to its close proximity to the train station. The room was also lacking some basic amenities and the hygiene standards were quite disappointing.,4.0,NEG,1,German,False,False,staff friendly hotel extremely noisy due close proximity train station room also lacking basic amenities hygiene standards quite disappointing
716,English,Rome,The Hive Hotel,Location was good! Could walk to most landmarks easily. Very close to termini station too,"This hotel definitely isn’t 4*. None of the electrics in our room worked during our stay and then on the last night our tv stopped working too. No free water (and it was 40 degrees most days) and you have to pay extra to use their facilities e.g. gym which really should be included in the price. The area in which the hotel is situated is disgusting, so much rubbish everywhere and not nice to walk at night as lots of homeless around. We won’t be coming back",4.0,NEG,0,,False,False,location good could walk landmarks easily close termini station hotel definitely 4 none electrics room worked stay last night tv stopped working free water 40 degrees days pay extra use facilities e g gym really included price area hotel situated disgusting much rubbish everywhere nice walk night lots homeless around coming back
768,English,Rome,Hotel 55 Fifty-Five - Maison d'Art Collection,The location is incredible. The actual rooms were spacious and well decorated.,"The room I was given faced the Main Street and it was impossible to sleep with the sounds of pedestrians screaming and singing from midnight until dawn when trash collectors could be heard emptying bins down bellow. 
Additionally they only seem to staff one person in the evenings and this individual would be inundated with complaints from other hotel guests. There wasn’t one evening during my stay that I didn’t walk into the lobby to witness some angry shouting for some reason or other.",3.0,NEG,0,,False,False,location incredible actual rooms spacious well decorated room given faced main street impossible sleep sounds pedestrians screaming singing midnight dawn trash collectors could heard emptying bins bellow additionally seem staff one person evenings individual would inundated complaints hotel guests one evening stay walk lobby witness angry shouting reason
436,English,Madrid,NH Barajas Airport,Proximity to the airport was convenient,"Room was not clean, furniture was outdated and uncomfortable, and there was disturbing noise from the hallway",3.0,NEG,1,Spanish,False,False,proximity airport convenient room clean furniture outdated uncomfortable disturbing noise hallway
630,English,Paris,Adveniat Paris,"The Adveniat Paris is an absolute gem nestled in the heart of the city. From the moment we arrived, the staff was attentive, courteous, and went out of their way to ensure our stay was nothing short of perfect. Our room had a stunning view of the city and was immaculate and comfortable. Breakfast was a highlight, with a fantastic selection of fresh food","While we appreciated the charm of the older building, this also meant the elevator was quite small - a minor drawback in an otherwise outstanding hotel.",8.0,POS,1,English(Chinese),False,False,adveniat paris absolute gem nestled heart city moment arrived staff attentive courteous went way ensure stay nothing short perfect room stunning view city immaculate comfortable breakfast highlight fantastic selection fresh food appreciated charm older building also meant elevator quite small minor drawback otherwise outstanding hotel
19,English,Ankara,Hotel Cinnah,nothing,"small room, poor lights in room. 
requested tissue in the room but zero response.",3.0,NEG,0,,False,False,nothing small room poor lights room requested tissue room zero response
810,English,Seoul,Hamilton Hotel,"Location perfect near by restaurant, cafe, train station, beauty store, convenience stores",Too noisy during weekend,10.0,POS,0,,False,False,location perfect near restaurant cafe train station beauty store convenience stores noisy weekend
684,English,Paris,Courtyard by Marriott Paris Gare de Lyon,"Modern and beautifully done. Very clean. Great hairdryer. Really nice products in the bathroom (shampoo, conditioner, shower gel & moisturiser). Brilliant breakfast. Great for the kids -they had a play area with games (connect 4 and chess). The staff were good and gave the kids little treats (chocolate bars). Great location right by the metro and great if you are travelling onwards from Gare de Lyon.
We also paid for the view and loved seeing the Eiffel Tower throughout the day and night.",This is nitpicking but very minor gripe about the shower screen not completely stopping water going on the floor.,9.0,POS,0,,False,False,modern beautifully done clean great hairdryer really nice products bathroom shampoo conditioner shower gel moisturiser brilliant breakfast great kids play area games connect 4 chess staff good gave kids little treats chocolate bars great location right metro great travelling onwards gare de lyon also paid view loved seeing eiffel tower throughout day night nitpicking minor gripe shower screen completely stopping water going floor
165,English,Beijing,"Holiday Inn Temple Of Heaven Beijing, an IHG Hotel","Good access to public transportation, making travel around the city easier.","The room was outdated and somewhat dirty. Free WiFi was very slow and frequently disconnected. Though the staff was polite, they seemed fairly inexperienced and struggled to adequately address issues.",3.0,NEG,1,English(German),False,False,good access public transportation making travel around city easier room outdated somewhat dirty free wifi slow frequently disconnected though staff polite seemed fairly inexperienced struggled adequately address issues
932,English,Washington,State Plaza Hotel,Every thing,The few stairs to the elevator???,10.0,POS,0,,False,False,every thing stairs elevator
14,English,Ankara,Hotel Cinnah,,"A little dark inside the room, better to add an additional light bulb",9.0,POS,0,,True,False,little dark inside room better add additional light bulb
785,English,Rome,Exe International Palace,I liked the location,"EVERYTHING INSIDE THE HOTEL!! I DISLIKED!!
Very old, DIRTY, old beds, bad food, dirty bathrooms,
Dirty rugs, the attention at the lobby bad!! WONT RECOMMEND IT!!",4.0,NEG,0,,False,False,liked location everything inside hotel disliked old dirty old beds bad food dirty bathrooms dirty rugs attention lobby bad wont recommend
615,English,Paris,Motel One Paris-Porte Dorée,The rooms were nice,There was a leaking floor which I found quite dangerous. And nothing was done about it just a cautious sign out there,3.0,NEG,0,,False,False,rooms nice leaking floor found quite dangerous nothing done cautious sign
293,English,Berlin,Generator Berlin Mitte,"Lovely, modern hotel in a great location. Rooms are spacious and cleaned daily and the food at the on-site restaurant is really good. Staff were all very friendly and helpful too.",Limited parking available. It would be better if there were more options.,8.0,POS,1,English(Chinese),False,False,lovely modern hotel great location rooms spacious cleaned daily food site restaurant really good staff friendly helpful limited parking available would better options
266,English,Berlin,Hotel Vivaldi Berlin am Kurfürstendamm,Located near a S-Bahn Station,,4.0,NEG,0,,False,True,located near bahn station
354,English,Bucharest,Vitan ApartHotel,"My stay at Vitan ApartHotel in Bucharest was nothing short of fantastic. The room was very clean and spacious, with all necessary amenities at my disposal. The homely atmosphere and the cordial staff made my stay even more pleasant. The location was perfect, within walking distance to many tourist attractions, restaurants, and shops.","The only minor downside was that the street noise was a bit loud at times, but it's a small price to pay for the convenience of the location.",9.0,POS,1,Russian,False,False,stay vitan aparthotel bucharest nothing short fantastic room clean spacious necessary amenities disposal homely atmosphere cordial staff made stay even pleasant location perfect within walking distance many tourist attractions restaurants shops minor downside street noise bit loud times small price pay convenience location
556,English,New Delhi,FabHotel White Klove Paharganj,"The location was convenient, easy to access various spots in the city.","However, the service was not up to the mark. Internet connection was poor and there was a persistent unpleasant smell in the room.",3.0,NEG,1,Korean,False,False,location convenient easy access various spots city however service mark internet connection poor persistent unpleasant smell room
629,English,Paris,Hotel Nation Montmartre,"Located in a decent distance from public transport, making it fairly accessible to get around the city.","Hotel Nation Montmartre severely lacks in cleanliness and customer service. Stains were evident on the sheets and towels. The Wi-Fi was practically non-existent, making it difficult to plan out our daily excursions. The noise from the street was quite loud, causing disruptions during the night. Staff was mostly unresponsive to issues and concerns, creating an unwelcoming atmosphere. Sadly, I would not recommend this hotel to other tourists visiting Paris due to these issues.",2.0,NEG,1,English(Russian),False,False,located decent distance public transport making fairly accessible get around city hotel nation montmartre severely lacks cleanliness customer service stains evident sheets towels wi fi practically non existent making difficult plan daily excursions noise street quite loud causing disruptions night staff mostly unresponsive issues concerns creating unwelcoming atmosphere sadly would recommend hotel tourists visiting paris due issues
949,English,Washington,Courtyard by Marriott Washington Downtown/Convention Center,Central location,"Room service was poor, they left our room without being cleaned a few times",4.0,NEG,1,Chinese,False,False,central location room service poor left room without cleaned times
26,English,Ankara,New Park Hotel,Hotel was in a generally good location,Rooms were outdated and not as clean as they should have been. Staff was not very responsive to concerns.,3.0,NEG,1,Spanish,False,False,hotel generally good location rooms outdated clean staff responsive concerns
792,English,Rome,Hotel Villa Pamphili Roma,"The peacefulness of the hotel and the room comfort particularly caught my attention. The hotel is in a quiet area surrounded by nature, away from the hustle and bustle of the city center. It's an excellent choice for travelers looking for peace and relaxation. The rooms are modern and spacious and provide a beautiful view over the park. The pool area is enjoyable and well-maintained. The hotel staff was incredibly courteous and went out of their way to assist us through our stay.",The location is a bit far from the city center and there isn't much to do around the immediate vicinity of the hotel. You need to take a bus to get to the nearest metro station. This makes the hotel less ideal for those who wish to be within walking distance of the major points of interest.,8.0,POS,1,Russian,False,False,peacefulness hotel room comfort particularly caught attention hotel quiet area surrounded nature away hustle bustle city center excellent choice travelers looking peace relaxation rooms modern spacious provide beautiful view park pool area enjoyable well maintained hotel staff incredibly courteous went way assist us stay location bit far city center much around immediate vicinity hotel need take bus get nearest metro station makes hotel less ideal wish within walking distance major points interest
438,English,Madrid,NH Barajas Airport,"The hotel's location is conveniently close to the airport, with a free shuttle running throughout the day.","The rooms are dated and unclean, there seem to be issues with the temperature control, it was uncomfortably warm during my stay. Additionally, the staff seems to be uninterested in providing quality service; they take ages to respond to requests. Lastly, the noise from the airplanes made it almost impossible to sleep.",2.0,NEG,1,English(Spanish),False,False,hotel location conveniently close airport free shuttle running throughout day rooms dated unclean seem issues temperature control uncomfortably warm stay additionally staff seems uninterested providing quality service take ages respond requests lastly noise airplanes made almost impossible sleep
58,English,Ankara,Esila Hotel,The location was decent and the neighborhood seemed generally safe.,"The room was decidedly grubby, with visible stains on the sheets and cobwebs in the corners. The bathroom fixtures were ageing and the shower had very weak water pressure, making it difficult to wash properly. The breakfast was bland and lacked variety. Plus, service quality was very inconsistent; some staff members were polite and helpful, while others were standoffish and rude. Overall, the hotel doesn't offer good value for the price.",3.0,NEG,1,Italian,False,False,location decent neighborhood seemed generally safe room decidedly grubby visible stains sheets cobwebs corners bathroom fixtures ageing shower weak water pressure making difficult wash properly breakfast bland lacked variety plus service quality inconsistent staff members polite helpful others standoffish rude overall hotel offer good value price
855,English,Seoul,"Four Points by Sheraton Josun, Seoul Station",The location is convenient being close to Seoul Station. It is also walking distance from Namdaemun market and the Lotte Outlet.,"The room itself lacked the standard cleanliness I've come to expect from a Four Points hotel. The carpet was dirty and gave off an unpleasant odor. The bathroom fixtures were outdated and in desperate need of an upgrade or at the very least, a proper cleaning and maintenance. The staff, while not rude, were not warm or welcoming either. Breakfast service was subpar with a lack of variety and poorly prepared meals. Noise from the nearby roads and train station also made it difficult to get a peaceful night's sleep. There was also a lack of English speaking staff which can be a problem for international guests.",3.0,NEG,1,Russian,False,False,location convenient close seoul station also walking distance namdaemun market lotte outlet room lacked standard cleanliness come expect four points hotel carpet dirty gave unpleasant odor bathroom fixtures outdated desperate need upgrade least proper cleaning maintenance staff rude warm welcoming either breakfast service subpar lack variety poorly prepared meals noise nearby roads train station also made difficult get peaceful night sleep also lack english speaking staff problem international guests
932,English,Washington,State Plaza Hotel,"The State Plaza Hotel in Washington offers a marvelous location close to all important tourist destinations and a sense of peace and tranquility despite being in the heart of the city. The staff are friendly and attentive, and the hotel's restaurant offers a delicious breakfast spread every morning. The spacious rooms are impeccably kept and equipped with everything you could need for a comfortable stay.","One minor complaint would be that the coffee provided in the room could be of better quality. Also, I noticed that the Wi-Fi connection was a bit unstable at times.",8.0,POS,1,English(Turkish),False,False,state plaza hotel washington offers marvelous location close important tourist destinations sense peace tranquility despite heart city staff friendly attentive hotel restaurant offers delicious breakfast spread every morning spacious rooms impeccably kept equipped everything could need comfortable stay one minor complaint would coffee provided room could better quality also noticed wi fi connection bit unstable times
319,English,Bucharest,"The Marmorosch Bucharest, Autograph Collection","Hotel location is very good.
Hotel rooms are really good. We stayed in suite with balcony.
Breakfast was very good.
Bar stuff and restaurant were super friendly and helpful. I would like to point out Ukrainian girl in the bar and Marian the head waiter. 
Gabriel,who helped us with bags was very friendly and during our stay would greet us and have a lovely chat with us !","I have stayed in so many 5 star hotels but I have never met such a bad reception and concierge stuff in my all travels!
We stayed from Friday till late Monday afternoon.
When we arrived receptionist was cold and unfriendly , we just did not feel welcomed.
When we went to our room (we stayed in suite with balcony) and saw a greeting card and fruit platter and cake platter . When we looked opened the greeting card we say that it was intended for a totally different customer Mr. X and it looked that the gift platter wasn't fresh anyway so I am guessing no one bothered to clean it up from previous stay? 
When we walked down to the reception and gave reception guy this card he took it laughed ,told its not for us and did not even apologies. By the time we came back to our room in early evening to get ready, fruit platter was taken away. I guess that we were not as Important as previous person so we did not get any greeting card or fruit platter. 
On Saturday morning, when we were getting ready to head out I noticed that we did not have any tea spoons or tea bags in our room. When I walked and asked reception that we are missing basic things in our room he promised it will be delivered, again no apology ,but rather annoyed bothering him. It took them more than 24 hours to delivery two spoons and tea bags to the room, they tried to tell us that they have and we just did not see them and etc, they only delivered after 5 complaints and me loosing my patience ) 
Overall the hotel itself is good (rooms, design, bar) but the reception stuff is absolutely horrible. 
I can only recommend to stay in this hotel if you dont need anything from reception otherwise it will be unpleasant experience.
Our friends are going to Romania soon and we will definitely tell them to stay away from the hotel and just visit the bars within the hotel.",4.0,NEG,0,,False,False,hotel location good hotel rooms really good stayed suite balcony breakfast good bar stuff restaurant super friendly helpful would like point ukrainian girl bar marian head waiter gabriel helped us bags friendly stay would greet us lovely chat us stayed many 5 star hotels never met bad reception concierge stuff travels stayed friday till late monday afternoon arrived receptionist cold unfriendly feel welcomed went room stayed suite balcony saw greeting card fruit platter cake platter looked opened greeting card say intended totally different customer mr x looked gift platter fresh anyway guessing one bothered clean previous stay walked reception gave reception guy card took laughed told us even apologies time came back room early evening get ready fruit platter taken away guess important previous person get greeting card fruit platter saturday morning getting ready head noticed tea spoons tea bags room walked asked reception missing basic things room promised delivered apology rather annoyed bothering took 24 hours delivery two spoons tea bags room tried tell us see etc delivered 5 complaints loosing patience overall hotel good rooms design bar reception stuff absolutely horrible recommend stay hotel dont need anything reception otherwise unpleasant experience friends going romania soon definitely tell stay away hotel visit bars within hotel
370,English,Bucharest,Tomis Garden Aparthotel Bucuresti,"Just outside the city centre, it is easy to commute to all the main attractions but also gives a place to relax from the noisy streets. The staff are great and ready to help. Room was big and comfortable, and breakfast was tasty and fresh.",,10.0,POS,0,,False,True,outside city centre easy commute main attractions also gives place relax noisy streets staff great ready help room big comfortable breakfast tasty fresh
526,English,New Delhi,UDS Villa - Scandinavian B&B,The design was elegant and had traditional Scandinavian charm. The staff was attempting their best to give us a good experience.,"However, the meal offerings were a letdown with poorly cooked dishes. Also, the cleanliness standards of the bedrooms and bathrooms left a lot to be desired. Very disappointing given the premium pricing.",4.0,NEG,1,English(Chinese),False,False,design elegant traditional scandinavian charm staff attempting best give us good experience however meal offerings letdown poorly cooked dishes also cleanliness standards bedrooms bathrooms left lot desired disappointing given premium pricing
65,English,Ankara,Inn 14 Hostel,"a very good location with lots of Bars, cafes and restaurants around","the staff were extremely rude and did not want to help you just wanted your money.
We payed for a laundry service, and it came back stinking of cigarette smoke, we questioned this and denied it and we’re extremely rude to us. No atmosphere and not a social hostel, don’t recommend staying here.",3.0,NEG,0,,False,False,good location lots bars cafes restaurants around staff extremely rude want help wanted money payed laundry service came back stinking cigarette smoke questioned denied extremely rude us atmosphere social hostel recommend staying
712,English,Rome,The Hive Hotel,Everything especially the rooms are big and clean,Nothing,9.0,POS,0,,False,False,everything especially rooms big clean nothing
123,English,Beijing,The Great Wall Hotel Beijing,"Former Sheraton in great location. Not much has changed other than the name, same great service, same great service.",Starting to get a little dated but still quite nice,9.0,POS,0,,False,False,former sheraton great location much changed name great service great service starting get little dated still quite nice
862,English,Seoul,Stay Hotel Gangnam,"I must admit that Stay Hotel Gangnam in Seoul is a fantastic hotel. It's one of the most convenient hotels in the city, easily accessible from many iconic tourist spots. The staff were professional and extremely helpful, always ready to settle any issues with a smile. The rooms were well designed, clean and comfortable, offering a wonderful panoramic view of the city. Last but not the least, the breakfast - it was extensive and appetizing, and had something to cater to everyone's taste.",The hotel has a slightly difficult initial access for the first time visitors due to its location on an uphill. You might need to use a map or take a taxi if you're not familiar with Seoul.,8.0,POS,1,English(Russian),False,False,must admit stay hotel gangnam seoul fantastic hotel one convenient hotels city easily accessible many iconic tourist spots staff professional extremely helpful always ready settle issues smile rooms well designed clean comfortable offering wonderful panoramic view city last least breakfast extensive appetizing something cater everyone taste hotel slightly difficult initial access first time visitors due location uphill might need use map take taxi familiar seoul
89,English,Ankara,ibis Ankara Airport Hotel,The hotel is below average.,Some of the staff are racist and unfriendly,4.0,NEG,0,,False,False,hotel average staff racist unfriendly
697,English,Paris,Sofitel Le Scribe Paris Opera,,"breakfast in a dark basement , and unprofessional staff.
price too high for the quality of the room",4.0,NEG,0,,True,False,breakfast dark basement unprofessional staff price high quality room
435,English,Madrid,NH Barajas Airport,The staff was very pleasant and welcoming. It is convenient near the airport and the hotel provides a free shuttle service.,"The hotel rooms seemed outdated and slightly neglected. The lack of soundproofing resulted in unwanted noise from adjoining rooms and the airport. Also, the Wi-Fi connection was unreliable.",4.0,NEG,1,Korean,False,False,staff pleasant welcoming convenient near airport hotel provides free shuttle service hotel rooms seemed outdated slightly neglected lack soundproofing resulted unwanted noise adjoining rooms airport also wi fi connection unreliable
644,English,Paris,Hôtel Lodge In Paris 13,"Modern hotel, clean rooms with coffee maker facilities. Helpful friendly staff and fantastic buffet breakfast providing a vast range of hot and cold food. Great location too!",The rooms were a bit small but well designed.,8.0,POS,1,German,False,False,modern hotel clean rooms coffee maker facilities helpful friendly staff fantastic buffet breakfast providing vast range hot cold food great location rooms bit small well designed
692,English,Paris,Sofitel Le Scribe Paris Opera,"Marvelous hotel with top-notch facilities and a great location, close enough to the Opera house and Louvre Museum.",Nothing notable,8.0,POS,1,Romanian,False,False,marvelous hotel top notch facilities great location close enough opera house louvre museum nothing notable
257,English,Berlin,Ballhaus Berlin Hostel,Clean rooms,"Did not feel very welcoming. Self-check in, didn't have staff available.",4.0,NEG,0,,False,False,clean rooms feel welcoming self check staff available
903,English,Washington,Generator Hotel Washington DC,"The location is good, easy to reach the metro. Beds were very confortable, rooms have good air conditioning and everything is very clean.",Food from breakfast and from the restaurant is a bit overpriced. The water from the pool was durty.,9.0,POS,0,,False,False,location good easy reach metro beds confortable rooms good air conditioning everything clean food breakfast restaurant bit overpriced water pool durty
789,English,Rome,Exe International Palace,"We stayed for two nights . Room was very hot and AC wasn’t working . Toilet had leak and staff didn’t get that sorted . 2nd night we found bug . Didn’t bother calling as we had no luck getting any help . 
Location was very good . That’s all about this hotel .",Poor service and the conditions of the room we stayed .,3.0,NEG,0,,False,False,stayed two nights room hot ac working toilet leak staff get sorted 2nd night found bug bother calling luck getting help location good hotel poor service conditions room stayed
86,English,Ankara,ibis Ankara Airport Hotel,very close to airport if you have ab early flight to catch,"too tight space in the room , too much usage of plastic",4.0,NEG,0,,False,False,close airport ab early flight catch tight space room much usage plastic
219,English,Berlin,BlnCty Hotel,Location,Unfriendly staff and not as the pictures depicted.,4.0,NEG,0,,False,False,location unfriendly staff pictures depicted
719,English,Rome,The Hive Hotel,"The location of The Hive Hotel in Rome is fairly decent, close to transportation links and a variety of restaurants.","Unfortunately, the service and comfort provided at this hotel was subpar. The rooms are quite small, barely providing enough room for comfort. Moreover, the noise level was quite disturbing, especially at night. The staff was less than accommodating and sometimes came across as quite rude. The cleanliness level was another point of dissatisfaction. Overall, would not recommend.",2.0,NEG,1,English(French),False,False,location hive hotel rome fairly decent close transportation links variety restaurants unfortunately service comfort provided hotel subpar rooms quite small barely providing enough room comfort moreover noise level quite disturbing especially night staff less accommodating sometimes came across quite rude cleanliness level another point dissatisfaction overall would recommend
17,English,Ankara,Hotel Cinnah,"Location was quite good, within walking distance to several attractions","Overall, a very disappointing experience at Hotel Cinnah. There was a severe lack of customer service, staff members were generally unhelpful and unresponsive. The room itself, while clean, was not particularly comfortable - the bed was hard, and the air conditioning system was loud and made it difficult to sleep. Additionally, the Wi-Fi was slow and kept disconnecting. Breakfast was also quite poor with limited choices.",3.0,NEG,1,Turkish,False,False,location quite good within walking distance several attractions overall disappointing experience hotel cinnah severe lack customer service staff members generally unhelpful unresponsive room clean particularly comfortable bed hard air conditioning system loud made difficult sleep additionally wi fi slow kept disconnecting breakfast also quite poor limited choices
776,English,Rome,Alpi Hotel,Hotel is in a good location and is in walking distance to the train station. The staff were extremely helpful and friendly. Comfy bed.,Air conditioning in the room was not very effective. Room and bathroom very small. Very limited selection at breakfast time. _The hotel could do with a refurbishment- it is showing signs of wear and tear.,4.0,NEG,1,Russian,False,False,hotel good location walking distance train station staff extremely helpful friendly comfy bed air conditioning room effective room bathroom small limited selection breakfast time hotel could refurbishment showing signs wear tear
997,English,Washington,Beacon Hotel & Corporate Quarters,It was near where I wanted to be,"The room they put me in was terrible..I almost left a day earlier.. I would never stay there again, if I absolutely had to, I would let them know where not to put me..",4.0,NEG,0,,False,False,near wanted room put terrible almost left day earlier would never stay absolutely would let know put
392,English,Bucharest,The Embassy Nord,"Comfortable and clean, close to the train station.
There is a Supermarket nearby.
Great for 1-2 nights",,10.0,POS,0,,False,True,comfortable clean close train station supermarket nearby great 1 2 nights
490,English,Madrid,Generator Madrid,"Fantastic location, comfortable beds and a great vibe in the common areas. The food in the restaurant is also top-notch.",The only downside was the street noise which is somewhat loud in the front facing rooms due to the central location.,8.0,POS,1,Turkish,False,False,fantastic location comfortable beds great vibe common areas food restaurant also top notch downside street noise somewhat loud front facing rooms due central location
568,English,New Delhi,Hotel International Inn - Near Delhi Airport,"Bathroom are dirty flush not working not clean room is satisfactory, not a single window in room","Everything, staff not help full when I adjust at the time of check in bathroom is not clean, they said we can clean now, I said you change the room, they said we are totally full.",4.0,NEG,0,,False,False,bathroom dirty flush working clean room satisfactory single window room everything staff help full adjust time check bathroom clean said clean said change room said totally full
301,English,Bucharest,Moxy Bucharest Old Town,"Moxy Bucharest Old Town offers travelers a living experience with fresh and stylish design and modern services. It is close to several touristic attractions, shopping places, and the view from the room is stunning. The rooms are comfortable, clean and finely designed. Lounge bar has a good variety of drinks and the staff is very kind and helpful.","Additional services such as food and beverages are a bit pricey. However, there are plenty of restaurants and cafeterias around the hotel.",8.0,POS,1,English(Turkish),False,False,moxy bucharest old town offers travelers living experience fresh stylish design modern services close several touristic attractions shopping places view room stunning rooms comfortable clean finely designed lounge bar good variety drinks staff kind helpful additional services food beverages bit pricey however plenty restaurants cafeterias around hotel
975,English,Washington,Riggs Washington DC,Cafe Riggs and the location were definitely the positives.,"The room was not at all what I booked. They asked upon check in if I had visited before and I stated no and I believe they used that to give me a sub-par room. I had ordered a deluxe room, which was supposed to have a marble walk-in shower and additional room than a standard room, but our room was very small and there was definitely not a marble walk-in shower; it had a gross bathtub/shower combo. On top of which, I locked in a rate and somehow I am being charged additional money than what I booked the room. Overall, it was very disappointing. I would not stay here again. too many other hotels in DC which have a much better quality and standard for what you pay for at The Riggs.",4.0,NEG,0,,False,False,cafe riggs location definitely positives room booked asked upon check visited stated believe used give sub par room ordered deluxe room supposed marble walk shower additional room standard room room small definitely marble walk shower gross bathtub shower combo top locked rate somehow charged additional money booked room overall disappointing would stay many hotels dc much better quality standard pay riggs
419,English,Madrid,Riu Plaza España,"Hotel is set in a prime location, close to multiple tourist destinations.",The rooms lacked basic amenities and cleanliness was a notable issue. The staff was not very helpful and there were constant issues with the Wi-Fi connectivity.,2.0,NEG,1,Korean,False,False,hotel set prime location close multiple tourist destinations rooms lacked basic amenities cleanliness notable issue staff helpful constant issues wi fi connectivity
148,English,Beijing,SonGy Hundred-year Courtyard Hotel,The ambiance of the hotel was quite unique.,"The hotel is badly signposted from the main road, making it difficult to find. The rooms were small and stuffy. Also, some of the reception staff were not very helpful or friendly.",3.0,NEG,1,French,False,False,ambiance hotel quite unique hotel badly signposted main road making difficult find rooms small stuffy also reception staff helpful friendly
433,English,Madrid,NH Barajas Airport,The location is perfectly close to the airport and the shuttle service is extremely convenient. Rooms were comfortable and well-maintained.,The in-room dining options could have been more diverse. WiFi connectivity was a bit inconsistent at times.,8.0,POS,1,English(Turkish),False,False,location perfectly close airport shuttle service extremely convenient rooms comfortable well maintained room dining options could diverse wifi connectivity bit inconsistent times
214,English,Berlin,BlnCty Hotel,"Spacious rooms, convenient location, friendly staff.",,8.0,POS,1,Chinese,False,True,spacious rooms convenient location friendly staff
27,English,Ankara,New Park Hotel,Location is the only positive for this hotel otherwise it should not be ranked as a five star.,"The bedding, the windows, the noise, room sizes. I dont understand why it is a five star?",4.0,NEG,0,,False,False,location positive hotel otherwise ranked five star bedding windows noise room sizes dont understand five star
72,English,Ankara,Güvenay Business Hotel,"The rooms were clean and comfortable, the location of the hotel is very desirable for business travelers. Excellent customer service.",No significant downside to mention,8.0,POS,1,English(Korean),False,False,rooms clean comfortable location hotel desirable business travelers excellent customer service significant downside mention
610,English,Paris,Motel One Paris-Porte Dorée,"It’s actually quite a big hotel with spacious lobby lounge. The room has decent size too. Personally I think this place is much better than what is is represented in the picture. 
Also, it has aircon in each room which is really nice.",The entrance can be quite dark at night.,10.0,POS,0,,False,False,actually quite big hotel spacious lobby lounge room decent size personally think place much better represented picture also aircon room really nice entrance quite dark night
62,English,Ankara,Inn 14 Hostel,"Hotel Inn 14 Hostel in Ankara offered a delightful stay with its extremely friendly staff and incredibly clean facilities. The location is also very convenient, close to major sights and public transportation.",It would have been better if there were more dining options in the vicinity of the hotel.,8.0,POS,1,English(Korean),False,False,hotel inn 14 hostel ankara offered delightful stay extremely friendly staff incredibly clean facilities location also convenient close major sights public transportation would better dining options vicinity hotel
955,English,Washington,Glover Park Hotel Georgetown,"Nothing, the rooms are average but clean.",The front desk people need to be trained to be more compassionate towards people who have travelled for days and give them the rooms faster to them. We got our rooms at 5pm even after reaching 11am. We understand that the check in was at 4pm but there were people who came after us and they got the rooms first. So highly disappointed with that. There is service where you can pay 100$ more to get your room early but even that was slow. We even asked the front desk people to give us any room that was available as we had the more expensive one but apparently none were ready for 5 hours.,3.0,NEG,0,,False,False,nothing rooms average clean front desk people need trained compassionate towards people travelled days give rooms faster got rooms 5pm even reaching 11am understand check 4pm people came us got rooms first highly disappointed service pay 100 get room early even slow even asked front desk people give us room available expensive one apparently none ready 5 hours
231,English,Berlin,Eurostars Berlin,"Friendly, welcoming staff at reception",,9.0,POS,0,,False,True,friendly welcoming staff reception
822,English,Seoul,Orakai Insadong Suites,"The suite was spacious, spotlessly clean, and well-equipped. The staff were incredibly helpful and friendly. The location in Insadong was perfect, with great restaurants and shops nearby.",There were no substantial issues worth mentioning.,8.0,POS,1,French,False,False,suite spacious spotlessly clean well equipped staff incredibly helpful friendly location insadong perfect great restaurants shops nearby substantial issues worth mentioning
457,English,Madrid,Axel Hotel Madrid - Adults Only,"The location was convenient, an easy walk to many popular areas of Madrid.","Unfortunately, the rest of the experience was less than stellar. The rooms were in poor condition, with noticeable wear and tear. The noise from the street was disruptive and made it difficult to sleep. Additionally, the customer service was not up to par, as the staff seemed disinterested and unhelpful.",3.0,NEG,1,English(Korean),False,False,location convenient easy walk many popular areas madrid unfortunately rest experience less stellar rooms poor condition noticeable wear tear noise street disruptive made difficult sleep additionally customer service par staff seemed disinterested unhelpful
997,English,Washington,Beacon Hotel & Corporate Quarters,The hotel is conveniently located,"The room was outdated and not clean. There were hairs in the bath and the carpet appeared not to have been vacuumed recently. Furthermore, the concierge was rude and unhelpful. I had a problem with the charging of my card which they failed to rectify in a timely manner. Overall, the customer service provided was poor and does not warrant the price. I would not recommend staying at the Beacon Hotel & Corporate Quarters, especially when there are numerous other options available in Washington.",2.0,NEG,1,German,False,False,hotel conveniently located room outdated clean hairs bath carpet appeared vacuumed recently furthermore concierge rude unhelpful problem charging card failed rectify timely manner overall customer service provided poor warrant price would recommend staying beacon hotel corporate quarters especially numerous options available washington
700,English,Rome,Hotel 77 Seventy-Seven - Maison D'Art Collection,"The Hotel 77 Seventy-Seven in Rome is truly a gem. Centrally located, it's in walking distance of all the major attractions. The staff are superb - attentive, friendly, and full of excellent recommendations. The rooms are unique, well-appointed and comfortable, each with its own style of art. The breakfast was equally impressive with a good variety of options.",It can be a bit noisy at night due to its central location - but this is a small trade off for its convenience to major attractions.,9.0,POS,1,Spanish,False,False,hotel 77 seventy seven rome truly gem centrally located walking distance major attractions staff superb attentive friendly full excellent recommendations rooms unique well appointed comfortable style art breakfast equally impressive good variety options bit noisy night due central location small trade convenience major attractions
508,English,New Delhi,Hotel Krishna Deluxe-By RCG Hotels,"Location was amidst a very busy place, owing to railwa station nearby. It wasnt amongst a very family friendly place. breakfast was good. rooms were spacious","The wifi did not work and no body bothered to look after it even after several reminders and complaints. The AC threw a bucket full of water, good thing was that an attendant was at the door to clean up the mess in a minutes time after complaint. there are too many better hotels in the vicinity.",4.0,NEG,0,,False,False,location amidst busy place owing railwa station nearby wasnt amongst family friendly place breakfast good rooms spacious wifi work body bothered look even several reminders complaints ac threw bucket full water good thing attendant door clean mess minutes time complaint many better hotels vicinity
535,English,New Delhi,Hyatt Regency Delhi,,No breakfast included. Surprising,4.0,NEG,0,,True,False,breakfast included surprising
900,English,Washington,Generator Hotel Washington DC,"Very good amenities, comfortable beds, location is right by Connecticut and a short walk from a bus stop, helpful staff, spacious room",Wifi could be better,10.0,POS,0,,False,False,good amenities comfortable beds location right connecticut short walk bus stop helpful staff spacious room wifi could better
478,English,Madrid,Emperador,The location of the hotel is great.,"We requested double room, and were accepted, however we got room with twin beds and basically no window. A window pas facing a wall and no sunshine. The pool was a little overrated.",4.0,NEG,0,,False,False,location hotel great requested double room accepted however got room twin beds basically window window pas facing wall sunshine pool little overrated
703,English,Rome,Hotel 77 Seventy-Seven - Maison D'Art Collection,Beautiful place with a good breakfast and very helpful staff! The front desk was always available to give advice or to help get a cab. Very comfortable beds and excellent air conditioning.,It’s a bit of a walk to many of the popular places to visit.,9.0,POS,0,,False,False,beautiful place good breakfast helpful staff front desk always available give advice help get cab comfortable beds excellent air conditioning bit walk many popular places visit
907,English,Washington,Generator Hotel Washington DC,What we liked about the hotel was the swimming pool.,"Money was taken from us, without us knowing why we had to pay. We had already given everything there was to give to booking.com 
There was very poor communication from the staff and the lady who took the money from us had a very poor language statement so we did not understand why we had to pay.",4.0,NEG,0,,False,False,liked hotel swimming pool money taken us without us knowing pay already given everything give booking com poor communication staff lady took money us poor language statement understand pay
586,English,New Delhi,Andaz Delhi Aerocity- Concept by Hyatt,The location and the cleanliness,The aircon wasn't working and staff did nothing to help after few too many phone calls we got a table fan at 4am and we had a early check out at 6am and all we got was 'sorry for the inconvenience' from the staff which does not make up for our sleepless night as the temperature was too hot in the room.,3.0,NEG,0,,False,False,location cleanliness aircon working staff nothing help many phone calls got table fan 4am early check 6am got sorry inconvenience staff make sleepless night temperature hot room
324,English,Bucharest,Central Guesthouse,"Everything was as expected. Clean room, good location, good price.",,10.0,POS,0,,False,True,everything expected clean room good location good price
11,English,Ankara,Hotel Cinnah,"The Hotel Cinnah in Ankara did impress with its comfort and high standard service. The rooms were spacious, clean and well-maintained, and all the amenities were top-notch. The staff were very attentive and went out of their way to make our stay memorable. The location is also a big plus, being central and within walking distance from shops, restaurants, and metro stations.",,9.0,POS,1,Romanian,False,True,hotel cinnah ankara impress comfort high standard service rooms spacious clean well maintained amenities top notch staff attentive went way make stay memorable location also big plus central within walking distance shops restaurants metro stations
520,English,New Delhi,UDS Villa - Scandinavian B&B,"Good location, the rooms are comfortables and The staff very kind.
100% recommended",,10.0,POS,0,,False,True,good location rooms comfortables staff kind 100 recommended
575,English,New Delhi,"The Ashok, New Delhi",No justification of money,It’s handled by the persons who does not care for properly,4.0,NEG,0,,False,False,justification money handled persons care properly
119,English,Beijing,"Holiday Inn Express Beijing Dongzhimen, an IHG Hotel",,Didn’t have shower coat. Smells smoking always. Staff don’t understand and speak english. try to use mobile translator but no good,4.0,NEG,0,,True,False,shower coat smells smoking always staff understand speak english try use mobile translator good
115,English,Beijing,"Holiday Inn Express Beijing Dongzhimen, an IHG Hotel",Location was good for what I needed.,"Rooms are very small. Bed is actually a full size, not a king as advertised. Upgraded to a air purify room but window doesn't close. Pointless. During a very hot time in Beijing the ac would not cool room below 24 degrees Celsius making for warm sleeping",3.0,NEG,0,,False,False,location good needed rooms small bed actually full size king advertised upgraded air purify room window close pointless hot time beijing ac would cool room 24 degrees celsius making warm sleeping
757,English,Rome,NH Collection Roma Centro,Great location very easy to get to see Rome,Booked for a gym and spa which there was none.,4.0,NEG,0,,False,False,great location easy get see rome booked gym spa none
376,English,Bucharest,Tomis Garden Aparthotel Bucuresti,Location is good.,"Unreliable Wi-Fi, poor plumbing in the bathroom causing water leakage, and sparse breakfast offering.",2.0,NEG,1,Italian,False,False,location good unreliable wi fi poor plumbing bathroom causing water leakage sparse breakfast offering
354,English,Bucharest,Vitan ApartHotel,Clean and Quiet room.,,10.0,POS,0,,False,True,clean quiet room
260,English,Berlin,Hotel Vivaldi Berlin am Kurfürstendamm,"Clean room, clean bed, clean bathroom, quiet neighborhood, close to supermarket and metro","The internet is really bad, I lost connection a lot of times",10.0,POS,0,,False,False,clean room clean bed clean bathroom quiet neighborhood close supermarket metro internet really bad lost connection lot times
443,English,Madrid,Catalonia Gran Vía Madrid,"The rooms are spacious, clean, and well-equipped with comfortable beds and modern facilities. The hotel's location is stellar, it's right in the heart of Madrid, with excellent access to top tourist attractions, shopping, and a vibrant restaurant scene. The rooftop pool and bar offer truly stunning views of the city.",Only minor point to improve would be the slow service at reception during peak check-in times.,8.0,POS,1,English(Spanish),False,False,rooms spacious clean well equipped comfortable beds modern facilities hotel location stellar right heart madrid excellent access top tourist attractions shopping vibrant restaurant scene rooftop pool bar offer truly stunning views city minor point improve would slow service reception peak check times
892,English,Seoul,Hotel Skypark Myeongdong 1,"Indeed, the Hotel Skypark Myeongdong 1 in Seoul has surpassed my expectations. The hotel was conveniently near public transport, meaning exploring Seoul was effortless. Friendly and accommodating staff further added to my excellent experience. Additionally, the rooms were clean and comfortable, ensuring a restful night’s sleep after a long day of tours.",Cannot recall anything that disappointed me.,9.0,POS,1,Italian,False,False,indeed hotel skypark myeongdong 1 seoul surpassed expectations hotel conveniently near public transport meaning exploring seoul effortless friendly accommodating staff added excellent experience additionally rooms clean comfortable ensuring restful night sleep long day tours cannot recall anything disappointed
26,English,Ankara,New Park Hotel,Location only,Communication,3.0,NEG,0,,False,False,location communication
820,English,Seoul,Orakai Insadong Suites,spaciousness of the room and the location,nothing,10.0,POS,0,,False,False,spaciousness room location nothing
160,English,Beijing,"Holiday Inn Temple Of Heaven Beijing, an IHG Hotel",Breakfast and pillow& soft bed sheet,,10.0,POS,0,,False,True,breakfast pillow soft bed sheet
555,English,New Delhi,FabHotel White Klove Paharganj,Room was spacious. Had sofas and a table.,"Cleanliness was missing.
Wifi was not working at all.
There was an eerie smell in the room when we entered.",4.0,NEG,0,,False,False,room spacious sofas table cleanliness missing wifi working eerie smell room entered
75,English,Ankara,Güvenay Business Hotel,"The location is pretty central, great for business travellers.","Firstly, the beds are really uncomfortable and hard as a rock, resulting in a poor night's sleep. The bathroom wasn't that clean, and the shower was barely functional. Lastly, the hotel staff had some serious communication problems. Not all the staff could speak even basic English, which made it difficult to address any queries.",3.0,NEG,1,Italian,False,False,location pretty central great business travellers firstly beds really uncomfortable hard rock resulting poor night sleep bathroom clean shower barely functional lastly hotel staff serious communication problems staff could speak even basic english made difficult address queries
44,English,Ankara,Grand Mercure Ankara,"Excellent hotel in the heart of Ankara. The rooms are spacious and clean, with comfortable beds. The staff was friendly and helpful. Highly recommend this hotel for both work and leisure.",I wish they had more vegetarian options on their menu.,9.0,POS,1,Chinese,False,False,excellent hotel heart ankara rooms spacious clean comfortable beds staff friendly helpful highly recommend hotel work leisure wish vegetarian options menu
448,English,Madrid,Catalonia Gran Vía Madrid,Centrally located with easy accessibility,"The rooms were not well maintained, there was a distinct noise from the street, which made sleep difficult. Also, the staff seemed uninterested in helping and the WiFi was extremely slow.",2.0,NEG,1,English(German),False,False,centrally located easy accessibility rooms well maintained distinct noise street made sleep difficult also staff seemed uninterested helping wifi extremely slow
141,English,Beijing,SonGy Hundred-year Courtyard Hotel,The location was great!,"The public bathroom was not really clean, not much privacy, the smell of cat litter in the common room was really strong",9.0,POS,0,,False,False,location great public bathroom really clean much privacy smell cat litter common room really strong
464,English,Madrid,Eurostars Casa de la Lírica,Location,Not easy to arrive in the front with the Car,9.0,POS,0,,False,False,location easy arrive front car
629,English,Paris,Hotel Nation Montmartre,"Location is really close to main train line so easy to get to all the main locations. Bathroom was decently sized - good shower and heated towel rack. Wifi had good connection, provided with individual log in codes for both guests.","Lots of street noise, in a very busy neighbourhood (but not surprising considering how close it is to the train line). When we arrived, we were asked to pay the city tax in cash - we were not provided the option to pay it by card but regardless, we’d already paid it online through booking.com which I had to show the invoice for to prove so this seemed a bit sketchy - at the other hotel we stayed at on this same trip, we were offered the choice to pay it by card so this added to my discomfort of being asked for cash at this location. 
The bed was also uncomfortable, one side of the bed was lumpy so difficult to get comfortable.",4.0,NEG,0,,False,False,location really close main train line easy get main locations bathroom decently sized good shower heated towel rack wifi good connection provided individual log codes guests lots street noise busy neighbourhood surprising considering close train line arrived asked pay city tax cash provided option pay card regardless already paid online booking com show invoice prove seemed bit sketchy hotel stayed trip offered choice pay card added discomfort asked cash location bed also uncomfortable one side bed lumpy difficult get comfortable
320,English,Bucharest,Central Guesthouse,"Cosy, clean, good location, good internet for IT work",,10.0,POS,0,,False,True,cosy clean good location good internet work
313,English,Bucharest,"The Marmorosch Bucharest, Autograph Collection","This hotel is simply stunning - from the beautiful lobby, to the very well decorated rooms. The quality of the bed was outstanding and the shower was fantastic. The level of finishing and luxury was very high. The staff was incredibly friendly and accommodating. The location also cannot be beaten - you're within a short walk to the Old Town area with plenty of sightseeing opportunities and a smorgasbord of restaurants to choose from. The breakfast was fabulous with an extensive selection of hot and cold items. Simply put, it was one of the most memorable hotel experiences I've had in ages.",Nothing significant to mention. All was well taken care off.,9.0,POS,1,English(Chinese),False,False,hotel simply stunning beautiful lobby well decorated rooms quality bed outstanding shower fantastic level finishing luxury high staff incredibly friendly accommodating location also cannot beaten within short walk old town area plenty sightseeing opportunities smorgasbord restaurants choose breakfast fabulous extensive selection hot cold items simply put one memorable hotel experiences ages nothing significant mention well taken care
890,English,Seoul,Hotel Skypark Myeongdong 1,clean and convenient to shopping and restaurants,,10.0,POS,0,,False,True,clean convenient shopping restaurants
824,English,Seoul,Orakai Insadong Suites,"Orakai Insadong Suites provides a true home away from home experience. The location is excellent with lots of places to eat right outside the door. The staff is extremely friendly and always ready to assist with any inquiries. The suites themselves are well-equipped and beautifully furnished, providing a comfortable place to return to after a busy day exploring Seoul.",The downside only would be having to leave the hotel at the end of our stay.,10.0,POS,1,English(Spanish),False,False,orakai insadong suites provides true home away home experience location excellent lots places eat right outside door staff extremely friendly always ready assist inquiries suites well equipped beautifully furnished providing comfortable place return busy day exploring seoul downside would leave hotel end stay
878,English,Seoul,Ibis Styles Ambassador Seoul Myeong-dong,Location was decently close to the main area. Staff was friendly and helped us whenever we needed.,"Hotel is grungy, photos online look much better than in person. Rooms are small and dated, old and looked run down, couldnt feel comfortable or relax in the room. You basically pay for location.",4.0,NEG,0,,False,False,location decently close main area staff friendly helped us whenever needed hotel grungy photos online look much better person rooms small dated old looked run couldnt feel comfortable relax room basically pay location
290,English,Berlin,Generator Berlin Mitte,"The staffs where nice and the room was comfortable, the location was nice as well it’s in the center of town which makes it easier to commute to anywhere or walking around, they are great touristic site to see around. I would stay again if I want to visit Berlin",Since it was summer maybe having a fan in the room would be nice.,10.0,POS,0,,False,False,staffs nice room comfortable location nice well center town makes easier commute anywhere walking around great touristic site see around would stay want visit berlin since summer maybe fan room would nice
606,English,Paris,Hotel Eiffel Seine,Location,"The ""superior"" garden room was like sleeping in a basement. Carpet was stained and disgusting. Two front desk staff -- one very smug and with big attitude. Overall negative vibe and experience. Not as advertised online. Disappointed and was not a good value. Would not recommend.",3.0,NEG,0,,False,False,location superior garden room like sleeping basement carpet stained disgusting two front desk staff one smug big attitude overall negative vibe experience advertised online disappointed good value would recommend
173,English,Beijing,Guo Ji Yi Yuan Hotel,"Manish the general manager is the one who give you the most confortable stay, even if you have misunderstanding, he will give you the solution to solve it.....😉",Except at Loby and management you should speak Chinese if you want something....,9.0,POS,0,,False,False,manish general manager one give confortable stay even misunderstanding give solution solve except loby management speak chinese want something
282,English,Berlin,Estrel Berlin,Large room with good facilities and friendly reception staff,Dust in the floor in our bathroom not cleaned for three days,9.0,POS,0,,False,False,large room good facilities friendly reception staff dust floor bathroom cleaned three days
771,English,Rome,Alpi Hotel,"An absolute gem in the center of Rome. The location of the Alpi Hotel is convenient, within walking distance from both Termini station and the iconic Colosseum. The room is exceptionally clean with a comfortable bed which made my stay a delightful one. Not to forget the free breakfast, with a good selection of bread, pastries and coffee.","The property is slightly old and can do with some refurbishments, but that did not hinder my overall experience.",8.0,POS,1,English(French),False,False,absolute gem center rome location alpi hotel convenient within walking distance termini station iconic colosseum room exceptionally clean comfortable bed made stay delightful one forget free breakfast good selection bread pastries coffee property slightly old refurbishments hinder overall experience
591,English,New Delhi,Bloomrooms @ New Delhi Railway Station,"My stay at Bloomrooms @ New Delhi Railway Station was incredible. The location is just perfect for train travellers. The room was clean, modern and large with a big comfortable bed. The staff was always friendly and available to help with all my queries. The breakfast offered a wide variety of Indian and Western food. And beyond the hotel, the bustling streets of New Delhi are just a step away, offering a real taste of India!","The only downside was the noise from the trains, but it's understandable as the hotel is located near the railway station.",9.0,POS,1,Russian,False,False,stay bloomrooms new delhi railway station incredible location perfect train travellers room clean modern large big comfortable bed staff always friendly available help queries breakfast offered wide variety indian western food beyond hotel bustling streets new delhi step away offering real taste india downside noise trains understandable hotel located near railway station
159,English,Beijing,Grand Millennium Beijing,"Beautiful lobby, well located in Beijing","The hotel facilities are not that well-maintained, the room was not as clean as expected, carpets were dingy and outdated and the smell of smoke is present in the hallways. While the restaurant boasts a variety of options, the quality of food was underwhelming. Moreover, the language barrier was evident the entire stay as many of the staff struggled to communicate in English which resulted in misunderstanding and ineffective problem-solving",4.0,NEG,1,Turkish,False,False,beautiful lobby well located beijing hotel facilities well maintained room clean expected carpets dingy outdated smell smoke present hallways restaurant boasts variety options quality food underwhelming moreover language barrier evident entire stay many staff struggled communicate english resulted misunderstanding ineffective problem solving
245,English,Berlin,Ibis budget Berlin Potsdamer Platz,The location,Beds and cleaning are horrible,3.0,NEG,0,,False,False,location beds cleaning horrible
79,English,Ankara,Güvenay Business Hotel,"The location of the hotel was ideal, being in the center of Ankara; the room was clean.","The staff could use a bit more training, they seemed inexperienced. Also, the noise from the nearby bars was quite loud during nights, which made it difficult to sleep.",4.0,NEG,1,English(Turkish),False,False,location hotel ideal center ankara room clean staff could use bit training seemed inexperienced also noise nearby bars quite loud nights made difficult sleep
405,English,Madrid,Pestana CR7 Gran Vía Madrid,Great location with easy access to public transportation.,"Hotel rooms are uncomfortably small with inadequate lighting. The noise from the busy Gran Via street is unbearable and disrupts sleep. Also, the hotel seems understaffed as service is often slow and unresponsive. The breakfast spread is disappointing and not up to the standard for the price charged.",2.0,NEG,1,English(Russian),False,False,great location easy access public transportation hotel rooms uncomfortably small inadequate lighting noise busy gran via street unbearable disrupts sleep also hotel seems understaffed service often slow unresponsive breakfast spread disappointing standard price charged
220,English,Berlin,numa I Arc Rooms & Apartments,"The numa I Arc Rooms & Apartments delivers a home-like feel for its guests. The rooms are spacious, clean, and equipped with modern amenities that add to the overall comfort of the stay. The location is quite central, allowing easy access to tourist spots and local attractions.","The check-in process could have been a bit smoother. However, the staff was apologetic and efficiently resolved the problem.",8.0,POS,1,English(Turkish),False,False,numa arc rooms apartments delivers home like feel guests rooms spacious clean equipped modern amenities add overall comfort stay location quite central allowing easy access tourist spots local attractions check process could bit smoother however staff apologetic efficiently resolved problem
12,English,Ankara,Hotel Cinnah,"I can't say anything negative about the Hotel Cinnah in Ankara. Everybody is very friendly and tries to help you wherever they can. Breakfast is amazing! There's a wide variety of food which tastes as good as it looks. The rooms are extremely clean and the housekeeping does everything to keep it that way during your stay. Lovely city views from the higher floors, would definitely recommend!",,10.0,POS,1,Italian,False,True,say anything negative hotel cinnah ankara everybody friendly tries help wherever breakfast amazing wide variety food tastes good looks rooms extremely clean housekeeping everything keep way stay lovely city views higher floors would definitely recommend
414,English,Madrid,Riu Plaza España,"Fantastic location, amazing views from
the rooftop .Clean rooms , great staff generally, fantastic service from reception and concierge. Breakfast and service really good.One staff member a bit rude on the sky bar. Sat me and friend down and then after ordering our drink was told the seats were reserved/unavailable.",Had to buy drinks from pool bar and not allowed to drink own. Odd instance of rude staff member but sure this was just a one off instance during a busy period.,9.0,POS,0,,False,False,fantastic location amazing views rooftop clean rooms great staff generally fantastic service reception concierge breakfast service really good one staff member bit rude sky bar sat friend ordering drink told seats reserved unavailable buy drinks pool bar allowed drink odd instance rude staff member sure one instance busy period
38,English,Ankara,The Green Park Ankara,The hotel has a decent location in the city.,"Unfortunately, my stay at The Green Park Ankara was underwhelming. From an unimpressive welcome by the front desk staff to the lackluster cleanliness in the room, the hotel certainly under-delivered. The bed was not as comfy as one would expect from such a reputation, and the noise from the street didn't help in providing a good night's sleep. The breakfast spread was barely passable, and although the hotel boasted of several amenities, a lot of them seemed to be constantly under maintenance. Despite being located in the heart of Ankara, the disappointing service and experience dampened the overall experience.",3.0,NEG,1,English(Chinese),False,False,hotel decent location city unfortunately stay green park ankara underwhelming unimpressive welcome front desk staff lackluster cleanliness room hotel certainly delivered bed comfy one would expect reputation noise street help providing good night sleep breakfast spread barely passable although hotel boasted several amenities lot seemed constantly maintenance despite located heart ankara disappointing service experience dampened overall experience
762,English,Rome,Hotel 55 Fifty-Five - Maison d'Art Collection,"I thoroughly enjoyed my stay at Hotel 55 Fifty-Five. From the beautifully decorated rooms that made me feel like I was living in luxury, to the fantastic view out of my window that showcased Rome in all its glory. The staff was friendly and accommodating, always going out of their way to ensure my comfort.","The only less-than-perfect experience was the breakfast, which, while tasty, did not have a wide variety of options to choose from.",9.0,POS,1,English(Chinese),False,False,thoroughly enjoyed stay hotel 55 fifty five beautifully decorated rooms made feel like living luxury fantastic view window showcased rome glory staff friendly accommodating always going way ensure comfort less perfect experience breakfast tasty wide variety options choose
586,English,New Delhi,Andaz Delhi Aerocity- Concept by Hyatt,"The decor of the hotel was modern and aesthetically pleasing, and it's situated in a prime location for airport travellers.","Despite a great location and pleasing decor, the service left much to be desired. The front desk staff was not attentive, and the room service was abysmally slow. The room, although expansive, showed signs of wear and tear. The internet connection was weak and unstable, making it difficult for me to get any work done or even basic browsing. In addition, the food quality needs improvement. Considering the price point, the experience was really not up to par.",3.0,NEG,1,English(Korean),False,False,decor hotel modern aesthetically pleasing situated prime location airport travellers despite great location pleasing decor service left much desired front desk staff attentive room service abysmally slow room although expansive showed signs wear tear internet connection weak unstable making difficult get work done even basic browsing addition food quality needs improvement considering price point experience really par
748,English,Rome,The Spanish Suite Campo de' Fiori,"The Spanish Suite Campo de' Fiori is undeniably in a prime position within Rome, with impressive historical sites within walking distance.","Unfortunately, the service in the hotel fell woefully below average. The rooms were quite small which felt cramped and did not seem to have any soundproofing as I could hear every conversation in the hallway. Additionally, the reception was mostly unstaffed making it difficult to resolve any issues. The cleanliness left a lot to be desired with dust visible under furnishings. Furthermore, we experienced issues with the Wi-Fi connectivity which was sporadic at best. It was a disappointing stay.",2.0,NEG,1,English(Chinese),False,False,spanish suite campo de fiori undeniably prime position within rome impressive historical sites within walking distance unfortunately service hotel fell woefully average rooms quite small felt cramped seem soundproofing could hear every conversation hallway additionally reception mostly unstaffed making difficult resolve issues cleanliness left lot desired dust visible furnishings furthermore experienced issues wi fi connectivity sporadic best disappointing stay
18,English,Ankara,Hotel Cinnah,The hotel was located close to the city's main attractions.,"The service at Hotel Cinnah was far from satisfactory. From the moment I checked in, the front desk staff was unhelpful and dismissive. The WiFi was frustratingly slow, making it impossible for me to get some necessary work done. The room was not cleaned properly, leaving a disappointing experience overall. I have to say that the facilities are pretty run down and could use serious refurbishment too.",2.0,NEG,1,German,False,False,hotel located close city main attractions service hotel cinnah far satisfactory moment checked front desk staff unhelpful dismissive wifi frustratingly slow making impossible get necessary work done room cleaned properly leaving disappointing experience overall say facilities pretty run could use serious refurbishment
309,English,Bucharest,Moxy Bucharest Old Town,"it’s a very modern hotel, the location is perfect, close to everything",the room is small and there is not even one drawer or wardrobe,4.0,NEG,0,,False,False,modern hotel location perfect close everything room small even one drawer wardrobe
971,English,Washington,Riggs Washington DC,Absolute stunning hotel with incredible comfort and superb attention to detail. The rooms were spacious and the bed incredibly comfortable.,"While there wasn't anything specifically wrong, it was a bit pricey for my usual travel budget.",9.0,POS,1,French,False,False,absolute stunning hotel incredible comfort superb attention detail rooms spacious bed incredibly comfortable anything specifically wrong bit pricey usual travel budget
734,English,Rome,NH Roma Villa Carpegna,"The staff is lovely. The location is good for me, for family reasons, but I wouldn't pick it as a tourist. The hotel is comfortable, clean and well-run. The food is very good, except for a couple of slips here and there (see below). The pool is very nice. I come back every time I am in Rome. I feel at home.","My room was right above the outside part of the restaurant, and late into the night I could hear the screeching, screaming and loud laughter of people there. It might be advisable to let guests sitting at the restaurant/bar in the evening know that they should keep their voices down after a certain hour -- or perhaps staff could warn the other guests that their room may be in a noisy part of the hotel, and offering them a room in a different area.
The idea of leaving cookies in the room as a welcome is lovely. Sadly, the cookies I found were stale, as was the bread I was served for dinner and some of the cookies served at breakfast.
The room has no dresser or drawers. It is hard to see where one would put one's clothes during a stay longer than a couple of days.",9.0,POS,0,,False,False,staff lovely location good family reasons pick tourist hotel comfortable clean well run food good except couple slips see pool nice come back every time rome feel home room right outside part restaurant late night could hear screeching screaming loud laughter people might advisable let guests sitting restaurant bar evening know keep voices certain hour perhaps staff could warn guests room may noisy part hotel offering room different area idea leaving cookies room welcome lovely sadly cookies found stale bread served dinner cookies served breakfast room dresser drawers hard see one would put one clothes stay longer couple days
649,English,Paris,Hôtel Lodge In Paris 13,"Good price.
Close to the Peripherique, parking on the street was free on Sunday evening.","The room was too warm, no air-con, the window did not open. 
Got one bed instead of two separate beds. Reservation for parking wasn't possible.",3.0,NEG,0,,False,False,good price close peripherique parking street free sunday evening room warm air con window open got one bed instead two separate beds reservation parking possible
161,English,Beijing,"Holiday Inn Temple Of Heaven Beijing, an IHG Hotel",Very friendly staff. The room was clean. The breakfast included was really good which was comprised by the local and western food. Good location as well as there were a number of buses going to different directions. The railway station was in walking distance.,,9.0,POS,0,,False,True,friendly staff room clean breakfast included really good comprised local western food good location well number buses going different directions railway station walking distance
331,English,Bucharest,Upstairs Boutique,"It’s very nice pace and great stuff 
They have great breakfast with variety 
Coffee machine is great and you can have coffee and tea or juices all day and biscuits 
Location was great 
I will come again for sure",Air conditioning was programmed to work for at most one hour and I couldn’t adjust due to language that makes me wake up at night so sweaty and hot,10.0,POS,0,,False,False,nice pace great stuff great breakfast variety coffee machine great coffee tea juices day biscuits location great come sure air conditioning programmed work one hour adjust due language makes wake night sweaty hot
946,English,Washington,Courtyard by Marriott Washington Downtown/Convention Center,Nothing you had to pay for every little thing where’s other hotel I stayed at was included,Nothing read the top,4.0,NEG,0,,False,False,nothing pay every little thing hotel stayed included nothing read top
259,English,Berlin,Ballhaus Berlin Hostel,Good location,"Walls are so thin! You can hear absolutely everything! Not very sociable for a hostel, seems mainly for an older crowd!",4.0,NEG,0,,False,False,good location walls thin hear absolutely everything sociable hostel seems mainly older crowd
335,English,Bucharest,Upstairs Boutique,Good location,"In confirmation there was information about twin bed, in my room was single. Staff said it is still good offer and I shouldnt complain. Missing pillow in room so I was forced to sleep on my folded clothes.. Missing water on morning, staff said it will be back in 15 minutes but i don't know if that was true because if stayed longer I would miss my flight.",4.0,NEG,0,,False,False,good location confirmation information twin bed room single staff said still good offer shouldnt complain missing pillow room forced sleep folded clothes missing water morning staff said back 15 minutes know true stayed longer would miss flight
140,English,Beijing,SonGy Hundred-year Courtyard Hotel,"Good location, you can feel Beijing spirit.
Reception is very helpfull and friendly.",,10.0,POS,0,,False,True,good location feel beijing spirit reception helpfull friendly
406,English,Madrid,Pestana CR7 Gran Vía Madrid,Nice décor and central location.,"Room was not cleaned properly upon check-in. Communication with staff can be difficult, they do not always understand or seem interested. The dining room and seating area were often crowded and felt cramped. Noise from the nearby bars and restaurants could be heard well into the night, which made it difficult to sleep.",4.0,NEG,1,English(Chinese),False,False,nice décor central location room cleaned properly upon check communication staff difficult always understand seem interested dining room seating area often crowded felt cramped noise nearby bars restaurants could heard well night made difficult sleep
743,English,Rome,The Spanish Suite Campo de' Fiori,"Superb location right at the heart of Rome, excellent walkability to major attractions, and the suite is very well decorated with a comfortable bed.",,10.0,POS,1,English(Turkish),False,True,superb location right heart rome excellent walkability major attractions suite well decorated comfortable bed
749,English,Rome,The Spanish Suite Campo de' Fiori,"I didn't like anything from that place 
It's not hotel...it's apartment even not clear information in booking","Very bad room 
Beds broken and not comfortable 
Room smell bad
Bad service and no one contact us to share more details about the enternace",3.0,NEG,0,,False,False,like anything place hotel apartment even clear information booking bad room beds broken comfortable room smell bad bad service one contact us share details enternace
364,English,Bucharest,Hotel Michelangelo,Excellent staff and good location,,10.0,POS,0,,False,True,excellent staff good location
421,English,Madrid,Eurostars Madrid Tower,Stunning hotel with striking views of Madrid. Rooms are spacious and luxurious. Excellent breakfast in the restaurant with a wide variety of items.,"It's a little bit far from city centre, but it's understandable because it's a skyscraper.",9.0,POS,1,French,False,False,stunning hotel striking views madrid rooms spacious luxurious excellent breakfast restaurant wide variety items little bit far city centre understandable skyscraper
605,English,Paris,Hotel Eiffel Seine,"The location of the hotel Eiffel Seine was its only saving grace, being pretty close to the Eiffel Tower and other attractios.","The hotel was quite dated, the rooms had a musty smell and lacked basic amenities. The staff was not very helpful and there was a lot of noise during the night from the neighbouring rooms and street. The breakfast was very basic and not worth the price paid. Overall, it was a disappointing experience and certainly did not meet the expectations set from the hotel's website and other reviews.",3.0,NEG,1,English(Korean),False,False,location hotel eiffel seine saving grace pretty close eiffel tower attractios hotel quite dated rooms musty smell lacked basic amenities staff helpful lot noise night neighbouring rooms street breakfast basic worth price paid overall disappointing experience certainly meet expectations set hotel website reviews
928,English,Washington,Hilton Garden Inn Washington DC Downtown,The location of the hotel is fantastic - close to the city center and most of the popular touristic spots.,"The room was average nothing special for the price they charge. The room's cleanliness was in question. Found hair in the bathroom. Plus no complimentary breakfast, even at the price point. The front desk staff seemed disinterested and not very helpful either.",4.0,NEG,1,English(German),False,False,location hotel fantastic close city center popular touristic spots room average nothing special price charge room cleanliness question found hair bathroom plus complimentary breakfast even price point front desk staff seemed disinterested helpful either
965,English,Washington,Hamilton Hotel - Washington DC,The hotel is centrally located and the staff were polite.,"Despite its good location, the rooms were small and had an old smell. The air conditioning was a little noisy. The price was too high compared to the service provided.",4.0,NEG,1,Chinese,False,False,hotel centrally located staff polite despite good location rooms small old smell air conditioning little noisy price high compared service provided
255,English,Berlin,Ballhaus Berlin Hostel,Right next to an U-bahn station,"If you advertise that you have a common kitchen, you can't not have a stove. I planned on cooking for myself. Also, in three days I only saw reception staff there once and I left the place with a lot of flea. It seems as if the owners care more about scaring you off with liabilities than about creating a welcoming atmosphere.",4.0,NEG,0,,False,False,right next u bahn station advertise common kitchen stove planned cooking also three days saw reception staff left place lot flea seems owners care scaring liabilities creating welcoming atmosphere
326,English,Bucharest,Central Guesthouse,The coffee was barely passable.,"My room was not as clean as I would have liked it to be. The bed linens looked like they needed a good wash, and the bathroom was not sparkling either. The Wi-Fi was very unreliable. It kept going off at odd times, and when it was available, it was frustratingly slow. The staff, although generally polite, were not very helpful. They seemed to be more interested in chatting with each other than in attending to the needs of the guests. It was a disappointing experience overall.",2.0,NEG,1,Italian,False,False,coffee barely passable room clean would liked bed linens looked like needed good wash bathroom sparkling either wi fi unreliable kept going odd times available frustratingly slow staff although generally polite helpful seemed interested chatting attending needs guests disappointing experience overall
339,English,Bucharest,Upstairs Boutique,The location is quite convenient.,"Unfortunately, the cleanliness was severely lacking. It was disturbing to find dust bunnies under the bed and soap scum in the bathroom. Additionally, the noise level from the street was almost unbearable, making it difficult to get a good night's sleep. The service also fell short, with staff being almost non-responsive to our concerns.",3.0,NEG,1,Italian,False,False,location quite convenient unfortunately cleanliness severely lacking disturbing find dust bunnies bed soap scum bathroom additionally noise level street almost unbearable making difficult get good night sleep service also fell short staff almost non responsive concerns
944,English,Washington,Courtyard by Marriott Washington Downtown/Convention Center,"Rooms are modern and well appointed, staff are friendly and efficient, location is great for the convention center",Menu in the bistro is somewhat limited,7.0,POS,1,Spanish,False,False,rooms modern well appointed staff friendly efficient location great convention center menu bistro somewhat limited
40,English,Ankara,Grand Mercure Ankara,"The Grand Mercure Hotel in Ankara was a total gem. The staff was friendly and hospitable, going out of their way to ensure our stay was comfortable. The room was clean, spacious, with a luxurious touch - quality bedding and modern decoration. The buffet breakfast was included - it was an interesting mix of local and international cuisine. The location was superb - close to the business district and major attractions. I would certainly recommend this hotel to anyone travelling to Ankara.",Nothing noteworthy. Just a little bit more variety in the breakfast menu would have been cherry on top!,9.0,POS,1,German,False,False,grand mercure hotel ankara total gem staff friendly hospitable going way ensure stay comfortable room clean spacious luxurious touch quality bedding modern decoration buffet breakfast included interesting mix local international cuisine location superb close business district major attractions would certainly recommend hotel anyone travelling ankara nothing noteworthy little bit variety breakfast menu would cherry top
228,English,Berlin,numa I Arc Rooms & Apartments,The location of the hotel and the modern design,"Service was poor, room was not cleaned upon arrival, and the WiFi hardly worked. Additionally, the noise levels were way too high, making it hard to get a good night's rest.",4.0,NEG,1,English(Spanish),False,False,location hotel modern design service poor room cleaned upon arrival wifi hardly worked additionally noise levels way high making hard get good night rest
391,English,Bucharest,The Embassy Nord,"I stayed in The Embassy Nord for 4 nights and I must say it was a great experience. The room was incredibly spacious, clean and had a delightful ambiance. The staff were very accommodating, attentive and made me feel welcome. The location is central, close to public transportation, which made my travel around the city so much easier and convenient.","Just a small downside was the absence of a restaurant inside the hotel. However, there were plenty of options nearby.",8.0,POS,1,English(French),False,False,stayed embassy nord 4 nights must say great experience room incredibly spacious clean delightful ambiance staff accommodating attentive made feel welcome location central close public transportation made travel around city much easier convenient small downside absence restaurant inside hotel however plenty options nearby
640,English,Paris,Hôtel Lodge In Paris 13,Comfortable and stylish rooms,Does not have a swimming pool,8.0,POS,1,Chinese,False,False,comfortable stylish rooms swimming pool
647,English,Paris,Hôtel Lodge In Paris 13,"The interior design of the hotel lobby was beautifully executed, and the surrounding neighborhood had a charming appeal.","During my stay, I had several issues. First, the room was not well-maintained. The carpet looked worn-out, and there was a constant smell of mildew. Secondly, the staff was not proficient in English, making communication challenging. Lastly, the beds were extremely uncomfortable, and the sheets were not very clean. All this dampened my experience.",3.0,NEG,1,English(Italian),False,False,interior design hotel lobby beautifully executed surrounding neighborhood charming appeal stay several issues first room well maintained carpet looked worn constant smell mildew secondly staff proficient english making communication challenging lastly beds extremely uncomfortable sheets clean dampened experience
56,English,Ankara,Esila Hotel,"The location is excellent for travellers. A 5 minute Metro journey from Ankara bus station, and a 5 minute walk from the train station. That’s why we booked it. Bed comfortable, room well heated, water hot & plentiful.","All staff’s attitude generally poor and one member of staff smoking in the restaurant at breakfast despite large no smoking signs, and I believe it being against the law in Türkiye these days, breakfast average, excessive mould in bathroom - great big patches all around the shower cubicle / bath.",3.0,NEG,0,,False,False,location excellent travellers 5 minute metro journey ankara bus station 5 minute walk train station booked bed comfortable room well heated water hot plentiful staff attitude generally poor one member staff smoking restaurant breakfast despite large smoking signs believe law türkiye days breakfast average excessive mould bathroom great big patches around shower cubicle bath
4,English,Ankara,Hotel Ickale,"Thanks to Mr.Serkan, our problems were solved",,9.0,POS,0,,False,True,thanks mr serkan problems solved
947,English,Washington,Courtyard by Marriott Washington Downtown/Convention Center,"The central location of the hotel was a plus, and the façade of the building was impressive.","Our stay in Courtyard by Marriott Washington Downtown was disappointingly inadequate. The room seemed cleaned on the surface, but once we settled in, we noticed the linens were not well laundered and there were stains on the carpet. The room was also quite noisy, with soundproofing seeming almost non-existent. Additionally, room service seemed scarce and there were issues with our billing that took a significant time to rectify. Furthermore, the Wi-Fi connection was frustratingly unstable.",3.0,NEG,1,English(Korean),False,False,central location hotel plus façade building impressive stay courtyard marriott washington downtown disappointingly inadequate room seemed cleaned surface settled noticed linens well laundered stains carpet room also quite noisy soundproofing seeming almost non existent additionally room service seemed scarce issues billing took significant time rectify furthermore wi fi connection frustratingly unstable
409,English,Madrid,Pestana CR7 Gran Vía Madrid,"The rooftop pool and bar have exemplary views of the surrounding Gran Via area. The central location of the hotel is excellent, placing you within walking distance of popular tourist attractions.","The room lacked basic amenities such as a kettle, tea or coffee facilities, and a fridge. The bathroom had no privacy as the toilet was effectively in the same room as the bed. The safe did not work and the management seemed uninterested in fixing it. Also, the customer service throughout the hotel was sadly subpar, the staff seemed flippant and unfriendly. Noise was also an issue - soundproofing needs improvement.",3.0,NEG,1,English(Romanian),False,False,rooftop pool bar exemplary views surrounding gran via area central location hotel excellent placing within walking distance popular tourist attractions room lacked basic amenities kettle tea coffee facilities fridge bathroom privacy toilet effectively room bed safe work management seemed uninterested fixing also customer service throughout hotel sadly subpar staff seemed flippant unfriendly noise also issue soundproofing needs improvement
261,English,Berlin,Hotel Vivaldi Berlin am Kurfürstendamm,"The staff were really kind and attentive! The room, was of a good size, the bed really comfortable, the shower was really good and the room was clean! There are many restaurants and stores around the hotel and it's pretty close to a metro station!",Nothing was subpar.,10.0,POS,0,,False,False,staff really kind attentive room good size bed really comfortable shower really good room clean many restaurants stores around hotel pretty close metro station nothing subpar
554,English,New Delhi,FabHotel White Klove Paharganj,A clean and comfortable hotel with surprisingly spacious rooms for the location. The management and staff were extremely accommodating and made our stay delightful.,"The surrounding neighborhood can be a little bit busy, but the location is very convenient for sightseeing and trying local cuisine.",8.0,POS,1,English(Romanian),False,False,clean comfortable hotel surprisingly spacious rooms location management staff extremely accommodating made stay delightful surrounding neighborhood little bit busy location convenient sightseeing trying local cuisine
198,English,Beijing,New World Beijing Hotel,Great location close to many attractions,"Poor communication from staff, room cleanliness was not up to par, and amenities were lacking",3.0,NEG,1,Korean,False,False,great location close many attractions poor communication staff room cleanliness par amenities lacking
500,English,New Delhi,Hotel Krishna Deluxe-By RCG Hotels,"Excellent stay and service would come again gaurav, chandan were excellent",,10.0,POS,0,,False,True,excellent stay service would come gaurav chandan excellent
990,English,Washington,Beacon Hotel & Corporate Quarters,The room was really comfortable and clean. The staff was very helpful and friendly. Great location in the center of Washington! I definitely recommend it,,10.0,POS,0,,False,True,room really comfortable clean staff helpful friendly great location center washington definitely recommend
359,English,Bucharest,Vitan ApartHotel,It was quiet,"Towels weren't changed, or if they were, they had stains, the shower cabin was dirty, the bathroom mirror wasn't washed, the bedsheets didn't smell clean, but like someone had previously slept on them, the window had no mosquito net so we couldn't keep it open.",6.0,NEG,0,,False,False,quiet towels changed stains shower cabin dirty bathroom mirror washed bedsheets smell clean like someone previously slept window mosquito net keep open
739,English,Rome,NH Roma Villa Carpegna,Warm hospitality from the staff,Rooms were not soundproofed. Disturbed by the noise of the nearby highway all night.,3.0,NEG,1,English(French),False,False,warm hospitality staff rooms soundproofed disturbed noise nearby highway night
363,English,Bucharest,Hotel Michelangelo,"Small and very clean hotel, centrally located, with very friendly staff! Delicious breakfast, excellent value for money","Nothing, it was perfect",9.0,POS,0,,False,False,small clean hotel centrally located friendly staff delicious breakfast excellent value money nothing perfect
953,English,Washington,Glover Park Hotel Georgetown,Great location. Very friendly and accommodating staff!,,9.0,POS,0,,False,True,great location friendly accommodating staff
305,English,Bucharest,Moxy Bucharest Old Town,the location was good in the middle of the night life.,"I was expecting a bigger room for the sum of money i paid almost 110EUR a night. Not ever one glass was available, no kettle no water at least one upon arrival. the pillow too small and if add another it would be higher than normal. Sleep was not that relaxing.",4.0,NEG,0,,False,False,location good middle night life expecting bigger room sum money paid almost 110eur night ever one glass available kettle water least one upon arrival pillow small add another would higher normal sleep relaxing
242,English,Berlin,Ibis budget Berlin Potsdamer Platz,"I loved the modern and minimalistic design of the rooms, and the location was very convenient for sightseeing.","The walls seemed a bit thin, so I could hear some noise from the hallway and other rooms.",8.0,POS,1,English(Spanish),False,False,loved modern minimalistic design rooms location convenient sightseeing walls seemed bit thin could hear noise hallway rooms
463,English,Madrid,Eurostars Casa de la Lírica,"Eurostars Casa de la Lírica in Madrid exceeded all my expectations. The interior is elegant, yet welcoming, and the rooms are spotless and comfortable. The hotel's location is ideal, being close to major attractions and public transportation.","Although the breakfast was excellent, it could be a little pricey for some.",8.0,POS,1,Turkish,False,False,eurostars casa de la lírica madrid exceeded expectations interior elegant yet welcoming rooms spotless comfortable hotel location ideal close major attractions public transportation although breakfast excellent could little pricey
180,English,Beijing,Peking Youth Hostel,The location was perfect as the subway station is right outside the hostel. It was just a 10-minute walk from HouHai bar street and a 15-minute bike ride from the Forbidden Palace. The room was spacious and clean and the staffs were very helpful if you need tips on where to visit.,The space in the shared bathroom stalls and showers were very limited. I am 6'2 and 180lbs and I could barely turn around in the shower. The floor is weirdly grimy and slippery. I slipped and fell a couple of times and hurt my knees.,10.0,POS,0,,False,False,location perfect subway station right outside hostel 10 minute walk houhai bar street 15 minute bike ride forbidden palace room spacious clean staffs helpful need tips visit space shared bathroom stalls showers limited 6 2 180lbs could barely turn around shower floor weirdly grimy slippery slipped fell couple times hurt knees
51,English,Ankara,Esila Hotel,Very close to metro,Property can improve the cleanliness at the breakfast area,9.0,POS,0,,False,False,close metro property improve cleanliness breakfast area
942,English,Washington,Courtyard by Marriott Washington Downtown/Convention Center,"Great location, cleanliness, great service",,9.0,POS,0,,False,True,great location cleanliness great service
393,English,Bucharest,The Embassy Nord,Easy check in. Lovely room with AC! Clean and lots of bedding. We really enjoyed our stay.,We ended up using the sofa bed which was quite hard and uncomfortable.,9.0,POS,0,,False,False,easy check lovely room ac clean lots bedding really enjoyed stay ended using sofa bed quite hard uncomfortable
477,English,Madrid,Emperador,Central Location,"The rooms were outdated and the bathroom had a bad smell coming from the drains. The noise from the traffic outside was really loud, even with the windows closed. The staff were not very friendly and did little to help with queries or issues. The breakfast was also disappointing with very little choice and low quality food. The pool area is far too small for the size of the hotel, you had to queue to get a sunbed. I would not recommend staying at this hotel.",2.0,NEG,1,English(Russian),False,False,central location rooms outdated bathroom bad smell coming drains noise traffic outside really loud even windows closed staff friendly little help queries issues breakfast also disappointing little choice low quality food pool area far small size hotel queue get sunbed would recommend staying hotel
792,English,Rome,Hotel Villa Pamphili Roma,The staff were lovely. Breakfast was very good with a great selection to suit all tastes . The pool was exceptionally clean & the water temperature was perfect. The spa area is wonderful & we enjoyed a couple of hours relaxing in it. The resort is in a quiet location which suited us especially when the weather was very hot & we could relax by the pool with no sounds from the city. The rooftop bar & restaurant is fabulous I would definitely recommend this resort & when we return to Rome this would be my first choice.,I have no bad comments to make..,10.0,POS,0,,False,False,staff lovely breakfast good great selection suit tastes pool exceptionally clean water temperature perfect spa area wonderful enjoyed couple hours relaxing resort quiet location suited us especially weather hot could relax pool sounds city rooftop bar restaurant fabulous would definitely recommend resort return rome would first choice bad comments make
229,English,Berlin,numa I Arc Rooms & Apartments,Good sized room and good facilities,"V hot room. Needed the windows open but the location is very loud and opposite a police precinct with sirens through the night. 
Lift out of order throughout the weeks stay and the tv did not work even though we reported it many times and the online messaging promised to sort it out.",4.0,NEG,0,,False,False,good sized room good facilities v hot room needed windows open location loud opposite police precinct sirens night lift order throughout weeks stay tv work even though reported many times online messaging promised sort
631,English,Paris,Adveniat Paris,"Fantastic location. It has a clean environment, very friendly staff and a comfortable bed. The bathroom was very clean and it was relatively quiet considering the location.",Limited breakfast options could be improved.,8.0,POS,1,Russian,False,False,fantastic location clean environment friendly staff comfortable bed bathroom clean relatively quiet considering location limited breakfast options could improved
81,English,Ankara,ibis Ankara Airport Hotel,"The convenience of location was remarkable with just a few minutes distance from the airport. The staff were friendly and extremely helpful. The rooms were very clean and comfortable, quite conducive to a good night’s sleep after a long flight.",Most of the TV channels were in Turkish without options for English subtitles or dubbing.,8.0,POS,1,English(Italian),False,False,convenience location remarkable minutes distance airport staff friendly extremely helpful rooms clean comfortable quite conducive good night sleep long flight tv channels turkish without options english subtitles dubbing
97,English,Ankara,Raymar Hotels Ankara,"Nice design in rooms, breakfast was good","Wifi is useless, does not work AT ALL in the hotel room and not very well in the lobby area either, Most noisy room I’ve ever had in a hotel, the music outside felt like it was inside the room. Could not sleep because of the music and noise from the bars outside. Cleaning was not good, stains on sheets. The shampoo etc in the little bottles in the bathroom were left from previous guests, even had hairs on it.",3.0,NEG,0,,False,False,nice design rooms breakfast good wifi useless work hotel room well lobby area either noisy room ever hotel music outside felt like inside room could sleep music noise bars outside cleaning good stains sheets shampoo etc little bottles bathroom left previous guests even hairs
56,English,Ankara,Esila Hotel,"The hotel's location is fairly central and close to public transport, which was convenient.","I have numerous disappointments from my stay. Firstly, the rooms felt very dated and could definitely use a facelift. Secondly, the cleanliness issue was a constant problem throughout my stay, there was dust and dirt in the corners of the room and the bathroom. Finally, their breakfast was underwhelming at best, with a lack of variety and freshness.",3.0,NEG,1,English(Italian),False,False,hotel location fairly central close public transport convenient numerous disappointments stay firstly rooms felt dated could definitely use facelift secondly cleanliness issue constant problem throughout stay dust dirt corners room bathroom finally breakfast underwhelming best lack variety freshness
561,English,New Delhi,Hotel International Inn - Near Delhi Airport,"Perfect location for those catching early flights, with spotlessly clean rooms, and courteous service.","Limited dining options around the hotel, but if you're staying for a layover, this shouldn't be an issue.",8.0,POS,1,English(Chinese),False,False,perfect location catching early flights spotlessly clean rooms courteous service limited dining options around hotel staying layover issue
734,English,Rome,NH Roma Villa Carpegna,Excellent room service and a comfortable bed,Location is a bit far from the city center,8.0,POS,1,English(Romanian),False,False,excellent room service comfortable bed location bit far city center
295,English,Berlin,Generator Berlin Mitte,"Location at Berlin downtown, next to a metro station, bus and tram stops.","1 - The wifi on my floor only worked prorpely on the first of my stay. I complained for 4 days with the employees and they ignored my repair requests. Also 4g/5g reception is bad inside the rooms so was incommunicable to my family and friends.
2 - The toilet flush was broken in my room and again the staff ignored my many repair requests and denied me the right to switch to a room where it didn't smell like s...
3 - Avoid shared rooms they don´t have AC working for hot summer days.",3.0,NEG,0,,False,False,location berlin downtown next metro station bus tram stops 1 wifi floor worked prorpely first stay complained 4 days employees ignored repair requests also 4g 5g reception bad inside rooms incommunicable family friends 2 toilet flush broken room staff ignored many repair requests denied right switch room smell like 3 avoid shared rooms ́t ac working hot summer days
460,English,Madrid,Eurostars Casa de la Lírica,The hotel is in really good location.,,10.0,POS,0,,False,True,hotel really good location
39,English,Ankara,The Green Park Ankara,,staff don’t speak English.,4.0,NEG,0,,True,False,staff speak english
534,English,New Delhi,Hyatt Regency Delhi,The rooms offered was well equipped and the food was exquisite. The staff were incredibly friendly and full of knowledge about the local area.,,9.0,POS,1,Turkish,False,True,rooms offered well equipped food exquisite staff incredibly friendly full knowledge local area
411,English,Madrid,Riu Plaza España,Rooftop bar and pool. Spacious and luxurious rooms with sleek bathroom. Excellent breakfast. Professional staff,The bathroom needs better ventilation.,9.0,POS,0,,False,False,rooftop bar pool spacious luxurious rooms sleek bathroom excellent breakfast professional staff bathroom needs better ventilation
927,English,Washington,Hilton Garden Inn Washington DC Downtown,"The hotel's location is convenient, right in the heart of downtown, and the lobby area is welcoming.","I'm utterly disappointed by the level of customer service. The front desk staff seemed uninterested, bordering on rude. Also, our room was not cleaned well; we even found some leftover snacks from the previous guests in the drawers. The breakfast was below average for the price we paid. I expect better from a Hilton.",2.0,NEG,1,English(Turkish),False,False,hotel location convenient right heart downtown lobby area welcoming utterly disappointed level customer service front desk staff seemed uninterested bordering rude also room cleaned well even found leftover snacks previous guests drawers breakfast average price paid expect better hilton
357,English,Bucharest,Vitan ApartHotel,"The apartment nice and clean, location hard to find",Neighbors making noise all night until the police come and they didn't care group of gypsy.,4.0,NEG,0,,False,False,apartment nice clean location hard find neighbors making noise night police come care group gypsy
174,English,Beijing,Guo Ji Yi Yuan Hotel,"Friendly and accommodating staff, comfortable rooms, satisfying breakfast",Limited English speaking by some staff,8.0,POS,1,English(Korean),False,False,friendly accommodating staff comfortable rooms satisfying breakfast limited english speaking staff
59,English,Ankara,Esila Hotel,The lobby was well-decorated and the central location was convenient.,"Customer service was lacking. The room was quite dirty upon check-in, especially the bathroom. The food served during breakfast was stale and the noise from the street was quite disturbing, leading to a bad sleep experience.",3.0,NEG,1,Chinese,False,False,lobby well decorated central location convenient customer service lacking room quite dirty upon check especially bathroom food served breakfast stale noise street quite disturbing leading bad sleep experience
760,English,Rome,Hotel 55 Fifty-Five - Maison d'Art Collection,"The hotel is in a fantastic location, close to shopping areas, historic sites, restaurants and bars. The rooms are clean, modern and nicely decorated with pieces from the Maison d'Art Collection. The staff was extremely helpful and friendly, providing excellent restaurant recommendations.","While the lobby could use a bit of updating, it overall didn't detract from the excellent experience.",9.0,POS,1,English(French),False,False,hotel fantastic location close shopping areas historic sites restaurants bars rooms clean modern nicely decorated pieces maison art collection staff extremely helpful friendly providing excellent restaurant recommendations lobby could use bit updating overall detract excellent experience
397,English,Bucharest,The Embassy Nord,"Good location , really nice receptionist. Clean room",There was problem with water in the bathroom. Only one person could take shower as the water after it was staying there. Looks like drain was very foul. Did not ask to clean it since left the very next morning,6.0,NEG,0,,False,False,good location really nice receptionist clean room problem water bathroom one person could take shower water staying looks like drain foul ask clean since left next morning
885,English,Seoul,Hotel Skypark Dongdaemun I,Good location,"Room was very cold, heating was not working properly. The breakfast was very basic, not much to choose from. Beds were uncomfortable.",4.0,NEG,1,Romanian,False,False,good location room cold heating working properly breakfast basic much choose beds uncomfortable
787,English,Rome,Exe International Palace,"The location was convenient, not far from the major sights.","Most of the front desk staff were indifferent and not very helpful. The air conditioning was inconsistent thereby making the rooms hot and stuffy. Beds were too firm and uncomfortable, leading to sleepless nights. Breakfast had very limited options and were the same every day. Additionally, the walls are thin, so you can hear the people in the adjacent room. Definitely does not live up to being a 4-star hotel.",3.0,NEG,1,English(German),False,False,location convenient far major sights front desk staff indifferent helpful air conditioning inconsistent thereby making rooms hot stuffy beds firm uncomfortable leading sleepless nights breakfast limited options every day additionally walls thin hear people adjacent room definitely live 4 star hotel
966,English,Washington,Hamilton Hotel - Washington DC,Cute restaurant,There was a leak above our shower coming from the floor above.,4.0,NEG,0,,False,False,cute restaurant leak shower coming floor
600,English,Paris,Hotel Eiffel Seine,"Nice room, staff are very nice and friendly to me. My room was cleaned everyday without asking them : ) It’s very near to the tower, I walked to it directly. It’s really just next to Seine! And the bridge in movie INCEPTION is also next to it! I’ll recommend to my friends who will come to Paris!",nothing,10.0,POS,0,,False,False,nice room staff nice friendly room cleaned everyday without asking near tower walked directly really next seine bridge movie inception also next recommend friends come paris nothing
431,English,Madrid,NH Barajas Airport,"Conveniently located by the airport, with a very accommodating staff",None to mention,8.0,POS,1,Chinese,False,False,conveniently located airport accommodating staff none mention
17,English,Ankara,Hotel Cinnah,The rooms are beautiful if having beautiful photos is more important to you than having a comfortable stay.,"We traveled by car with a dog and immediately wrote about it. The hotel told us on the day of check-in at 15:56 (!!!!) that there is an additional charge of 250 TL per day for staying with a dog. There is not a single carpet in the room, only cold tiles. For what the extra charge is not clear. It is also not clear why the hotel did not find a minute during the week to answer us in advance, and not after the check-in time. When I asked why they provided important information after the free cancellation time, they told me (at the front desk) that I could cancel now. Of course, at 10 pm after 6 hours of driving, I will look for another hotel! Absolute disregard for the customer.
There was also no parking space. We were forbidden to stand in front of the hotel, although there were many cars parked there. We were only offered to park the car in the parking lot if we left them the car keys. What is this idea?
The room is very beautiful but absolutely uncomfortable. Very little lighting, impossible to make up. There is only one nozzle in the shower, screwed under the ceiling, it is impossible to wash properly. The feeling that the designer was a womenphobiс. The breakfast is very poor.",4.0,NEG,0,,False,False,rooms beautiful beautiful photos important comfortable stay traveled car dog immediately wrote hotel told us day check 15 56 additional charge 250 tl per day staying dog single carpet room cold tiles extra charge clear also clear hotel find minute week answer us advance check time asked provided important information free cancellation time told front desk could cancel course 10 pm 6 hours driving look another hotel absolute disregard customer also parking space forbidden stand front hotel although many cars parked offered park car parking lot left car keys idea room beautiful absolutely uncomfortable little lighting impossible make one nozzle shower screwed ceiling impossible wash properly feeling designer womenphobiс breakfast poor
114,English,Beijing,"Holiday Inn Express Beijing Dongzhimen, an IHG Hotel","Clean and comfortable, the breakfast was very delicious",Nothing,10.0,POS,0,,False,False,clean comfortable breakfast delicious nothing
68,English,Ankara,Inn 14 Hostel,the location was good - lots of coffee shops nearby. could walk to Anitkabir very easily.,"I don’t think I’m particularly fussy but I did not enjoy my stay here. the top bunk has no railing/safety bar aka nothing at all to stop you rolling out. the handle to get to my top bunk had been pulled off the wall so getting into bed was a struggle. the tv in my bunk (is this really necessary anyway..?) showed an error message and couldn’t be turned off so I had to cover it with a towel. the rooms are TINY, the showers are small and flood the bathrooms and there’s no space to get changed. the kitchen is dirty with hardly any cutlery etc. no social atmosphere whatsoever.",4.0,NEG,0,,False,False,location good lots coffee shops nearby could walk anitkabir easily think particularly fussy enjoy stay top bunk railing safety bar aka nothing stop rolling handle get top bunk pulled wall getting bed struggle tv bunk really necessary anyway showed error message turned cover towel rooms tiny showers small flood bathrooms space get changed kitchen dirty hardly cutlery etc social atmosphere whatsoever
401,English,Madrid,Pestana CR7 Gran Vía Madrid,"I was travelling with my teenager daughter and we really enjoyed the room.Super clean and comfy,housekeeping doing a very good job,friendly receptionists are very helpful and all speaking english which was amazing for me as i dont speak spanish at all.As for the hotel location-its just a perfect view from the roof top on Gran via street,and it's very close to all the famous Madrid places
Highly recommended
Regards",,10.0,POS,0,,False,True,travelling teenager daughter really enjoyed room super clean comfy housekeeping good job friendly receptionists helpful speaking english amazing dont speak spanish hotel location perfect view roof top gran via street close famous madrid places highly recommended regards
452,English,Madrid,Axel Hotel Madrid - Adults Only,"The staff were so friendly, the view from the roof amazing",Absolutely noting,10.0,POS,0,,False,False,staff friendly view roof amazing absolutely noting
538,English,New Delhi,Hyatt Regency Delhi,"Location
Access to taxi","Rooms are not soundproof. So difficult to sleep at night due to sounds from other rooms (including flush sound from washrooms!!!)
Room size is too small for the price you pay.",4.0,NEG,0,,False,False,location access taxi rooms soundproof difficult sleep night due sounds rooms including flush sound washrooms room size small price pay
24,English,Ankara,New Park Hotel,Staff - Location,poor breakfast,9.0,POS,0,,False,False,staff location poor breakfast
1,English,Ankara,Hotel Ickale,"Nicely furnished room and nicely decorated lobby. Room service is affordable and the receptionists, especially Mr. Omar, are usually eager to help with any queries.",,9.0,POS,0,,False,True,nicely furnished room nicely decorated lobby room service affordable receptionists especially mr omar usually eager help queries
580,English,New Delhi,Andaz Delhi Aerocity- Concept by Hyatt,"The Andaz Delhi Aerocity by Hyatt was truly exceptional in every way. The staff was extremely attentive and went the extra mile to ensure a pleasant stay. The room was large, clean and had all the amenities I could ask for. I was particularly pleased with the bar, where the bartender was highly skilled and made incredible cocktails. The location is fantastic; it's an easy drive to the airport and the rest of the city. It was a wonderful base for my New Delhi adventure.",I truly cannot think of any. Everything was just perfect.,10.0,POS,1,German,False,False,andaz delhi aerocity hyatt truly exceptional every way staff extremely attentive went extra mile ensure pleasant stay room large clean amenities could ask particularly pleased bar bartender highly skilled made incredible cocktails location fantastic easy drive airport rest city wonderful base new delhi adventure truly cannot think everything perfect
36,English,Ankara,The Green Park Ankara,"The location was alright, near some stores and parks.","The worst thing about the stay was the uncomfortable rooms. The air conditioning seemed old and was very noisy, which made it hard to sleep. The bed was also quite stiff and the pillows offered little support. Moreover, the cleanliness was a concern. There were hairs in the bathroom and dust under the bed. Lastly, the staff was not friendly or attentive. It was difficult to communicate with them and they failed to promptly respond to the problems.",3.0,NEG,1,Russian,False,False,location alright near stores parks worst thing stay uncomfortable rooms air conditioning seemed old noisy made hard sleep bed also quite stiff pillows offered little support moreover cleanliness concern hairs bathroom dust bed lastly staff friendly attentive difficult communicate failed promptly respond problems
70,English,Ankara,Güvenay Business Hotel,"Superb service from staff, spectacular views from higher floors, spacious and ultra clean rooms, proximity to various important landmarks",The breakfast menu could do with more variety,8.0,POS,1,English(French),False,False,superb service staff spectacular views higher floors spacious ultra clean rooms proximity various important landmarks breakfast menu could variety
195,English,Beijing,New World Beijing Hotel,Location,"The WiFi is not stable. Room service ends at 10:30. Room service should be 24 hours, at least provide some light meal",4.0,NEG,0,,False,False,location wifi stable room service ends 10 30 room service 24 hours least provide light meal
409,English,Madrid,Pestana CR7 Gran Vía Madrid,Location is very convenient...,"This hotel simply decent 3 stars hotel. During our 6 days stays with 2 standard rooms, there was no Wi-Fi, no tv, also only one day roof top was opened. Staffs was not enough to properly bar's servings. Any orders take 45 minutes. Using the WC was big deal for room #723.It was like boat's WC, even the kids can't be fit easily. There was A/C but can't be manageable for temperature.",3.0,NEG,0,,False,False,location convenient hotel simply decent 3 stars hotel 6 days stays 2 standard rooms wi fi tv also one day roof top opened staffs enough properly bar servings orders take 45 minutes using wc big deal room 723 like boat wc even kids fit easily c manageable temperature
845,English,Seoul,LOTTE City Hotel Myeongdong,"The location was convenient, close to major shopping areas",Room cleanliness did not meet our expectations and the hotel lacked basic amenities. The customer service was also unsatisfactory,4.0,NEG,1,English(Romanian),False,False,location convenient close major shopping areas room cleanliness meet expectations hotel lacked basic amenities customer service also unsatisfactory
68,English,Ankara,Inn 14 Hostel,"+Location is prime
+Budget friendly","-The rooms were not clean enough. Dust everywhere and the bathroom was way too dirty
-The staff could not communicate well in English which led to several misunderstandings
-The noise levels from outside was so high that it became very hard to sleep
-The hostel had a very limited selection for breakfast and the quality was below average",3.0,NEG,1,Italian,False,False,location prime budget friendly rooms clean enough dust everywhere bathroom way dirty staff could communicate well english led several misunderstandings noise levels outside high became hard sleep hostel limited selection breakfast quality average
819,English,Seoul,Hamilton Hotel,Rooms renovated,"There was no breakfast facilities ""due to Covid"" but for a hotel of this size, they have had months to make arrangements. Also bad sound insulation with adjacent rooms.",4.0,NEG,0,,False,False,rooms renovated breakfast facilities due covid hotel size months make arrangements also bad sound insulation adjacent rooms
308,English,Bucharest,Moxy Bucharest Old Town,The hotel decor was somewhat modern and the location is decent with many attractions within walking distance.,"Despite the relatively modern decor, the comfort was pretty minimal with inadequate room amenities like no coffee making facilities. The in-room temperature control was faulty and could not keep the room warm enough during the wintery nights. The front desk staff was unsympathetic and unapologetic when the issue was reported. Lastly, the breakfast served was quite ordinary with a lack of variety and fresh produce.",4.0,NEG,1,English(Italian),False,False,hotel decor somewhat modern location decent many attractions within walking distance despite relatively modern decor comfort pretty minimal inadequate room amenities like coffee making facilities room temperature control faulty could keep room warm enough wintery nights front desk staff unsympathetic unapologetic issue reported lastly breakfast served quite ordinary lack variety fresh produce
139,English,Beijing,"Holiday Inn Express Beijing Temple of Heaven, an IHG Hotel",The hotel is quite near to the Temple of Heaven and within walking distance to subway stations. The room size is acceptable.,"The worst part was the food. The breakfast had very limited Western options. The taste was so-so with no daily variety. The cleaning service was not the best either, and the bathroom in the room was sometimes left uncleaned. My room was not replenished with toiletries regularly and the internet connection was slow.",3.0,NEG,1,English(Romanian),False,False,hotel quite near temple heaven within walking distance subway stations room size acceptable worst part food breakfast limited western options taste daily variety cleaning service best either bathroom room sometimes left uncleaned room replenished toiletries regularly internet connection slow
704,English,Rome,Hotel 77 Seventy-Seven - Maison D'Art Collection,"Stellar location, exceptionally clean rooms and a courteous staff. It's close to all the remarkable sights of Rome, while still being tucked away in a quieter street. The art collection only adds to the charm of the place.","Breakfast could be richer in options, especially for long-term stays.",8.0,POS,1,English(Turkish),False,False,stellar location exceptionally clean rooms courteous staff close remarkable sights rome still tucked away quieter street art collection adds charm place breakfast could richer options especially long term stays
446,English,Madrid,Catalonia Gran Vía Madrid,+The location,"- Room was noisy due to lack of sound proofing 
- Bathtub was clogged up, water did not drain 
- Elevators too small and felt claustrophobic",4.0,NEG,1,Romanian,False,False,location room noisy due lack sound proofing bathtub clogged water drain elevators small felt claustrophobic
765,English,Rome,Hotel 55 Fifty-Five - Maison d'Art Collection,,"The hotel can barely be a 2 star hotel . The room had basically no window . Considering the glass was frosted as faced a courtyard with ugly dump 
I felt really miserable having booked the place",3.0,NEG,0,,True,False,hotel barely 2 star hotel room basically window considering glass frosted faced courtyard ugly dump felt really miserable booked place
172,English,Beijing,Guo Ji Yi Yuan Hotel,Decent location. Lots of food options nearby.,Rooms were a bit small.,7.0,POS,1,Romanian,False,False,decent location lots food options nearby rooms bit small
643,English,Paris,Hôtel Lodge In Paris 13,"Very good, everything is good specially the delicious breakfast.",,10.0,POS,0,,False,True,good everything good specially delicious breakfast
474,English,Madrid,Emperador,Facilities and location great,All good,9.0,POS,0,,False,False,facilities location great good
622,English,Paris,Hotel Nation Montmartre,It nearby train station.,Surrounding place quite ghetto. Need to be extra carefull with stuff.,9.0,POS,0,,False,False,nearby train station surrounding place quite ghetto need extra carefull stuff
91,English,Ankara,Raymar Hotels Ankara,We loved the location with all the restaurants and shops close by.,"The Internet was very, very slow. We didn’t like the loud disco music every night we stayed. Not sure from where it came as buildings are very close together. We couldn’t sleep until it all stopped early hours of the morning.",9.0,POS,0,,False,False,loved location restaurants shops close internet slow like loud disco music every night stayed sure came buildings close together sleep stopped early hours morning
883,English,Seoul,Hotel Skypark Dongdaemun I,close to transits,TV location in room. Side of the beds,9.0,POS,0,,False,False,close transits tv location room side beds
523,English,New Delhi,UDS Villa - Scandinavian B&B,The hospitality of the staff and the cleanliness of the villa were impeccable. Enjoyed the unique blend of Scandinavian and Indian cuisines in the breakfast menu.,Perhaps the only downside was the limited options for in-room entertainment.,9.0,POS,1,English(Russian),False,False,hospitality staff cleanliness villa impeccable enjoyed unique blend scandinavian indian cuisines breakfast menu perhaps downside limited options room entertainment
398,English,Bucharest,The Embassy Nord,The location was convenient for public transport and provided easy access to the city sights.,"The level of noise was unbearable at times due to thin walls. The wifi connection was incredibly slow and inconsistent, and the room was too dark as there were not enough lights. Also, the cleanliness was not of an acceptable standard.",3.0,NEG,1,English(Romanian),False,False,location convenient public transport provided easy access city sights level noise unbearable times due thin walls wifi connection incredibly slow inconsistent room dark enough lights also cleanliness acceptable standard
180,English,Beijing,Peking Youth Hostel,"Peking Youth Hostel offers a truly exceptional stay experience. The decor is rich in traditional Chinese culture, lending itself to a unique and authentically Beijing ambiance. The staff is incredibly welcoming, going above and beyond to accommodate every request. The location is also superb, right in the heart of the city yet in a quiet, relaxed area. My room was always clean and comfortable, ensuring a great rest each night.","However, the Wi-Fi connection was somewhat inconsistent, which was a bit of a nuisance as I needed to work during my stay.",8.0,POS,1,English(Spanish),False,False,peking youth hostel offers truly exceptional stay experience decor rich traditional chinese culture lending unique authentically beijing ambiance staff incredibly welcoming going beyond accommodate every request location also superb right heart city yet quiet relaxed area room always clean comfortable ensuring great rest night however wi fi connection somewhat inconsistent bit nuisance needed work stay
456,English,Madrid,Axel Hotel Madrid - Adults Only,Everyone was lovely and very accommodating,The photos and booking.com listing are not at all representative of the hotel. Pool area is much smaller and more tired than what is presented in photos. This would be good as a party holiday but overall I was very disappointed with my stay.,3.0,NEG,0,,False,False,everyone lovely accommodating photos booking com listing representative hotel pool area much smaller tired presented photos would good party holiday overall disappointed stay
788,English,Rome,Exe International Palace,"The location is gritty and seems sketchy at night. The AC didn’t work and worst of all, the wifi didn’t work in the room. Just awful. Would never stay again.",The wifi and location and working AC,3.0,NEG,0,,False,False,location gritty seems sketchy night ac work worst wifi work room awful would never stay wifi location working ac
641,English,Paris,Hôtel Lodge In Paris 13,Nice and clean,,10.0,POS,0,,False,True,nice clean
613,English,Paris,Motel One Paris-Porte Dorée,"The hotel thermostats work phenomenally well, beds are extremely comfortable, staff are very friendly, polite, and happy to help.","The rooms are a little small, however, they are still very comfortable.",8.0,POS,1,English(Romanian),False,False,hotel thermostats work phenomenally well beds extremely comfortable staff friendly polite happy help rooms little small however still comfortable
849,English,Seoul,LOTTE City Hotel Myeongdong,Fantastic view of the city from room.,"The room was smaller than expected and could do with a deep cleaning. The breakfast buffet was lackluster with limited options. The staff, although polite, didn't seem very knowledgeable about the surrounding area when asked for recommendations.",5.0,NEG,1,Turkish,False,False,fantastic view city room room smaller expected could deep cleaning breakfast buffet lackluster limited options staff although polite seem knowledgeable surrounding area asked recommendations
767,English,Rome,Hotel 55 Fifty-Five - Maison d'Art Collection,I appreciated its central location and the historical building it's in.,"Unfortunately, I found the hotel to be greatly lacking in terms of customer service and cleanliness. The rooms were not well-maintained, with broken fixtures and noticeable dust and dirt. Moreover, the staff were unresponsive to requests for assistance, leading to a frustrating and disappointing stay. I would not recommend this hotel to other travelers.",2.0,NEG,1,English(Russian),False,False,appreciated central location historical building unfortunately found hotel greatly lacking terms customer service cleanliness rooms well maintained broken fixtures noticeable dust dirt moreover staff unresponsive requests assistance leading frustrating disappointing stay would recommend hotel travelers
145,English,Beijing,SonGy Hundred-year Courtyard Hotel,Poor value for the high cost.,"Didn’t meet the standards for the price. Lack of cleanliness, amenities, and customer service.",3.0,NEG,1,Turkish,False,False,poor value high cost meet standards price lack cleanliness amenities customer service
796,English,Rome,Hotel Villa Pamphili Roma,Nothing,"Roof top restaurant - poorly managed 
Rooms - next to noisy families 
Hallways to rooms - filthy",3.0,NEG,0,,False,False,nothing roof top restaurant poorly managed rooms next noisy families hallways rooms filthy
253,English,Berlin,Ballhaus Berlin Hostel,The ambience of the hostel was very welcoming and the local attractions were only a short walking distance away.,The noise level during the night was a bit high for my personal preference.,8.0,POS,1,English(Chinese),False,False,ambience hostel welcoming local attractions short walking distance away noise level night bit high personal preference
989,English,Washington,Hilton Washington DC Capitol Hill,Location is great. Staff is very friendly and helpfu.,"signs of neglect everywhere. broken sconce in room, holes in wall, cracked sink. housekeeping leaving cleaning products and laundry in room and then not cleaning the room the following day, leaving all of those items in the room. the lobby construction didn't help. Twin beds where Queens would be much better experience for all sleepers.
I was a chef here when it opened as the Sheraton Grande in 1985 and the quality of rooms, service and experience has dropped to a level that is very sad to see.",4.0,NEG,0,,False,False,location great staff friendly helpfu signs neglect everywhere broken sconce room holes wall cracked sink housekeeping leaving cleaning products laundry room cleaning room following day leaving items room lobby construction help twin beds queens would much better experience sleepers chef opened sheraton grande 1985 quality rooms service experience dropped level sad see
636,English,Paris,Adveniat Paris,"The location of the Hotel Adveniat Paris is desirable, being close to numerous tourist attractions.","However, my experience was far below expectation. The hotel staff were discourteous and unhelpful. The room, although clean, was extremely small with a tiny bathroom layering on to the discomfort. There was no soundproofing between rooms making it impossible to have a peaceful night due to noise from adjoining rooms. The Wi-Fi connection was very poor, inconsistent and slow. Unfortunately, it's a no for me.",3.0,NEG,1,English(French),False,False,location hotel adveniat paris desirable close numerous tourist attractions however experience far expectation hotel staff discourteous unhelpful room although clean extremely small tiny bathroom layering discomfort soundproofing rooms making impossible peaceful night due noise adjoining rooms wi fi connection poor inconsistent slow unfortunately
95,English,Ankara,Raymar Hotels Ankara,"Good location and having private parking!
Good breakfast","Receptionist was very tough guy!! He didn’t accept USD and also want a deposit to give me the room!(he didn’t give me two hours to change my money!)
Every time you come to hotel ask you about room number even they know you! This makes you feel uncomfortable!
They don’t have any price list for mini bar! Then they take money whatever they want!",4.0,NEG,0,,False,False,good location private parking good breakfast receptionist tough guy accept usd also want deposit give room give two hours change money every time come hotel ask room number even know makes feel uncomfortable price list mini bar take money whatever want
242,English,Berlin,Ibis budget Berlin Potsdamer Platz,The location is absolutely convenient. The room is not big but acceptable. We slept well on the bed.,The staff was a bit impatient at the counter.,9.0,POS,0,,False,False,location absolutely convenient room big acceptable slept well bed staff bit impatient counter
331,English,Bucharest,Upstairs Boutique,"Design of the rooms, the kind and helpful staff and the excellent location right in the city center",Lack of dedicated parking spaces,8.0,POS,1,Romanian,False,False,design rooms kind helpful staff excellent location right city center lack dedicated parking spaces
970,English,Washington,Riggs Washington DC,"Riggs Washington DC was a beautiful and peaceful retreat right in the heart of the city. The room was tastefully decorated with great attention to detail, and the food was top notch. The staff went above and beyond to ensure our stay was memorable and comfortable.","The only downside was the relatively high price for some of the room services, but considering the overall quality and location, it was worth every penny.",8.0,POS,1,English(French),False,False,riggs washington dc beautiful peaceful retreat right heart city room tastefully decorated great attention detail food top notch staff went beyond ensure stay memorable comfortable downside relatively high price room services considering overall quality location worth every penny
905,English,Washington,Generator Hotel Washington DC,The location is pretty much the only good thing about this hotel.,"The rooms are very small and uncomfortable, the amenities are lacking, and the service is quite poor. The noise from the street is extremely loud and the cleanliness leaves a lot to be desired. I would not recommend this hotel to other tourists.",2.0,NEG,1,English(Russian),False,False,location pretty much good thing hotel rooms small uncomfortable amenities lacking service quite poor noise street extremely loud cleanliness leaves lot desired would recommend hotel tourists
296,English,Berlin,Generator Berlin Mitte,Staff was friendly except the security guy. He was intimidating.,"This is a hostel with bunch of private rooms. And, NO it's not a hotel.",4.0,NEG,0,,False,False,staff friendly except security guy intimidating hostel bunch private rooms hotel
862,English,Seoul,Stay Hotel Gangnam,"Check in and check out process was simple .
Staffs were very helpful",Soundproofing is bad. We were less annoyed by the sound because we enjoy strolling around Seoul from morning to night,9.0,POS,0,,False,False,check check process simple staffs helpful soundproofing bad less annoyed sound enjoy strolling around seoul morning night
547,English,New Delhi,The Prime Delhi,Just the staff workers were nice and helpful,Everything other than the staff was pathetic,4.0,NEG,0,,False,False,staff workers nice helpful everything staff pathetic
778,English,Rome,Alpi Hotel,Convenient location and friendly staff,"Unfortunately, the room was fairly outdated and the bathroom was not clean upon arrival. There was also a persistent noise from the hallway throughout the night that disturbed our rest. The breakfast was subpar and lacked variety. Moreover, the WiFi connection in our room was poor which caused inconvenience. I would not recommend this hotel for a comfortable and relaxing stay.",2.0,NEG,1,English(Russian),False,False,convenient location friendly staff unfortunately room fairly outdated bathroom clean upon arrival also persistent noise hallway throughout night disturbed rest breakfast subpar lacked variety moreover wifi connection room poor caused inconvenience would recommend hotel comfortable relaxing stay
217,English,Berlin,BlnCty Hotel,"The location is great, quiet.",The rude employee at the reception did not let in at the appointed time. The internet is bad.,4.0,NEG,0,,False,False,location great quiet rude employee reception let appointed time internet bad
250,English,Berlin,Ballhaus Berlin Hostel,"The Ballhaus Berlin Hostel in Berlin perfectly combines the charm of the historical building it is housed in with modern amenities. The staff were exceptionally welcoming and went above and beyond to ensure our comfort. Our room was impeccably clean and cozy, conveying a warm ambiance that truly felt like a home away from home. Adding to the overall delightful experience was the hostel's prime location with a plethora of interesting places to explore in the surrounding area.","As with any aged building, there were a few creaks and noises that might not be ideal for light sleepers. They could also improve the variety of items in their breakfast menu.",8.0,POS,1,English(Italian),False,False,ballhaus berlin hostel berlin perfectly combines charm historical building housed modern amenities staff exceptionally welcoming went beyond ensure comfort room impeccably clean cozy conveying warm ambiance truly felt like home away home adding overall delightful experience hostel prime location plethora interesting places explore surrounding area aged building creaks noises might ideal light sleepers could also improve variety items breakfast menu
42,English,Ankara,Grand Mercure Ankara,Perfect location and great comfort.,"The room daily clean up and providing it with water, coffee and toilet soap should be closely improved.",9.0,POS,0,,False,False,perfect location great comfort room daily clean providing water coffee toilet soap closely improved
517,English,New Delhi,Hotel Opera New Delhi,The location of the hotel was close to the city center.,"The rooms weren't as clean as in the photos, curtains were torn, there was dust on the furniture and the towels in the bathroom looked old and worn out. The room also had a peculiar smell.",3.0,NEG,1,Romanian,False,False,location hotel close city center rooms clean photos curtains torn dust furniture towels bathroom looked old worn room also peculiar smell
289,English,Berlin,Estrel Berlin,,"Their was renovations going on. The room smelled from the fumes of the new paint. I woke up with pain in my chest from the smell. although some items new, they weren’t of high quality. Shampoo dispenser broke upon use. Shower is built in a way where the water easily leaves the shower area.",3.0,NEG,0,,True,False,renovations going room smelled fumes new paint woke pain chest smell although items new high quality shampoo dispenser broke upon use shower built way water easily leaves shower area
8,English,Ankara,Hotel Ickale,"property was fine. But if you’re traveling in car - don’t stay here. Hotel said there will be private parking, but they parked our cars on the street and as a result I have a hit on my car. I don’t really recommend it","No car parking even if they say there is.
Your car is always going back and forth on cold engine for no reason
and it’s not safe to park on these streets
Breakfasts was 2 of 5",3.0,NEG,0,,False,False,property fine traveling car stay hotel said private parking parked cars street result hit car really recommend car parking even say car always going back forth cold engine reason safe park streets breakfasts 2 5
386,English,Bucharest,AT Central Apartments,The location was good with close proximity to public transportation.,"The apartment was not clean, amenities were lacking and service was poor. Noise from the neighboring apartments was also quite disruptive.",2.0,NEG,1,German,False,False,location good close proximity public transportation apartment clean amenities lacking service poor noise neighboring apartments also quite disruptive
304,English,Bucharest,Moxy Bucharest Old Town,"Room is extremely clean. As it is in the old town a bad smell comes from the drain but when the shower door is closed you can not feel it, this happens in every old town so this is not a complaint about the hotel at all, just FYI. The drinks in the bar were delicious and the bar/front desk employees were really nice and not pestering at all.","Breakfast at 60 Lau seems a little excessive, we didn't try it as other options close by were cheaper",10.0,POS,0,,False,False,room extremely clean old town bad smell comes drain shower door closed feel happens every old town complaint hotel fyi drinks bar delicious bar front desk employees really nice pestering breakfast 60 lau seems little excessive try options close cheaper
621,English,Paris,Hotel Nation Montmartre,"I felt so welcomed by the staff, they were very friendly. The room was clean, warm and quiet. Great location.",Nothing of note to report during my stay.,8.0,POS,1,English(French),False,False,felt welcomed staff friendly room clean warm quiet great location nothing note report stay
88,English,Ankara,ibis Ankara Airport Hotel,Close to the airport,"The rooms were tiny, and the beds were incredibly uncomfortable. They had a terrible smell of smoke despite being a non-smoking room. The food at the restaurant was underwhelming and overpriced. To top it all off, the noise from the airport kept us awake all night.",2.0,NEG,1,English(Korean),False,False,close airport rooms tiny beds incredibly uncomfortable terrible smell smoke despite non smoking room food restaurant underwhelming overpriced top noise airport kept us awake night
16,English,Ankara,Hotel Cinnah,"Despite the poor overall experience, the hotel is centrally located which gives it easy access to local attractions.","My stay at Hotel Cinnah in Ankara was marked by cleanliness issues, unsatisfactory food quality at the breakfast buffet, and a serious lack of proper customer service.",4.0,NEG,1,Italian,False,False,despite poor overall experience hotel centrally located gives easy access local attractions stay hotel cinnah ankara marked cleanliness issues unsatisfactory food quality breakfast buffet serious lack proper customer service
727,English,Rome,Hotel 87 eighty-seven - Maison d'Art Collection,Location was very good,We were put in the Dependance which is situated approx 100 metres from the hotel. The stay was very expensive and being unable to benefit from the use of the hotel facilities was extremely disappointing . In addition to this there was a problem with the air conditioning for the first 2 days leaving us with very large puddles of water on the floor - again not what you expect for the exorbitant rates charged.,4.0,NEG,0,,False,False,location good put dependance situated approx 100 metres hotel stay expensive unable benefit use hotel facilities extremely disappointing addition problem air conditioning first 2 days leaving us large puddles water floor expect exorbitant rates charged
428,English,Madrid,Eurostars Madrid Tower,clean,"low maintenance, the furniture was overly damaged",4.0,NEG,0,,False,False,clean low maintenance furniture overly damaged
322,English,Bucharest,Central Guesthouse,"Cozy and comfortable, located right in the heart of Bucharest. Hosts were exceptionally welcoming and went out of their way to make our stay enjoyable. The place was spotlessly clean and the homemade breakfast was a delight.","Being in central location, it can get a bit loud at night due to street noise, but nothing too bothersome.",8.0,POS,1,English(Spanish),False,False,cozy comfortable located right heart bucharest hosts exceptionally welcoming went way make stay enjoyable place spotlessly clean homemade breakfast delight central location get bit loud night due street noise nothing bothersome
151,English,Beijing,Grand Millennium Beijing,"It was on exact good location, view from room on cctv tower site was Magnificent, breakfast was splendid and restaurant 27th floor was relaxed.
WiFi working perfect.
What I liked about the rooms, there very clean, bathroom nice and big, shower was perfect!!",,9.0,POS,0,,False,True,exact good location view room cctv tower site magnificent breakfast splendid restaurant 27th floor relaxed wifi working perfect liked rooms clean bathroom nice big shower perfect
746,English,Rome,The Spanish Suite Campo de' Fiori,The location was good.,"Worst hotel we stayed in Rome. There is no stable employee at the hotel's reception. We reported several times that there was a problem in the bathroom, but they did not take care of it at all. We are very regretful about the hotel.",4.0,NEG,0,,False,False,location good worst hotel stayed rome stable employee hotel reception reported several times problem bathroom take care regretful hotel
663,English,Paris,citizenM Paris Champs-Élysées,It’s location,The sink in the room,10.0,POS,0,,False,False,location sink room
238,English,Berlin,Eurostars Berlin,,"Not recommending to stay. In reality 3 star hotel with poor service and furniture quality. They needed 2 hours to bring a bottle of water. They needed to repeat 2 times to clean the room. Room furniture was very used, some lamps did not work, shower was broken with water spreading to walls around",3.0,NEG,0,,True,False,recommending stay reality 3 star hotel poor service furniture quality needed 2 hours bring bottle water needed repeat 2 times clean room room furniture used lamps work shower broken water spreading walls around
254,English,Berlin,Ballhaus Berlin Hostel,"Nice staff, clean rooms, good lockers, bedside outlets, good wifi.",The sink in the bathroom is weird.,9.0,POS,0,,False,False,nice staff clean rooms good lockers bedside outlets good wifi sink bathroom weird
711,English,Rome,The Hive Hotel,"The Hive Hotel was a real find on my trip to Rome. The location is in the heart of the city with close proximity to public transport. The rooms were clean and spacious with all the necessary amenities. The staff was incredibly helpful and polite, going out of their way to make my stay more comfortable. The view from my room was breathtaking. The food in the restaurant was delicious, with a variety of options available. Overall, it was an absolute pleasure staying here and I highly recommend it to other tourists.","There was a slight issue with the Wi-Fi not being that strong in my room, but it was fixed immediately after I brought it to the attention of the staff.",9.0,POS,1,Russian,False,False,hive hotel real find trip rome location heart city close proximity public transport rooms clean spacious necessary amenities staff incredibly helpful polite going way make stay comfortable view room breathtaking food restaurant delicious variety options available overall absolute pleasure staying highly recommend tourists slight issue wi fi strong room fixed immediately brought attention staff
627,English,Paris,Hotel Nation Montmartre,"The hotel’s location is good, very close to Paris' iconic Sacré-Cœur, and public transport stations.","The hotel's room was quite small and cramped making it very uncomfortable. The Wi-Fi connection was quite slow and inconsistent, causing interruptions in my work. Lastly, the bathroom facilities were not maintained properly.",4.0,NEG,1,Italian,False,False,hotel location good close paris iconic sacré cœur public transport stations hotel room quite small cramped making uncomfortable wi fi connection quite slow inconsistent causing interruptions work lastly bathroom facilities maintained properly
505,English,New Delhi,Hotel Krishna Deluxe-By RCG Hotels,The staff was friendly.,"The rooms were cramped, the air conditioning was inadequate, and it was a super-noisy location due to construction works. Moreover, it lacked cleanliness to some extent. Also, the wifi was extremely slow and the breakfast menu was very limited.",4.0,NEG,1,English(Spanish),False,False,staff friendly rooms cramped air conditioning inadequate super noisy location due construction works moreover lacked cleanliness extent also wifi extremely slow breakfast menu limited
183,English,Beijing,Peking Youth Hostel,"The best location for solo travelers! I'd definitely stay here again when I visit Beijing.
Reception couldn't speak English, but they were very friendly. We were able to communicate through translating apps.",,9.0,POS,0,,False,True,best location solo travelers definitely stay visit beijing reception speak english friendly able communicate translating apps
345,English,Bucharest,"Central Hotel, Trademark Collection by Wyndham",The location,"Nothing honestly, the bed was not comfortable, room to small and not clean.",4.0,NEG,0,,False,False,location nothing honestly bed comfortable room small clean
374,English,Bucharest,Tomis Garden Aparthotel Bucuresti,"Tomis Garden Aparthotel Bucuresti is in a great location, with easy access to local attractions and public transport. The rooms are beautifully furnished and the staff are very helpful and friendly.","The only slight downside was the breakfast selection, it was a little limited, but what they did have was tasty.",8.0,POS,1,Chinese,False,False,tomis garden aparthotel bucuresti great location easy access local attractions public transport rooms beautifully furnished staff helpful friendly slight downside breakfast selection little limited tasty
164,English,Beijing,"Holiday Inn Temple Of Heaven Beijing, an IHG Hotel","The hotel located in a quiet area between 2 metro lines (800m - 1 km to walk ) , restaurants just near the corner , good breakfast , big room with all what you need inside even the iron plus it’s board , very easy for taking taxi … no traffic at all , so nice hotel staff from reception to restaurant :)","Toilet door and its facilities a little old, but all working very well .Bath tub with a curtain - not a shower box -.",9.0,POS,0,,False,False,hotel located quiet area 2 metro lines 800m 1 km walk restaurants near corner good breakfast big room need inside even iron plus board easy taking taxi traffic nice hotel staff reception restaurant toilet door facilities little old working well bath tub curtain shower box
967,English,Washington,Hamilton Hotel - Washington DC,Fabulous location for exploring Washington DC,The room was very small and the hotel was overpriced for what it offered.,5.0,NEG,1,Chinese,False,False,fabulous location exploring washington dc room small hotel overpriced offered
360,English,Bucharest,Hotel Michelangelo,"The Hotel Michelangelo is a true gem in Bucharest. The rooms are very clean and spacious with modern decor. The staff is friendly, professional, and they go out of their way to make guests feel welcome. The breakfast was excellent with a wide variety of choices. I particularly enjoyed the central location, close to many attractions, shops and restaurants.","There's nothing significant to complain about. Perhaps, the hotel could improve their Wi-Fi speed.",9.0,POS,1,English(Turkish),False,False,hotel michelangelo true gem bucharest rooms clean spacious modern decor staff friendly professional go way make guests feel welcome breakfast excellent wide variety choices particularly enjoyed central location close many attractions shops restaurants nothing significant complain perhaps hotel could improve wi fi speed
330,English,Bucharest,Upstairs Boutique,"Situated in a quiet area and within walking distance to the city centre. The staff is very friendly and willing to help with anything you need. Rooms are clean, spacious, modern and most importantly comfortable. Just feels like home.",,9.0,POS,1,English(Italian),False,True,situated quiet area within walking distance city centre staff friendly willing help anything need rooms clean spacious modern importantly comfortable feels like home
672,English,Paris,Hotel Minerve,"The location is perfect near Notre Dame. There are many cafes and it’s convenient to get anywhere. My favorite part of Paris. The room was good size for Paris, bathroom was very clean and functional. Staff were very nice and helpful.","There was weird smell every time we entered the room, I think it was the carpet.",9.0,POS,0,,False,False,location perfect near notre dame many cafes convenient get anywhere favorite part paris room good size paris bathroom clean functional staff nice helpful weird smell every time entered room think carpet
83,English,Ankara,ibis Ankara Airport Hotel,"The proximity to the airport was ideal. Efficient service, clean and comfortable room. Had a restful night before my flight!","Do wish they had more variety in the restaurant menu. A bit limited for my tastes, nonetheless, the food was decently good.",7.0,POS,1,Spanish,False,False,proximity airport ideal efficient service clean comfortable room restful night flight wish variety restaurant menu bit limited tastes nonetheless food decently good
834,English,Seoul,Imperial Palace Boutique Hotel,"Loved the contemporary design, the lively neighbourhood and the helpful hotel staff","The walls are a bit thin, which can be a problem if you have noisy neighbours",8.0,POS,1,English(Italian),False,False,loved contemporary design lively neighbourhood helpful hotel staff walls bit thin problem noisy neighbours
1,English,Ankara,Hotel Ickale,"The hotel leaves a pleasant and comfortable impression. Its central location allows for easy access to attractions and services. The staff was welcoming and helpful, and the rooms were satisfactory in terms of comfort and cleanliness.","The breakfast could have had a better variety, and the decor is a bit outdated.",8.0,POS,1,Romanian,False,False,hotel leaves pleasant comfortable impression central location allows easy access attractions services staff welcoming helpful rooms satisfactory terms comfort cleanliness breakfast could better variety decor bit outdated
968,English,Washington,Hamilton Hotel - Washington DC,,"Well, staff was unhelpful. We tried to get our vouchers for two breakfasts that I paid for with booking.com but were told there weren’t any. Even the manager. The sofa bed was broken, and we had to call many times for blankets for them. Then my daughter scraped her toe on the frame of the bed and we couldn’t even get a bandaid from the front desk. We were told we had to call security…This is
NOT a family friendly hotel.",4.0,NEG,0,,True,False,well staff unhelpful tried get vouchers two breakfasts paid booking com told even manager sofa bed broken call many times blankets daughter scraped toe frame bed even get bandaid front desk told call security family friendly hotel
887,English,Seoul,Hotel Skypark Dongdaemun I,Location,A drawer and a fridge could not be opened as a room was too small . Breakfast was poor.,3.0,NEG,0,,False,False,location drawer fridge could opened room small breakfast poor
746,English,Rome,The Spanish Suite Campo de' Fiori,Great location close to restaurants and markets,"The room was much smaller than anticipated, the breakfast was not up to standard, and there was quite a bit of noise from the neighboring rooms",4.0,NEG,1,English(Italian),False,False,great location close restaurants markets room much smaller anticipated breakfast standard quite bit noise neighboring rooms
569,English,New Delhi,Hotel International Inn - Near Delhi Airport,"The location of Hotel International Inn is a definite perk, it is incredibly close to Delhi Airport which was useful for our early morning flight.","Unfortunately, despite its convenient location, the cleanliness was not up to par. The linens and towels seemed to be quite old and worn out, which made for an uncomfortable stay. Also, we experienced quite a bit of noise from the neighbouring rooms, which disrupted our sleep. The Wi-Fi connection was also inconsistent, which caused us additional inconvenience.",4.0,NEG,1,English(Chinese),False,False,location hotel international inn definite perk incredibly close delhi airport useful early morning flight unfortunately despite convenient location cleanliness par linens towels seemed quite old worn made uncomfortable stay also experienced quite bit noise neighbouring rooms disrupted sleep wi fi connection also inconsistent caused us additional inconvenience
438,English,Madrid,NH Barajas Airport,efficient staff at check in,"very noisey from the rd, couldn’t sleep",4.0,NEG,0,,False,False,efficient staff check noisey rd sleep
527,English,New Delhi,UDS Villa - Scandinavian B&B,It is very close to the VFS and Shivaji stadium. Also it is situated in a less crowded area. The security is good. Good is good. The staff other than the receptionist is very friendly and helpful.,"The rooms are not clean, the bathroom smelled bad. Also provided utilities are not clean. They did not provide water bottles every day. We have to buy it. The coffee creamer and sugar packets are provided only once and every other day we have to request for that. The room is not cleaned for our entire stay of three days. Although there was a television there was no single English channel. The receptionist girl is not very friendly. She has a very cold personality. It is not worth the money we spent.",4.0,NEG,0,,False,False,close vfs shivaji stadium also situated less crowded area security good good good staff receptionist friendly helpful rooms clean bathroom smelled bad also provided utilities clean provide water bottles every day buy coffee creamer sugar packets provided every day request room cleaned entire stay three days although television single english channel receptionist girl friendly cold personality worth money spent
675,English,Paris,Hotel Minerve,The hotel's location being in the heart of Paris was its only saving grace.,"The overall experience was rather disappointing. The rooms were really small, with uncomfortable beds and thin walls, leading to disturbed sleep. The breakfast was quite substandard for its price, and the free Wi-Fi was painfully slow. The staff were inattentive and not particularly friendly or accommodating.",3.0,NEG,1,English(Chinese),False,False,hotel location heart paris saving grace overall experience rather disappointing rooms really small uncomfortable beds thin walls leading disturbed sleep breakfast quite substandard price free wi fi painfully slow staff inattentive particularly friendly accommodating
557,English,New Delhi,FabHotel White Klove Paharganj,The location is fairly central.,"Extremely noisy neighborhood, terrible service and the cleanliness standard was simply unacceptable.",2.0,NEG,1,English(Italian),False,False,location fairly central extremely noisy neighborhood terrible service cleanliness standard simply unacceptable
597,English,New Delhi,Bloomrooms @ New Delhi Railway Station,,"Well, this is my 1ST NEGATIVE EXPERIENCE/REVIEW SINCE I STARTED TRAVELLING in 2011. To keep it short:
No matter, how good of a Hotel or Rooms you build, you don't serve stale breakfast and have a mosquito in drinking water for the guest with the responsible staff not caring much about the immediate feedback.",3.0,NEG,0,,True,False,well 1st negative experience review since started travelling 2011 keep short matter good hotel rooms build serve stale breakfast mosquito drinking water guest responsible staff caring much immediate feedback
837,English,Seoul,Imperial Palace Boutique Hotel,Nothing much to be honest,,3.0,NEG,0,,False,True,nothing much honest
173,English,Beijing,Guo Ji Yi Yuan Hotel,"the room was comfortable and clean, with good amenities provided. Staff was friendly and helpful",the location was not very convenient for sightseeing around Beijing,8.0,POS,1,English(Korean),False,False,room comfortable clean good amenities provided staff friendly helpful location convenient sightseeing around beijing
382,English,Bucharest,AT Central Apartments,"Clean, large enough, nice staff (all small issues were solved immediately). The rooftop terrace is fantastic for spending the summer evenings.","It would be good to have a small folder with instructions, how to use the washing machine, what shops are in the neighbourhood, how to get home late, where to call in case of trouble etc. The usual staff that hotels provide.",10.0,POS,0,,False,False,clean large enough nice staff small issues solved immediately rooftop terrace fantastic spending summer evenings would good small folder instructions use washing machine shops neighbourhood get home late call case trouble etc usual staff hotels provide
330,English,Bucharest,Upstairs Boutique,"This hotel is situated in an excellent location, a short walk from Old Town. Rooms were clean and comfortable, with all the facilities you'd need. There's also a communal area with tables and sofas. The whole hotel has a modern feel. Staff was friendly, and they let us store our suitcase there for a few hours free of charge.","The hotel is, as the name implies, located upstairs. This wasn't a problem for us, but it may be one for people with disabilities or lower levels of fitness. The breakfast could have done with a bit more choice.",10.0,POS,0,,False,False,hotel situated excellent location short walk old town rooms clean comfortable facilities need also communal area tables sofas whole hotel modern feel staff friendly let us store suitcase hours free charge hotel name implies located upstairs problem us may one people disabilities lower levels fitness breakfast could done bit choice
466,English,Madrid,Eurostars Casa de la Lírica,Excellent location not far from everything you could need around Placa Sol. Very friendly and efficient staff. Good room size and loved our balcony. Good range for breakfast.,The central air conditioning system was not on. We never would have booked a hotel without air conditioning. Really bad false advertising. We were given a variety of lies about why it wasn't working until we were finally told that it just wasn't being turned on. If the staff haven't been so good at talking us around we would have walked out immediately. Having access to fresh air from the balcony was the only thing that made our stage tolerable but even then we couldn't leave the doors open at night because of the noise from the Madrid night life that continues until 6 am!!!,4.0,NEG,0,,False,False,excellent location far everything could need around placa sol friendly efficient staff good room size loved balcony good range breakfast central air conditioning system never would booked hotel without air conditioning really bad false advertising given variety lies working finally told turned staff good talking us around would walked immediately access fresh air balcony thing made stage tolerable even leave doors open night noise madrid night life continues 6
811,English,Seoul,Hamilton Hotel,"Excellent location, cozy rooms and skilled staff. The hotel is located close to some popular tourist attractions and restaurants. Convenient in-house currency exchange service.",Room view wasn't spectacular but interior is nice.,9.0,POS,1,English(Korean),False,False,excellent location cozy rooms skilled staff hotel located close popular tourist attractions restaurants convenient house currency exchange service room view spectacular interior nice
196,English,Beijing,New World Beijing Hotel,"Shower was excellent. Curtains worked great on an electric switch and kept the room very dark, as I like.","There was a light under the bathroom counter that would not turn off all night. We closed the bathroom door, but the light still escaped from above and below. What would have been a perfectly pitchblack room had a constant source of light throughout the night. Climate control fan was very loud. Bed was not very comfortable (hard mattress).",5.0,NEG,0,,False,False,shower excellent curtains worked great electric switch kept room dark like light bathroom counter would turn night closed bathroom door light still escaped would perfectly pitchblack room constant source light throughout night climate control fan loud bed comfortable hard mattress
574,English,New Delhi,"The Ashok, New Delhi",Great location 5 min from all Embassies. Diplomatic district,bit strong cold aircondition,10.0,POS,0,,False,False,great location 5 min embassies diplomatic district bit strong cold aircondition
370,English,Bucharest,Tomis Garden Aparthotel Bucuresti,"The rooms were large and clean, with a cute balcony. The staff were extremely accommodating and helpful. A pleasant, peaceful and well maintained establishment.","Although the hotel is well maintained, the WiFi can be a bit spotty at times, which was a little frustrating.",8.0,POS,1,Spanish,False,False,rooms large clean cute balcony staff extremely accommodating helpful pleasant peaceful well maintained establishment although hotel well maintained wifi bit spotty times little frustrating
181,English,Beijing,Peking Youth Hostel,The atmosphere here is stunningly nice! A classic Chinese garden right in the heart of the hostel where you can enjoy quietness and tranquility in bustling Beijing. Staff are helpful and accommodating. Rooms are preserved in old Chinese style but equipped with all modern facilities.,"Occasionally noisy fellow guests, but it's to be expected in a youth hostel, mostly lively and friendly environment.",8.0,POS,1,English(Russian),False,False,atmosphere stunningly nice classic chinese garden right heart hostel enjoy quietness tranquility bustling beijing staff helpful accommodating rooms preserved old chinese style equipped modern facilities occasionally noisy fellow guests expected youth hostel mostly lively friendly environment
727,English,Rome,Hotel 87 eighty-seven - Maison d'Art Collection,The location was the only redeeming quality.,"Rooms are terribly small. The bed was uncomfortable, the wifi barely worked, and customer service was severely lacking. For the price, this hotel simply does not live up to its hype or the standard of comfort one would expect.",2.0,NEG,1,English(Russian),False,False,location redeeming quality rooms terribly small bed uncomfortable wifi barely worked customer service severely lacking price hotel simply live hype standard comfort one would expect
826,English,Seoul,Orakai Insadong Suites,Spacious room layout,"The staff were not accommodating and unprofessional. The room cleanliness fell short, seeing dust on the bedside tables.",4.0,NEG,1,Chinese,False,False,spacious room layout staff accommodating unprofessional room cleanliness fell short seeing dust bedside tables
219,English,Berlin,BlnCty Hotel,The hotel's proximity to the city center was quite convenient.,"The hotel rooms were not very clean, dust was noticeable on surfaces and the bathroom was not up to standard either. The noise from the street was very disturbing during the night, making it hard to get a good night's sleep. Additionally, the staff wasn't very friendly nor helpful when issues were brought to their attention.",2.0,NEG,1,Italian,False,False,hotel proximity city center quite convenient hotel rooms clean dust noticeable surfaces bathroom standard either noise street disturbing night making hard get good night sleep additionally staff friendly helpful issues brought attention
235,English,Berlin,Eurostars Berlin,"Good location, looked beautiful in photos as well as in real life.","Some things didn't work; some lightswitches, plugs and the shower was leaking a bit when turned on. Some things were missing like a toilet brush. When we arrived our chair had a pretty bad stain. We had to ask a couple of times for it to get cleaned/switched to another chair. In the evening an alarm went off and the whole building had to evacuate outside. That ofcourse isn't the fault of the Hotel, but it certainly wasn't a positive addition to our stay.",4.0,NEG,0,,False,False,good location looked beautiful photos well real life things work lightswitches plugs shower leaking bit turned things missing like toilet brush arrived chair pretty bad stain ask couple times get cleaned switched another chair evening alarm went whole building evacuate outside ofcourse fault hotel certainly positive addition stay
951,English,Washington,Glover Park Hotel Georgetown,"The Glover Park Hotel Georgetown not only had top-notch service, its proximity to key places of interest in Washington was also a major highlight. The rooms were well-kept and the general atmosphere of the hotel was wonderful.","However, the parking situation was a bit tricky, would advise exploring other parking options.",8.0,POS,1,Romanian,False,False,glover park hotel georgetown top notch service proximity key places interest washington also major highlight rooms well kept general atmosphere hotel wonderful however parking situation bit tricky would advise exploring parking options
781,English,Rome,Exe International Palace,"Exe International Palace had a charming vintage vibe to it. The rooms were exceptionally clean and the staff was more than friendly. The hotel was situated in a convenient location, close to several notable tourist spots and local eateries.","The only downside was the lack of a fitness center, but Rome's spectacular sights more than made up for our exercise.",8.0,POS,1,English(French),False,False,exe international palace charming vintage vibe rooms exceptionally clean staff friendly hotel situated convenient location close several notable tourist spots local eateries downside lack fitness center rome spectacular sights made exercise
627,English,Paris,Hotel Nation Montmartre,Breakfast was pleasant.,"Where do I start? The local area was unsafe, gangs of young men harassing women, the local metro station was too unsafe to use. The hotel itself was structurally of poor upkeep and repair. It had been decorated in parts but this didn’t detract from the general poor quality of decor and low quality fittings. The building didn’t feel safe. There was no lift, the only exit was via a winding, unstable, spiral staircase, in the event of a fire this too was the only way to escape. The staff were generally unhelpful, borderline rude or nowhere to be found. Although I paid in full before my arrival I was also told on arrival to pay a 150 Euro security deposit, this had not been mentioned in any previous correspondence, I was told it would be refunded on departure, I haven’t received the refund yet.",3.0,NEG,0,,False,False,breakfast pleasant start local area unsafe gangs young men harassing women local metro station unsafe use hotel structurally poor upkeep repair decorated parts detract general poor quality decor low quality fittings building feel safe lift exit via winding unstable spiral staircase event fire way escape staff generally unhelpful borderline rude nowhere found although paid full arrival also told arrival pay 150 euro security deposit mentioned previous correspondence told would refunded departure received refund yet
695,English,Paris,Sofitel Le Scribe Paris Opera,The architecture of the building and the opulence of the lobby,The room was not up to the mark of a luxury hotel. The breakfast selection was limited and not restocked frequently enough. Overpriced.,4.0,NEG,1,French,False,False,architecture building opulence lobby room mark luxury hotel breakfast selection limited restocked frequently enough overpriced
617,English,Paris,Motel One Paris-Porte Dorée,The hotel's decor is modern and the location is somewhat convenient.,"The room was absolutely tiny and there was a distinct lack of storage space. The bathroom was small as well, and all toiletries were of low quality. Moreover, the walls were thin and I could clearly hear conversations from the neighbouring rooms, which greatly disturbed my sleep. The breakfast was a letdown too, it was the same every day, with lack of variety and poor quality of products.",3.0,NEG,1,German,False,False,hotel decor modern location somewhat convenient room absolutely tiny distinct lack storage space bathroom small well toiletries low quality moreover walls thin could clearly hear conversations neighbouring rooms greatly disturbed sleep breakfast letdown every day lack variety poor quality products
187,English,Beijing,Peking Youth Hostel,The exterior is rather appealing.,"Cleanliness was a serious issue; room was not as clean as expected and bathrooms were quite unpleasant. The noise levels were also a nuisance, courtesy of the thin walls. Staff was less than helpful and sluggish in providing services.",3.0,NEG,1,English(Chinese),False,False,exterior rather appealing cleanliness serious issue room clean expected bathrooms quite unpleasant noise levels also nuisance courtesy thin walls staff less helpful sluggish providing services
581,English,New Delhi,Andaz Delhi Aerocity- Concept by Hyatt,"Location of the hotel 
Breakfast was very good
Staffs was very attentive",-,9.0,POS,0,,False,False,location hotel breakfast good staffs attentive
403,English,Madrid,Pestana CR7 Gran Vía Madrid,"Nice place, staff wonderful and open to support and good knowledge of English. Well located and on the top, they have the rooftop and swimming pool. Definitely will book again in future. :)",Non - I enjoyed every single second.,10.0,POS,0,,False,False,nice place staff wonderful open support good knowledge english well located top rooftop swimming pool definitely book future non enjoyed every single second
803,English,Seoul,Hotel Skypark Central Myeongdong,The location is very good. It is accessible to almost all.,None so far.,9.0,POS,0,,False,False,location good accessible almost none far
826,English,Seoul,Orakai Insadong Suites,,"facilities are quite old, not modern.
The elevator was replaced so it was very inconvenient. 
Traffic was too poor to approach and I would not recommend my friends to stay here.",3.0,NEG,0,,True,False,facilities quite old modern elevator replaced inconvenient traffic poor approach would recommend friends stay
579,English,New Delhi,"The Ashok, New Delhi",The location of the hotel is very good. It was convenient to go anywhere. It's surrounded by greenery which provides a peaceful environment.,"The hotel infrastructure seemed aged. Room service was slow, we had to wait for a long period for our dinner. Also, the food was not up to the mark considering the reputation of the hotel. The price we paid doesn't justify the service we received. Needs major performance improvement.",4.0,NEG,1,English(Romanian),False,False,location hotel good convenient go anywhere surrounded greenery provides peaceful environment hotel infrastructure seemed aged room service slow wait long period dinner also food mark considering reputation hotel price paid justify service received needs major performance improvement
869,English,Seoul,Stay Hotel Gangnam,The location of Stay Hotel Gangnam in Seoul is absolutely spot-on. It is conveniently close to shopping malls and restaurants.,"Nevertheless, the overall experience was below par. The rooms were quite small and not very clean. Customer service was also quite mediocre as the staff seemed to be not well-trained and unresponsive to requests. Furthermore, the WiFi in the room was pretty unstable, causing inconvenience.",4.0,NEG,1,English(Spanish),False,False,location stay hotel gangnam seoul absolutely spot conveniently close shopping malls restaurants nevertheless overall experience par rooms quite small clean customer service also quite mediocre staff seemed well trained unresponsive requests furthermore wifi room pretty unstable causing inconvenience
445,English,Madrid,Catalonia Gran Vía Madrid,Location was perfect,Internett was not working . So much noise in the room becoz they are renewing . Could nt sleep . And we tell the personal at hotel they don nt try to solve the problem .,4.0,NEG,0,,False,False,location perfect internett working much noise room becoz renewing could nt sleep tell personal hotel nt try solve problem
468,English,Madrid,Eurostars Casa de la Lírica,"The architecture and design of the hotel building is quite impressive, and the central location is definitely a plus.","My experience with the Eurostars Casa de la Lírica was well below expectations. The service left a lot to be desired. The staff was quite unresponsive to queries and did not provide adequate support. Also, the rooms were not well-maintained. Some of the furniture seemed outdated and the bathroom wasn't cleaned properly prior to my stay. The food served in the restaurant was of mediocre quality and not worth the price. I also experienced a lot of noise during my stay which disrupted my sleep.",4.0,NEG,1,Russian,False,False,architecture design hotel building quite impressive central location definitely plus experience eurostars casa de la lírica well expectations service left lot desired staff quite unresponsive queries provide adequate support also rooms well maintained furniture seemed outdated bathroom cleaned properly prior stay food served restaurant mediocre quality worth price also experienced lot noise stay disrupted sleep
511,English,New Delhi,Hotel Opera New Delhi,"Hotel Opera was a delightful stay. Its central location in New Delhi offered easy access to all major tourist sites. The staff was courteous and attended to our needs promptly. The rooms were immaculate and well-maintained, providing all the amenities one could wish for. ","Although the Wi-Fi connection was often unstable, the staff quickly addressed this each time. They could also expand their breakfast menu to provide a wider selection of local cuisine.",8.0,POS,1,Turkish,False,False,hotel opera delightful stay central location new delhi offered easy access major tourist sites staff courteous attended needs promptly rooms immaculate well maintained providing amenities one could wish although wi fi connection often unstable staff quickly addressed time could also expand breakfast menu provide wider selection local cuisine
807,English,Seoul,Hotel Skypark Central Myeongdong,"The location is very convenient, right in the heart of Myeongdong. The staff are friendly and try to be as helpful as possible.","The rooms are quite small and not as clean as I would expect from a hotel of this standard. Also, the breakfast left much to be desired, not much variety and the food quality was mediocre.",4.0,NEG,1,Romanian,False,False,location convenient right heart myeongdong staff friendly try helpful possible rooms quite small clean would expect hotel standard also breakfast left much desired much variety food quality mediocre
648,English,Paris,Hôtel Lodge In Paris 13,Staff were professionals.,"Location, breakfast, cleanliness",4.0,NEG,0,,False,False,staff professionals location breakfast cleanliness
399,English,Bucharest,The Embassy Nord,"It was okay for one night stay, especially when traveling by train as it is a very close and easy walk to the main station. The staff on the phone was kind when I called to ask about the AC.","From what I saw, some of the things they advertise here are not accurate to what you get- no vending machines (just a locked refrigerator with some drinks), there only was a small coffee maker in reception not like in the pictures (even when I left in the morning), the AC didn’t work (though they said it broke down but would be working next weekend so I guess that’s not really on them) and the shower made water go all over the bathroom floor.",5.0,NEG,0,,False,False,okay one night stay especially traveling train close easy walk main station staff phone kind called ask ac saw things advertise accurate get vending machines locked refrigerator drinks small coffee maker reception like pictures even left morning ac work though said broke would working next weekend guess really shower made water go bathroom floor
413,English,Madrid,Riu Plaza España,Location! Location!,None!,10.0,POS,0,,False,False,location location none
494,English,Madrid,Generator Madrid,"Chic design, excellent location, and outstandingly friendly staff makes this place a stand out!",Beds in the dorm room are slightly uncomfortable.,7.0,POS,1,Korean,False,False,chic design excellent location outstandingly friendly staff makes place stand beds dorm room slightly uncomfortable
248,English,Berlin,Ibis budget Berlin Potsdamer Platz,"Ibis budget Berlin Potsdamer Platz is well situated in central Berlin, within walking distance to some popular attractions. Check-in was also quick and efficient.","However, the rooms leave much to be desired in terms of cleanliness and comfort. The beds were not very comfortable and the rooms had a distinct, unpleasant odor. Additionally, the breakfast selection left a lot to be desired and customer service was subpar. The staff were not very helpful when we encountered issues.",3.0,NEG,1,English(Spanish),False,False,ibis budget berlin potsdamer platz well situated central berlin within walking distance popular attractions check also quick efficient however rooms leave much desired terms cleanliness comfort beds comfortable rooms distinct unpleasant odor additionally breakfast selection left lot desired customer service subpar staff helpful encountered issues
202,English,Berlin,AMANO East Side,"Very stylish, everything looked new and the room was quiet and extremely comfortable. I liked the bed, the furnishings and the toilet shower room.",,9.0,POS,0,,False,True,stylish everything looked new room quiet extremely comfortable liked bed furnishings toilet shower room
598,English,New Delhi,Bloomrooms @ New Delhi Railway Station,"1. Hotel staffs are very cooperative and friendly. 
2. Comfortable soft bed
3. tea & coffee available at common place 
4. open area inside hotel compound 
5. Not noisy","1. Expensive since I booked it outside India.
2. transparent glass panel next to door. it compromises privacy if somehow that slim curtain moves 
3. Breakfast not good.
4. no window",4.0,NEG,0,,False,False,1 hotel staffs cooperative friendly 2 comfortable soft bed 3 tea coffee available common place 4 open area inside hotel compound 5 noisy 1 expensive since booked outside india 2 transparent glass panel next door compromises privacy somehow slim curtain moves 3 breakfast good 4 window
267,English,Berlin,Hotel Vivaldi Berlin am Kurfürstendamm,In a good location for a nice area full of cafes and bars.,"Reception staff were rude and unhelpful - no greeting or welcome. Despite a conversation with the lady on reception in perfect English to tell me I could not have my room as the time was 13:50 and check-in is 14:00, a little later when asking if the front door would be locked at night and if so how to enter, she seemed to have lost her English and didn't want to speak to me.
The whole hotel is tired, which is not a problem considering the cheap price, but the whole place also needs a a good clean.",3.0,NEG,0,,False,False,good location nice area full cafes bars reception staff rude unhelpful greeting welcome despite conversation lady reception perfect english tell could room time 13 50 check 14 00 little later asking front door would locked night enter seemed lost english want speak whole hotel tired problem considering cheap price whole place also needs good clean
215,English,Berlin,BlnCty Hotel,The location is okay and close to public transportation,The room was not air-conditioned and very muggy. The conditions were uncomfortable,2.0,NEG,1,Turkish,False,False,location okay close public transportation room air conditioned muggy conditions uncomfortable
680,English,Paris,Courtyard by Marriott Paris Gare de Lyon,"The location of this hotel is very convenient, only a few minutes' walk from the Gare de Lyon station. Rooms were modern, clean and comfortable. Breakfast was good with a nice selection of fresh foods.","Although the room was well soundproofed, there was some noise from the street. Also, the hotel seemed understaffed at times, particularly during breakfast.",8.0,POS,1,Turkish,False,False,location hotel convenient minutes walk gare de lyon station rooms modern clean comfortable breakfast good nice selection fresh foods although room well soundproofed noise street also hotel seemed understaffed times particularly breakfast
515,English,New Delhi,Hotel Opera New Delhi,The room and bed were OK. The quality of cooking was good.,"The staff were unfriendly and non-cooperative. First, they challenged me that I had booked the room for 3 people. When I showed them proof from my booking.com voucher, they denied having seen that and claimed ignorance about the booking.com process and method of booking. I even told them I had paid extra for a premier room, but they replied that all their rooms were premier, so the premier option on booking.com must be a hoax.
 Then they told me that even though I had paid extra for including breakfast and dinner, that should only be for vegetarian food and I had to pay extra if I wanted chicken or even just eggs. When I told them there was no such rule written in the booking.com site for their hotel, they asked me that I should check market prices for such ""costly"" items and understand it was not possible to include such items in the included menu, even if I had paid extra. So I paid an extra amount for my food as I am not particularly fond of vegetarian food. 
 Finally, I had found a cockroach in the bathroom and killed it. When I informed them, they denied it as if I was lying. I felt I should have taken a video for proof. Anyway, the bathroom was not very clean. The room was OK and big but a bit old and not very clean.",4.0,NEG,0,,False,False,room bed ok quality cooking good staff unfriendly non cooperative first challenged booked room 3 people showed proof booking com voucher denied seen claimed ignorance booking com process method booking even told paid extra premier room replied rooms premier premier option booking com must hoax told even though paid extra including breakfast dinner vegetarian food pay extra wanted chicken even eggs told rule written booking com site hotel asked check market prices costly items understand possible include items included menu even paid extra paid extra amount food particularly fond vegetarian food finally found cockroach bathroom killed informed denied lying felt taken video proof anyway bathroom clean room ok big bit old clean
660,English,Paris,citizenM Paris Champs-Élysées,"Small but comfortable and quiet room, clean, very central position suitable to discover Paris by foot, very good breakfasr, friendly staff",,10.0,POS,0,,False,True,small comfortable quiet room clean central position suitable discover paris foot good breakfasr friendly staff
978,English,Washington,Riggs Washington DC,"Great location, easy to get around on foot or a quick uber to other places.
very close to main attractions","We didnt like the noise of the air conditioning in our room , when it switched on it was incredibly noisey and off putting when trying to sleep",8.0,POS,0,,False,False,great location easy get around foot quick uber places close main attractions didnt like noise air conditioning room switched incredibly noisey putting trying sleep
977,English,Washington,Riggs Washington DC,The historic building and the central location.,"The hotel is stunning but unfortunately the service is not at the same level. I experienced difficulties upon check-in, the room was not ready at the standard check-in time. The room was smaller than advertised and lacked basic amenities like coffee maker. Despite numerous requests, these issues were not addressed in a timely manner. There was a noticeable level of noise from the street which made it hard to sleep comfortably.",4.0,NEG,1,French,False,False,historic building central location hotel stunning unfortunately service level experienced difficulties upon check room ready standard check time room smaller advertised lacked basic amenities like coffee maker despite numerous requests issues addressed timely manner noticeable level noise street made hard sleep comfortably
222,English,Berlin,numa I Arc Rooms & Apartments,It is really convenient to use as room is simple and super clean/tidy… Everything is ready and enough for 4-5 days staying,"It was strange at first but there was not even one person at reception you complete all booking by online and take a code to reach your room. I think it’s good and easy to access, I liked it.",9.0,POS,0,,False,False,really convenient use room simple super clean tidy everything ready enough 4 5 days staying strange first even one person reception complete booking online take code reach room think good easy access liked
378,English,Bucharest,Tomis Garden Aparthotel Bucuresti,"Quite location, plenty of space. Nice staff.","Cleanliness was a big issue, old and shabby furniture. Bathroom was not cleaned properly, and there was a strange smell.",4.0,NEG,1,Korean,False,False,quite location plenty space nice staff cleanliness big issue old shabby furniture bathroom cleaned properly strange smell
405,English,Madrid,Pestana CR7 Gran Vía Madrid,,Air condition very bad to hot,4.0,NEG,0,,True,False,air condition bad hot
347,English,Bucharest,"Central Hotel, Trademark Collection by Wyndham","The rooms were clean and the location was good, a close walk to the old town and other attractions","Unfortunately we were placed on the second floor, which is the same level as the breakfast room. This really ruined our stay and was a shame as the hotel was clean and the check in staff friendly, however the noise was absolutely dreadful.
We were woken up at 6:30 every morning by clattering plates, slamming doors, clinking glasses, people running up and down and staff shouting at each other accross the corridor. It would have been just as loud if we were actually sleeping in the dining room. This went on for a few hours, at which the noise was replaced by housekeeping so there wasn't even an opportunity for a nap later in the afternoon. 
Sadly this would stop me from returning as there are cheaper hotels closer by where you can get a good night's sleep.",4.0,NEG,0,,False,False,rooms clean location good close walk old town attractions unfortunately placed second floor level breakfast room really ruined stay shame hotel clean check staff friendly however noise absolutely dreadful woken 6 30 every morning clattering plates slamming doors clinking glasses people running staff shouting accross corridor would loud actually sleeping dining room went hours noise replaced housekeeping even opportunity nap later afternoon sadly would stop returning cheaper hotels closer get good night sleep
921,English,Washington,Hilton Garden Inn Washington DC Downtown,"Great position for sightseeing, near the White House and National Monuments. Staff are incredibly friendly and helpful.","Only downside is that breakfast isn't included, but plenty of places nearby to eat.",8.0,POS,1,English(Spanish),False,False,great position sightseeing near white house national monuments staff incredibly friendly helpful downside breakfast included plenty places nearby eat
486,English,Madrid,Hotel Avenida Gran Vía,The hotel is conveniently located in close proximity to major attractions. The reception staff was friendly and tried their best to assist us.,"The room was much smaller than expected from pictures. Noise from the streets was quite disruptive throughout the night, and the air conditioning was difficult to regulate. The bathroom was a bit outdated and the shower lacked consistent hot water.",3.0,NEG,1,Chinese,False,False,hotel conveniently located close proximity major attractions reception staff friendly tried best assist us room much smaller expected pictures noise streets quite disruptive throughout night air conditioning difficult regulate bathroom bit outdated shower lacked consistent hot water
48,English,Ankara,Grand Mercure Ankara,Location,Cleaning was not done properly,6.0,NEG,0,,False,False,location cleaning done properly
7,English,Ankara,Hotel Ickale,Nice Furnitures and setups.,"upon checkout, the front desk made me wait as they are counting the items in the fridge to see if anything was stolen and consumed. I ended paying more for my taxi as it kept the taxi waiting.
The internet was bad. it dropped every 2 minutes. Nothing happended after a complaint was made. On Sunday, a guy came to inform me there is completely no internet. I had completely no internet for part of Saturday and all of Sunday",3.0,NEG,0,,False,False,nice furnitures setups upon checkout front desk made wait counting items fridge see anything stolen consumed ended paying taxi kept taxi waiting internet bad dropped every 2 minutes nothing happended complaint made sunday guy came inform completely internet completely internet part saturday sunday
154,English,Beijing,Grand Millennium Beijing,"the size of the hotel room is generous, bright with city view, bed is clean and comfortable, staff are helpful, subway line 10 is only 50 meters away, makes my trip very easy, would definitely stay again",,9.0,POS,0,,False,True,size hotel room generous bright city view bed clean comfortable staff helpful subway line 10 50 meters away makes trip easy would definitely stay
454,English,Madrid,Axel Hotel Madrid - Adults Only,"The location of the hotel is brilliant, rooms are modern, clean, and service is top-notch.","The hotel breakfast was lackluster, could definitely use a better variety.",8.0,POS,1,German,False,False,location hotel brilliant rooms modern clean service top notch hotel breakfast lackluster could definitely use better variety
35,English,Ankara,The Green Park Ankara,"The location is good, and I always stay at this hotel.",Breakfast didn't reach. The room had some problems and I couldn't use baseyne free.,3.0,NEG,0,,False,False,location good always stay hotel breakfast reach room problems use baseyne free
641,English,Paris,Hôtel Lodge In Paris 13,"Hôtel Lodge In Paris 13 was an outstanding experience! The staff were friendly and accommodating, the rooms were tastefully decorated with a touch of Parisian elegance, and the cleanliness was impeccable. The location was also a top advantage, being close to major attractions.",It would have been great if the hotel offered a wider range of breakfast options.,8.0,POS,1,English(Romanian),False,False,hôtel lodge paris 13 outstanding experience staff friendly accommodating rooms tastefully decorated touch parisian elegance cleanliness impeccable location also top advantage close major attractions would great hotel offered wider range breakfast options
781,English,Rome,Exe International Palace,"Great location. Helpful staff gave us maps and showed us which high points to see.
Had AC. Clean and quiet.",It was all good,9.0,POS,0,,False,False,great location helpful staff gave us maps showed us high points see ac clean quiet good
157,English,Beijing,Grand Millennium Beijing,The spa and gym facilities were the best thing about the hotel,"The check-in was a complete headache as there was no explanation of what services the hotel provided, no assistance with the luggage, and as it was X-mas eve no help with making a reservation for Christmas dinner.",4.0,NEG,0,,False,False,spa gym facilities best thing hotel check complete headache explanation services hotel provided assistance luggage x mas eve help making reservation christmas dinner
418,English,Madrid,Riu Plaza España,"The location of the hotel is very convenient, right in the center of Madrid. It's a walking distance to many tourist attractions and public transportation","The noise level was extremely high, both from the street and from inside the hotel. The rooms were not sufficiently insulated against noise. Additionally, the front desk staff was not very welcoming or helpful",4.0,NEG,1,French,False,False,location hotel convenient right center madrid walking distance many tourist attractions public transportation noise level extremely high street inside hotel rooms sufficiently insulated noise additionally front desk staff welcoming helpful
521,English,New Delhi,UDS Villa - Scandinavian B&B,The staff was super friendly and helpful all the time.,,9.0,POS,0,,False,True,staff super friendly helpful time
766,English,Rome,Hotel 55 Fifty-Five - Maison d'Art Collection,Location,Construction in first floor,3.0,NEG,0,,False,False,location construction first floor
708,English,Rome,Hotel 77 Seventy-Seven - Maison D'Art Collection,Good location,"- bed was rock hard and very uncomfortable 
- only 1 room key was provided so unable to leave the air conditioner on whilst out 
- plug didn’t work in the bathroom, rather then being fixed it was just removed 
- decor of the room needs freshening up, lots of scuffs and marks 
- cleanliness could have been improved 
- fault with shower screen",4.0,NEG,0,,False,False,good location bed rock hard uncomfortable 1 room key provided unable leave air conditioner whilst plug work bathroom rather fixed removed decor room needs freshening lots scuffs marks cleanliness could improved fault shower screen
939,English,Washington,State Plaza Hotel,"The location.,",Was not clean. The shower had mold and there was blond hair all over the place. It also had a weird smell in the basement.,4.0,NEG,0,,False,False,location clean shower mold blond hair place also weird smell basement
531,English,New Delhi,Hyatt Regency Delhi,Overall great experience with good hospitality,,9.0,POS,0,,False,True,overall great experience good hospitality
279,English,Berlin,The Westin Grand Berlin,The room was clean. It smells nice.,"City-vieuw turned out, looking up to a wall straight next door. You have to pay extra for the wellness where the swimming pool is closed (completely) and there is only a few saunas and an empty steambad. When I pay this amount of money I think I could expect a little comfort and using a sauna should be free of charge. At the front desk you don't feel welcome at all. For me is was a once but never again experience.",3.0,NEG,0,,False,False,room clean smells nice city vieuw turned looking wall straight next door pay extra wellness swimming pool closed completely saunas empty steambad pay amount money think could expect little comfort using sauna free charge front desk feel welcome never experience
929,English,Washington,Hilton Garden Inn Washington DC Downtown,Location,Room AC is way too loud. Staff not friendly.,4.0,NEG,0,,False,False,location room ac way loud staff friendly
906,English,Washington,Generator Hotel Washington DC,"The hotel is near a metro station, which provides easy access to explore the city.","The Generator Hotel was a total disappointment. The noise levels were intolerable - thanks to a lack of proper soundproofing; it felt like the traffic was in our room. The room was not as clean as I expected, with dust visible on furniture. The staff seemed disinterested and failed to provide necessary assistance during our stay. The hotel claims to be value for money but the services offered were not up to the mark, thus challenging this claim. I find it tough to recommend this hotel to fellow tourists.",2.0,NEG,1,English(Russian),False,False,hotel near metro station provides easy access explore city generator hotel total disappointment noise levels intolerable thanks lack proper soundproofing felt like traffic room room clean expected dust visible furniture staff seemed disinterested failed provide necessary assistance stay hotel claims value money services offered mark thus challenging claim find tough recommend hotel fellow tourists
458,English,Madrid,Axel Hotel Madrid - Adults Only,the top roof bar,"it was to dark the room was not clean enough you could see dust everywhere, the shower was plugged so I have to take a shower with my legs apart to avoid having my feet under the stacked water :( 
all the main attraction around Barcelona are not waking distance. also no body have mansion it was a LGBT hotel and I don’t mind it but I would’ve have someone to tell me about before I booked and check in and having my parents asking me were the I was staying because the main picture when they clicked at the name of the hotel showed 2 man’s in a bed 🤣🤭🙈 and my poor mother almost have a headache..",4.0,NEG,0,,False,False,top roof bar dark room clean enough could see dust everywhere shower plugged take shower legs apart avoid feet stacked water main attraction around barcelona waking distance also body mansion lgbt hotel mind would someone tell booked check parents asking staying main picture clicked name hotel showed 2 man bed poor mother almost headache
75,English,Ankara,Güvenay Business Hotel,the valet staff even though i think they might have dent my car.,the staff needs to be more customer eccentric and be more courteous and helpful.,3.0,NEG,0,,False,False,valet staff even though think might dent car staff needs customer eccentric courteous helpful
596,English,New Delhi,Bloomrooms @ New Delhi Railway Station,Nothing much to like. Breakfast was ok. Room extended immediately upon request.,"Location is super bad, no cabs available, No food services after 9:30pm, rooms are very small. Courtyard is not of any use. Rather use that place for larger rooms. Breakfast should have better options or rather different food items everyday.",4.0,NEG,0,,False,False,nothing much like breakfast ok room extended immediately upon request location super bad cabs available food services 9 30pm rooms small courtyard use rather use place larger rooms breakfast better options rather different food items everyday
898,English,Seoul,Hotel Skypark Myeongdong 1,The location is super central and the staff is very helpful.,"Everything about the room was bad. We have arrived really late and planned to stay only 1 night. Therefore I did not go and ask for any other room. However room was so small, no windows. most importantly, there was no shower basin. When you have shower, you make all the bathroom wet. The tap you use to wash your hands in the washing basin also works for shower! It is a huge disaster! 
As I said, if I would have planned to stay one more night, I would definitely ask for a change ( not sure if there are any better rooms) or leave the hotel.",4.0,NEG,0,,False,False,location super central staff helpful everything room bad arrived really late planned stay 1 night therefore go ask room however room small windows importantly shower basin shower make bathroom wet tap use wash hands washing basin also works shower huge disaster said would planned stay one night would definitely ask change sure better rooms leave hotel
708,English,Rome,Hotel 77 Seventy-Seven - Maison D'Art Collection,,"The hotel had a variety of issues. Firstly, the rooms were significantly smaller than advertised. There was also a disruptive level of noise from neighboring nightclubs until early morning hours which was not mentioned when making the booking. The provided breakfast was very minimal and disappointing given the price of the stay. Also, the hotel lacked cleanliness and required maintenance as some fixtures were evidently broken or unusable. Patron service was a particularly negative experience with the staff unable to communicate in English well and was often unresponsive or dismissive to my complaints and requests. Overall, I would not recommend 'Hotel 77 Seventy-Seven - Maison D'Art Collection' to other tourists looking for a peaceful and enjoyable stay in Rome.",2.0,NEG,1,English(Russian),True,False,hotel variety issues firstly rooms significantly smaller advertised also disruptive level noise neighboring nightclubs early morning hours mentioned making booking provided breakfast minimal disappointing given price stay also hotel lacked cleanliness required maintenance fixtures evidently broken unusable patron service particularly negative experience staff unable communicate english well often unresponsive dismissive complaints requests overall would recommend hotel 77 seventy seven maison art collection tourists looking peaceful enjoyable stay rome
661,English,Paris,citizenM Paris Champs-Élysées,"citizenM Paris Champs-Élysées is all about the modern, minimalist aesthetic with technology-forward amenities and customer service. The rooms might be small but they are well designed to make the most of the space, and the view from the large window was outstanding.","If you're after a traditional Parisian hotel experience with bellhops and room service, this isn't it, but if you're okay with self check-in and out desks and non-traditional hotel practices, you should have a good night's stay.",8.0,POS,1,English(Turkish),False,False,citizenm paris champs élysées modern minimalist aesthetic technology forward amenities customer service rooms might small well designed make space view large window outstanding traditional parisian hotel experience bellhops room service okay self check desks non traditional hotel practices good night stay
911,English,Washington,Motto by Hilton Washington DC City Center,Hotel basic but extremely clean & tidy! Location great for seeing all major attractions on foot! Parking easy as hotel has rate with local car park!,Would have been nice to have in room coffee/tea facilities but not a major issue,9.0,POS,0,,False,False,hotel basic extremely clean tidy location great seeing major attractions foot parking easy hotel rate local car park would nice room coffee tea facilities major issue
440,English,Madrid,Catalonia Gran Vía Madrid,"Excellent location in the very centre of Madrid, quite spacious rooms and very nice rooftop pool.",A bit noisy due to busy street even on high floors.,8.0,POS,1,French,False,False,excellent location centre madrid quite spacious rooms nice rooftop pool bit noisy due busy street even high floors
853,English,Seoul,"Four Points by Sheraton Josun, Seoul Station",Location,Working hours of the restaurant,9.0,POS,0,,False,False,location working hours restaurant
651,English,Paris,Hotel Mimosa Paris,Clean and cozy. Staff was very very friendly and helpful. Would recommend this place anytime.,"The bed was a bit hard and no window blinds, only curtains. We stayed on the first floor so we constantly had our curtains pulled so no one could see inside. This made the room dark and we had to use lights even though the sun was shining outside. However this is complaining on a very high level, everything was perfect.",9.0,POS,0,,False,False,clean cozy staff friendly helpful would recommend place anytime bed bit hard window blinds curtains stayed first floor constantly curtains pulled one could see inside made room dark use lights even though sun shining outside however complaining high level everything perfect
703,English,Rome,Hotel 77 Seventy-Seven - Maison D'Art Collection,"Excellent location for sightseeing, great local restaurants nearby.",Some noise at night from the neighboring bars.,8.0,POS,1,German,False,False,excellent location sightseeing great local restaurants nearby noise night neighboring bars
960,English,Washington,Hamilton Hotel - Washington DC,The staff was very helpful and friendly. The location was perfect for me to attend a conference at the convention center and for my mom and son to explore while I was away.,The restaurant receptionist for reservations was not friendly.,10.0,POS,0,,False,False,staff helpful friendly location perfect attend conference convention center mom son explore away restaurant receptionist reservations friendly
434,English,Madrid,NH Barajas Airport,The location of NH Barajas Airport Hotel was very convenient and close to the airport. The staff were incredibly friendly and went out of their way to make me feel at home. Facilities such as the pool and the restaurant were top grade and added a lot of value to my stay.,,10.0,POS,1,English(Russian),False,False,location nh barajas airport hotel convenient close airport staff incredibly friendly went way make feel home facilities pool restaurant top grade added lot value stay
793,English,Rome,Hotel Villa Pamphili Roma,"We loved the location, the laid back atmosphere, the beautiful style and the pool. The staff is also really friendly and helpful. Oh and the breakfast is excellent.",Nothing.,10.0,POS,0,,False,False,loved location laid back atmosphere beautiful style pool staff also really friendly helpful oh breakfast excellent nothing
800,English,Seoul,Hotel Skypark Central Myeongdong,"From its impeccable location in central Myeongdong to its comfortable rooms and diligent staff, the Hotel Skypark Central Myeongdong made my stay in Seoul an absolute delight. The hotel's proximity to shopping and dining options was an added advantage.","While they could use a bit more variety in their breakfast menu, it didn't detract much from the overall excellent experience.",9.0,POS,1,English(French),False,False,impeccable location central myeongdong comfortable rooms diligent staff hotel skypark central myeongdong made stay seoul absolute delight hotel proximity shopping dining options added advantage could use bit variety breakfast menu detract much overall excellent experience
588,English,New Delhi,Andaz Delhi Aerocity- Concept by Hyatt,The design of the hotel was trendy and appealing.,"Sadly, my experience at Andaz Delhi Aerocity was hugely disappointing. The room service was so slow I had to wait nearly two hours for a simple club sandwich. The cleanliness of the bathroom was questionable, and the noise levels were disturbing. The breakfast offering was mediocre with limited variety and the staff appeared disinterested. Not what I expected from a Hyatt.",3.0,NEG,1,English(Romanian),False,False,design hotel trendy appealing sadly experience andaz delhi aerocity hugely disappointing room service slow wait nearly two hours simple club sandwich cleanliness bathroom questionable noise levels disturbing breakfast offering mediocre limited variety staff appeared disinterested expected hyatt
250,English,Berlin,Ballhaus Berlin Hostel,"Room where spacious and comfortable, also in hot Berlin it is important to have big windows in your hostel that could be open .
Bathroom where very clean! And kitchen with fridge was also very nice all necessary accessories.",,10.0,POS,0,,False,True,room spacious comfortable also hot berlin important big windows hostel could open bathroom clean kitchen fridge also nice necessary accessories
522,English,New Delhi,UDS Villa - Scandinavian B&B,"Great location. Friendly staff were so helpful , we arrived really early but they made q room available for us. They helped us organise trains to our next destination, so kind.",,10.0,POS,0,,False,True,great location friendly staff helpful arrived really early made q room available us helped us organise trains next destination kind
315,English,Bucharest,"The Marmorosch Bucharest, Autograph Collection",Nothing. Overrated,"No mini bar for a 5 star hotel, no bathrobes…",3.0,NEG,0,,False,False,nothing overrated mini bar 5 star hotel bathrobes
660,English,Paris,citizenM Paris Champs-Élysées,"Modern, stylish boutique hotel in an amazing location! The room was small but well designed, and every corner was used efficiently. There were USB ports next to bed. The bed was large and comfortable. The views were spectacular, and the hotel was very close to local shops, restaurants, and attractions. The staff was friendly and welcoming.","The continental breakfast could have been better, but that was a minor point compared to everything else.",8.0,POS,1,Chinese,False,False,modern stylish boutique hotel amazing location room small well designed every corner used efficiently usb ports next bed bed large comfortable views spectacular hotel close local shops restaurants attractions staff friendly welcoming continental breakfast could better minor point compared everything else
988,English,Washington,Hilton Washington DC Capitol Hill,location and staff nice,Be warned under complete construction in lobby completely torn apart. No adjustment of price of the room offered a free breakfast which did not take because who wants to look at a complete construction zone and the residue and dirt it leaves no matter what. There was no warning on their site or booking.com that it is under construction. The entire lobby involved it was quite shocking they would even be open not to mention noise during the week. Very Very unprofessional and unpleasant.,3.0,NEG,0,,False,False,location staff nice warned complete construction lobby completely torn apart adjustment price room offered free breakfast take wants look complete construction zone residue dirt leaves matter warning site booking com construction entire lobby involved quite shocking would even open mention noise week unprofessional unpleasant
35,English,Ankara,The Green Park Ankara,Service was polite,"The rooms are outdated and poorly maintained, with worn out furniture and appliances. The cleanliness was also not up to standard, with dust in some corners and a lingering smell of smoke, even though it was a non-smoking room. The food at the hotel restaurant was mediocre at best, lacking in flavor and variety.",2.0,NEG,1,English(German),False,False,service polite rooms outdated poorly maintained worn furniture appliances cleanliness also standard dust corners lingering smell smoke even though non smoking room food hotel restaurant mediocre best lacking flavor variety
691,English,Paris,Sofitel Le Scribe Paris Opera,"The staff were attentive and thoughtful, the ambiance enchanting, and the room impeccably clean and comfortable. Its location was a bonus, right in the heart of Paris.","Though generally excellent, the room service menu could use a little more variety.",8.0,POS,1,English(Spanish),False,False,staff attentive thoughtful ambiance enchanting room impeccably clean comfortable location bonus right heart paris though generally excellent room service menu could use little variety
590,English,New Delhi,Bloomrooms @ New Delhi Railway Station,Hotel was impeccably clean and well located. The staff were courteous and attentive.,"Some traffic noise due to the proximity of the railway station, but not overly troublesome.",8.0,POS,1,English(Russian),False,False,hotel impeccably clean well located staff courteous attentive traffic noise due proximity railway station overly troublesome
726,English,Rome,Hotel 87 eighty-seven - Maison d'Art Collection,Very little to compliment for a four star hotel,"Room extremely noisy, no sound proofing, reception has different rules than what is told on booking.com; NO Room Service; NO restaurant; NO bar (until 6pm); short staffed; run down and dirty hotel; smashed main entrance door; no entry signs all over; more of a hostel than hotel.",4.0,NEG,0,,False,False,little compliment four star hotel room extremely noisy sound proofing reception different rules told booking com room service restaurant bar 6pm short staffed run dirty hotel smashed main entrance door entry signs hostel hotel
603,English,Paris,Hotel Eiffel Seine,"I loved the quaint, French inspired decor of the hotel. The staff was extremely friendly and accommodating. The location was incredibly convenient, just a few minutes walk to the Eiffel Tower.","The elevator was a tad small, but that's a small price to pay for the excellent service and location.",8.0,POS,1,English(Italian),False,False,loved quaint french inspired decor hotel staff extremely friendly accommodating location incredibly convenient minutes walk eiffel tower elevator tad small small price pay excellent service location
656,English,Paris,Hotel Mimosa Paris,The location was good with a lot of restaurants and stores nearby.,The room and bathroom were extremely small and cramped. There was mold in the bathroom and the room also had a musty smell. The free WiFi was of such bad quality that I couldn't even check my emails. The staff seemed uninterested and lacked customer service skills.,2.0,NEG,1,English(Spanish),False,False,location good lot restaurants stores nearby room bathroom extremely small cramped mold bathroom room also musty smell free wifi bad quality even check emails staff seemed uninterested lacked customer service skills
937,English,Washington,State Plaza Hotel,,Bare bones room. Room on 1st floor in the back building. Very noisy with various mechanical equipment.,4.0,NEG,0,,True,False,bare bones room room 1st floor back building noisy various mechanical equipment
691,English,Paris,Sofitel Le Scribe Paris Opera,"As per usual, the stay was exceptional. Perfect location, in the heart of Paris. Luxurious rooms with new, modern furniture. The rooms and bathrooms were cleaned everyday, and sweet treats were left for us on our beds. Every year we visit Paris, we insist at staying in your hotel! Feels like home each time we visit. Special thanks to laeticia for offering us a free upgrade for one of the rooms and her colleague for providing us with a smooth check-in, hassle free. Sofitel Le Scribe is one of the best 5-star hotels in Paris.",Nothing.,10.0,POS,0,,False,False,per usual stay exceptional perfect location heart paris luxurious rooms new modern furniture rooms bathrooms cleaned everyday sweet treats left us beds every year visit paris insist staying hotel feels like home time visit special thanks laeticia offering us free upgrade one rooms colleague providing us smooth check hassle free sofitel le scribe one best 5 star hotels paris nothing
292,English,Berlin,Generator Berlin Mitte,"Great location, very nice hostel",It was very hot in the room,9.0,POS,0,,False,False,great location nice hostel hot room
582,English,New Delhi,Andaz Delhi Aerocity- Concept by Hyatt,The location is really good and the breakfast was very good.,"While checking out, I was told by the staff that I can buy hyatt merchandise online, but later found that I can't.",9.0,POS,0,,False,False,location really good breakfast good checking told staff buy hyatt merchandise online later found
420,English,Madrid,Eurostars Madrid Tower,I normally stay in this hotel as it's close to my customers and a very nice place to be. Very outstanding this time was the warm welcome from Ferial in the front desc. It's a bit like coming home.,,10.0,POS,0,,False,True,normally stay hotel close customers nice place outstanding time warm welcome ferial front desc bit like coming home
743,English,Rome,The Spanish Suite Campo de' Fiori,"Helpful staff, great location, nice room.",not really anything.,9.0,POS,0,,False,False,helpful staff great location nice room really anything
22,English,Ankara,New Park Hotel,"The New Park Hotel in Ankara offers comprehensive services and a friendly staff. The complimentary breakfast selection was excellent, and I appreciated the spacious, well-furnished rooms. Its location is also convenient, being in close proximity to historically significant sites and local shopping.","However, the fitness facilities, while clean, could do with some upgrading to match the high standards of the rest of the establishment.",9.0,POS,1,English(Romanian),False,False,new park hotel ankara offers comprehensive services friendly staff complimentary breakfast selection excellent appreciated spacious well furnished rooms location also convenient close proximity historically significant sites local shopping however fitness facilities clean could upgrading match high standards rest establishment
724,English,Rome,Hotel 87 eighty-seven - Maison d'Art Collection,"Helpful staff, ready to assist you",,9.0,POS,0,,False,True,helpful staff ready assist
407,English,Madrid,Pestana CR7 Gran Vía Madrid,the location,"room was too small and no space for belongings for two people, bathroom had no door so no privacy to change or use the shower or toilet in private, toilet seat was a little wobbly, toilet room was tiny, light switches in room were very confusing and so annoying we had a hard time figuring out which light switch was for where, elevators were extremely slow, lobby was not pleasant to sit at, staff were so busy had to wait a long time, was not aware of stairs at front entrance of hotel and was not convenient, breakfast food was fair, hotel bar was fair for vegetarians",3.0,NEG,0,,False,False,location room small space belongings two people bathroom door privacy change use shower toilet private toilet seat little wobbly toilet room tiny light switches room confusing annoying hard time figuring light switch elevators extremely slow lobby pleasant sit staff busy wait long time aware stairs front entrance hotel convenient breakfast food fair hotel bar fair vegetarians
664,English,Paris,citizenM Paris Champs-Élysées,"Clean. Central. Very helpful staff, great rooftop bar",Nothing,10.0,POS,0,,False,False,clean central helpful staff great rooftop bar nothing
239,English,Berlin,Eurostars Berlin,Nice looking hotel,"Water turned brown, but they did come and fix it. On check out day water stopped working in my room half way during a shower. I had to wipe off the sop from my skin as was taking too long to fix the issue. Eventually water worked but in bathroom sink only and again turned brown.",3.0,NEG,0,,False,False,nice looking hotel water turned brown come fix check day water stopped working room half way shower wipe sop skin taking long fix issue eventually water worked bathroom sink turned brown
103,English,Beijing,Novotel Beijing Peace,"Great location, helpful staff, aircon works and everything is spotless","Overpriced breakfast, leave hotel and eat for a fraction",9.0,POS,0,,False,False,great location helpful staff aircon works everything spotless overpriced breakfast leave hotel eat fraction
283,English,Berlin,Estrel Berlin,"Estrel Berlin Hotel offers a remarkably exceptional experience. Superb rooms, spotlessly clean and well-equipped. Professional staff who are eager to assist. The location is convenient with easy access to various places of interest in Berlin.","Honestly, I found nothing significant that I disliked during my stay.",9.0,POS,1,English(Romanian),False,False,estrel berlin hotel offers remarkably exceptional experience superb rooms spotlessly clean well equipped professional staff eager assist location convenient easy access various places interest berlin honestly found nothing significant disliked stay
998,English,Washington,Beacon Hotel & Corporate Quarters,,"When I arrived the woman at the front desk added $300 without explanation when she ran my card. When I asked what the increase was for she just said ""charges and fees."" When I said ""what charges and fees?"" and objected she immediately went onto war footing and loudly told me there'd be no shouting up in here (I wasn't shouting). I told her to cancel the reservation and tried to find something else on Bookings.com but it was impossible and I had to meet a colleague soon, so when another person came to the desk I spoke with him. He apologized and said ""she's new"" and that the $300 was held for incidentals but is refunded at checkout and this should have been explained. I checked in and paid to upgrade. For a week coming and going by the front desk the woman never looked me in the eye much less apologized. When I checked out I recounted the story to the guy at the desk and he was dismissive and a bit hostile like he was putting up with ""another privileged jerk"" or whatever and then mischaracterized the $300 as applying to the cost of my room upgrade (which was untrue, it had already been added to the charge and the $300 was on top of that). The staff do not know how to explain the hotel's policies, are very rude if the customer objects, and emit a vibe like they can just barely tolerate the clientele. Very unprofessional. Pity, a decent hotel in a great location but I've told colleagues to avoid.",4.0,NEG,0,,True,False,arrived woman front desk added 300 without explanation ran card asked increase said charges fees said charges fees objected immediately went onto war footing loudly told shouting shouting told cancel reservation tried find something else bookings com impossible meet colleague soon another person came desk spoke apologized said new 300 held incidentals refunded checkout explained checked paid upgrade week coming going front desk woman never looked eye much less apologized checked recounted story guy desk dismissive bit hostile like putting another privileged jerk whatever mischaracterized 300 applying cost room upgrade untrue already added charge 300 top staff know explain hotel policies rude customer objects emit vibe like barely tolerate clientele unprofessional pity decent hotel great location told colleagues avoid
368,English,Bucharest,Hotel Michelangelo,It's very basic and dated but clean,"Shower flooded bedroom( Hotel did sort out)
Bed was very hard.
Very tired and dated",6.0,NEG,0,,False,False,basic dated clean shower flooded bedroom hotel sort bed hard tired dated
254,English,Berlin,Ballhaus Berlin Hostel,"This hostel is incredibly unique and has a lot of character. The dorm room was clean and comfortable, and the shared facilities were well-maintained. I particularly enjoyed the friendly, laid-back atmosphere and the opportunity to meet travelers from around the world. The location is also excellent, with many of Berlin's main attractions easily accessible on foot or via public transport.","If you're a light sleeper, you might find it a bit noisey due to its historical style and location.",8.0,POS,1,English(Turkish),False,False,hostel incredibly unique lot character dorm room clean comfortable shared facilities well maintained particularly enjoyed friendly laid back atmosphere opportunity meet travelers around world location also excellent many berlin main attractions easily accessible foot via public transport light sleeper might find bit noisey due historical style location
37,English,Ankara,The Green Park Ankara,The structure is potentially nice,"1. The hotel is not responsive at all (tried to contact them via booking like 5-6 times in the time frame of 3 weeks, I never got one single answer)
2. The staff doesn't speak English, very hard to communicate with them (check-in, issues, room service, etc.)
3. The room was not very clean (I got pictures)",4.0,NEG,0,,False,False,structure potentially nice 1 hotel responsive tried contact via booking like 5 6 times time frame 3 weeks never got one single answer 2 staff speak english hard communicate check issues room service etc 3 room clean got pictures
685,English,Paris,Courtyard by Marriott Paris Gare de Lyon,The hotel is conveniently located near the transport hub.,"Customer service was poor, the rooms were small and quite noisy. Food was bland and overpriced. Overall, not a relaxing stay.",2.0,NEG,1,English(Russian),False,False,hotel conveniently located near transport hub customer service poor rooms small quite noisy food bland overpriced overall relaxing stay
135,English,Beijing,"Holiday Inn Express Beijing Temple of Heaven, an IHG Hotel",nothing was good it was waste of moneys,every thing wifi not working staff can’t talk english facilities were bad,4.0,NEG,0,,False,False,nothing good waste moneys every thing wifi working staff talk english facilities bad
904,English,Washington,Generator Hotel Washington DC,I liked having the lemon water available in the lobby. The restaurant/bar was nice too.,Nothing.,9.0,POS,0,,False,False,liked lemon water available lobby restaurant bar nice nothing
856,English,Seoul,"Four Points by Sheraton Josun, Seoul Station",,"nowhere do they state that there is only a queen's bed in the superior room, the superior room is definitely not designed for two people, there is only one bedside table, for example, they are all lying",3.0,NEG,0,,True,False,nowhere state queen bed superior room superior room definitely designed two people one bedside table example lying
972,English,Washington,Riggs Washington DC,Great property well restored from a bank into an excellent hotel.,,10.0,POS,0,,False,True,great property well restored bank excellent hotel
355,English,Bucharest,Vitan ApartHotel,There was nothing nice. We wanted something cheap and we got something cheap.,Room was dirty and smelly. Sink was leaking. Shower cabin had lots of mould. Walls damaged. Wires sticking out could be safety hazard. Entrance door does not close well. Air conditioning has button missing and could not be used. One broken light.,3.0,NEG,0,,False,False,nothing nice wanted something cheap got something cheap room dirty smelly sink leaking shower cabin lots mould walls damaged wires sticking could safety hazard entrance door close well air conditioning button missing could used one broken light
569,English,New Delhi,Hotel International Inn - Near Delhi Airport,Bathroom was dirty. Towels were bad.,Only location.,4.0,NEG,0,,False,False,bathroom dirty towels bad location
367,English,Bucharest,Hotel Michelangelo,The location is decently connected.,"Unfortunately, my stay at Hotel Michelangelo was not as pleasant as expected. The room was quite small and the furniture looked outdated. The bathroom had continuous water leakage problems. Also, the breakfast was very basic, lacking variety, and served cold most of the time. The hotel could do better with a wider variety of food. Lastly, the noise from the street was very loud, making it difficult for us to rest properly. For all these reasons, I wouldn't recommend this hotel.",3.0,NEG,1,English(Italian),False,False,location decently connected unfortunately stay hotel michelangelo pleasant expected room quite small furniture looked outdated bathroom continuous water leakage problems also breakfast basic lacking variety served cold time hotel could better wider variety food lastly noise street loud making difficult us rest properly reasons recommend hotel
267,English,Berlin,Hotel Vivaldi Berlin am Kurfürstendamm,"The location of Hotel Vivaldi Berlin am Kurfürstendamm was quite convenient for us, being in the heart of Berlin.","However, the rooms were extremely small and cramped, with hardly any space to move around. The cleanliness left a lot to be desired - there were stains on the sheets and the bathroom grout was mouldy. The noise pollution from the street was extremely disruptive to our sleep. We found the staff to be dismissive and not interested in solving any problems. The Wi-Fi was weak and unreliable, causing us a lot of inconvenience.",2.0,NEG,1,Chinese,False,False,location hotel vivaldi berlin kurfürstendamm quite convenient us heart berlin however rooms extremely small cramped hardly space move around cleanliness left lot desired stains sheets bathroom grout mouldy noise pollution street extremely disruptive sleep found staff dismissive interested solving problems wi fi weak unreliable causing us lot inconvenience
115,English,Beijing,"Holiday Inn Express Beijing Dongzhimen, an IHG Hotel","The hotel has an interesting location, it's situated near shopping centers and restaurants which are a walking distance from the hotel.","The rooms are not adequately cleaned, there was an issue with the heating system both in the room and in the hotel building during my stay. Breakfast was not diverse enough and not up to expectation, this is not what I usually get from a Holiday Inn Express Hotel. The noise insulation was also pretty bad, we could hear people talking in the hallway and also the car noise from outside.",3.0,NEG,1,French,False,False,hotel interesting location situated near shopping centers restaurants walking distance hotel rooms adequately cleaned issue heating system room hotel building stay breakfast diverse enough expectation usually get holiday inn express hotel noise insulation also pretty bad could hear people talking hallway also car noise outside
104,English,Beijing,Novotel Beijing Peace,"The location of Novotel Beijing Peace was perfect, within walking distance to the subway station and shopping malls. The rooms were clean and spacious with a comfortable bed. In addition, the staff was friendly and helpful throughout our stay.",The only negative aspect might be that the internet connection was a bit slow,8.0,POS,1,Chinese,False,False,location novotel beijing peace perfect within walking distance subway station shopping malls rooms clean spacious comfortable bed addition staff friendly helpful throughout stay negative aspect might internet connection bit slow
343,English,Bucharest,"Central Hotel, Trademark Collection by Wyndham","Central Hotel, Trademark Collection by Wyndham, Bucharest was a fantastic stay. The hotel is incredibly spacious and clean with modern design. The room was very comfortable and quiet, providing an excellent night's sleep. The staff was exceptionally helpful and went above and beyond to ensure I was comfortable and satisfied with my stay. The breakfast provided was tasty with a good variety. The location is unbeatable, right in the heart of Bucharest with an easy walk to many sights, restaurants, and shops.",I truly have no negative remarks to make about my stay. It was superb.,10.0,POS,1,English(Russian),False,False,central hotel trademark collection wyndham bucharest fantastic stay hotel incredibly spacious clean modern design room comfortable quiet providing excellent night sleep staff exceptionally helpful went beyond ensure comfortable satisfied stay breakfast provided tasty good variety location unbeatable right heart bucharest easy walk many sights restaurants shops truly negative remarks make stay superb
471,English,Madrid,Emperador,"Rooftop pool with plenty of seating and views. Incredible sunsets. Close to several attractions, train station, and some great shopping. Helpful, friendly staff. Porters were excellent.",Limited water pressure in the shower and it took a few minutes for the warm water to come on.,10.0,POS,0,,False,False,rooftop pool plenty seating views incredible sunsets close several attractions train station great shopping helpful friendly staff porters excellent limited water pressure shower took minutes warm water come
769,English,Rome,Hotel 55 Fifty-Five - Maison d'Art Collection,Location,"The lift broke down , hotel was at different location from booked",4.0,NEG,0,,False,False,location lift broke hotel different location booked
348,English,Bucharest,"Central Hotel, Trademark Collection by Wyndham",location,very Old to be of Wyndham collection,3.0,NEG,0,,False,False,location old wyndham collection
739,English,Rome,NH Roma Villa Carpegna,The bed was fairy comfortable.,The reception area smelt like toilet cleaner. The breakfast was OK but dinner was appalling. The bathroom was very dated and old. I would say this hotel is a 3 star at best. Their overnight rate certainly does not reflect the average quality of this hotel. Very disappointed.,3.0,NEG,0,,False,False,bed fairy comfortable reception area smelt like toilet cleaner breakfast ok dinner appalling bathroom dated old would say hotel 3 star best overnight rate certainly reflect average quality hotel disappointed
327,English,Bucharest,Central Guesthouse,"The location is perfect with it being in the heart of the city, an easy walking distance to all major attractions.","Unfortunately, the rooms were outdated and not comfortable. The air condition didn't work, which made it unbearable to sleep comfortably in the summer heat. Also, the noise from the street was very off-putting and the surrounding bars and clubs made it difficult to rest properly during the night. Although the staff was friendly, the response to these complaints was not effective.",3.0,NEG,1,English(French),False,False,location perfect heart city easy walking distance major attractions unfortunately rooms outdated comfortable air condition work made unbearable sleep comfortably summer heat also noise street putting surrounding bars clubs made difficult rest properly night although staff friendly response complaints effective
360,English,Bucharest,Hotel Michelangelo,"It's a nice and quiet hotel close to the city center. It's warm and clean, with welcoming staff and several cute cats.",All was good.,10.0,POS,0,,False,False,nice quiet hotel close city center warm clean welcoming staff several cute cats good
461,English,Madrid,Eurostars Casa de la Lírica,Fantastic comfy bed,Everything good,9.0,POS,0,,False,False,fantastic comfy bed everything good
46,English,Ankara,Grand Mercure Ankara,The hotel's location is great. Really close to the city center.,The room was not up to standard. It was small and poorly maintained. The staff were not helpful when we encountered problems. The services promised were not delivered and the overall experience was quite disappointing.,3.0,NEG,1,French,False,False,hotel location great really close city center room standard small poorly maintained staff helpful encountered problems services promised delivered overall experience quite disappointing
455,English,Madrid,Axel Hotel Madrid - Adults Only,,"It should be stated in the Hotel's informations that is a LBGTQ hotel, very annoying for heterosexual people.",4.0,NEG,0,,True,False,stated hotel informations lbgtq hotel annoying heterosexual people
78,English,Ankara,Güvenay Business Hotel,Breakfast was excellent on the rootftop,"The room was musty, very poor facilities",3.0,NEG,0,,False,False,breakfast excellent rootftop room musty poor facilities
160,English,Beijing,"Holiday Inn Temple Of Heaven Beijing, an IHG Hotel","Very impressed with the cleanliness and comfort of the rooms. The location is fantastic, very close to the Temple of Heaven.",A bit more variety in the breakfast buffet would be beneficial.,8.0,POS,1,English(Romanian),False,False,impressed cleanliness comfort rooms location fantastic close temple heaven bit variety breakfast buffet would beneficial
247,English,Berlin,Ibis budget Berlin Potsdamer Platz,The location of Ibis Budget Berlin Potsdamer Platz is a real perk as it is close to a major transport hub and within walkable distances to many of Berlin's top attractions.,"Unfortunately, the positive aspects end there. The service at this establishment left much to be desired, particularly at the front desk where customer assistance was mediocre at best. The rooms were very basic, which is to be expected with budget accommodations, however, they were not particularly clean, which is simply non-negotiable, regardless of price point. There was a lack of daily housekeeping, making the stay less comfortable as the days went on. Basic amenities such as toiletries and a hairdryer were not provided.",3.0,NEG,1,English(French),False,False,location ibis budget berlin potsdamer platz real perk close major transport hub within walkable distances many berlin top attractions unfortunately positive aspects end service establishment left much desired particularly front desk customer assistance mediocre best rooms basic expected budget accommodations however particularly clean simply non negotiable regardless price point lack daily housekeeping making stay less comfortable days went basic amenities toiletries hairdryer provided
730,English,Rome,NH Roma Villa Carpegna,Everything is always first class at NH Carpegna. The front desk and restaurant staff are so incredibly friendly and gracious. This trip we were welcomed at checkin by Francesca and Giuseppe and we had warm goodbye's from Daniel and Valentina when checking out. And in the restaurant Carlo as usual was so friendly and helpful. They are all such wonderful people to deal with.,There is nothing we don't like at HN Carpegna,10.0,POS,0,,False,False,everything always first class nh carpegna front desk restaurant staff incredibly friendly gracious trip welcomed checkin francesca giuseppe warm goodbye daniel valentina checking restaurant carlo usual friendly helpful wonderful people deal nothing like hn carpegna
933,English,Washington,State Plaza Hotel,"Fantastic location! Close to major tourist attractions and staff were very friendly. The room was also spacious, clean, and well-equipped.",Some minor maintenance issues in the bathroom that were resolved promptly by the hotel staff.,8.0,POS,1,English(Chinese),False,False,fantastic location close major tourist attractions staff friendly room also spacious clean well equipped minor maintenance issues bathroom resolved promptly hotel staff
980,English,Washington,Hilton Washington DC Capitol Hill,Clean and safe. The rooms are nice. The location is very good. Definitely a hotel to stay.,,10.0,POS,0,,False,True,clean safe rooms nice location good definitely hotel stay
640,English,Paris,Hôtel Lodge In Paris 13,"The hotel has a beautiful interior, the room was clean, and the breakfast was perfect!",,10.0,POS,0,,False,True,hotel beautiful interior room clean breakfast perfect
712,English,Rome,The Hive Hotel,"The Hive Hotel has a modern aesthetic that I very much appreciated. The location was very convenient, being close to the train station and within short walking distance to many of the city's attractions. The staff was also very courteous and went above and beyond to ensure I was comfortable during my stay.","The breakfast selection was a bit limited and the Wi-Fi connection could improve. However, these are minor issues compared to the overall excellent experience.",8.0,POS,1,Romanian,False,False,hive hotel modern aesthetic much appreciated location convenient close train station within short walking distance many city attractions staff also courteous went beyond ensure comfortable stay breakfast selection bit limited wi fi connection could improve however minor issues compared overall excellent experience
540,English,New Delhi,The Prime Delhi,"Great room size for the rate, very clean. Staff was extremely responsive and polite. Good location. It's close to the main city attractions.",Nothing to report.,8.0,POS,1,English(French),False,False,great room size rate clean staff extremely responsive polite good location close main city attractions nothing report
80,English,Ankara,ibis Ankara Airport Hotel,"The ibis Ankara Airport Hotel was a very convenient location for those arriving or departing at odd hours due to its close proximity to the airport. The staff was very considerate, understanding, and went out of their way to make sure my stay was comfortable. The breakfast was also a noteworthy feature with a decent variety of dishes. Rooms were clean and efficient, with a quiet atmosphere which was great for relaxing after a long journey.","The rooms could use a bit of an update as some of the furnishings seemed a bit old and worn out. Also, the hotel might not be the most ideal if you are looking to explore central Ankara, as it's quite a distance away.",8.0,POS,1,English(Turkish),False,False,ibis ankara airport hotel convenient location arriving departing odd hours due close proximity airport staff considerate understanding went way make sure stay comfortable breakfast also noteworthy feature decent variety dishes rooms clean efficient quiet atmosphere great relaxing long journey rooms could use bit update furnishings seemed bit old worn also hotel might ideal looking explore central ankara quite distance away
709,English,Rome,Hotel 77 Seventy-Seven - Maison D'Art Collection,,Room is so small can’t fit full size suitcase without blocking walk way. They will send you many emails before your stay about things you can buy from them like tours or airport transfers - but don’t tell you you have to book the hot tub in advance so it was all booked out during my stay which is why I booked this hotel. Have to go up stairs to get to lifts and staff don’t help with your suitcase. No taxis in Rome in the AM unless you prevook fyi so I had to pay €125 to get to airport. Location is anot in the best part of town let’s say. Shower head has calcium build up on it needless to say won’t be staying here again,4.0,NEG,0,,True,False,room small fit full size suitcase without blocking walk way send many emails stay things buy like tours airport transfers tell book hot tub advance booked stay booked hotel go stairs get lifts staff help suitcase taxis rome unless prevook fyi pay 125 get airport location anot best part town let say shower head calcium build needless say staying
572,English,New Delhi,"The Ashok, New Delhi","Good spread , good and polite service.",Bathroom doors need proper fixing.,9.0,POS,0,,False,False,good spread good polite service bathroom doors need proper fixing
969,English,Washington,Hamilton Hotel - Washington DC,Central Location,Extremely thin walls leading to loud noise from neighbors and street. Unsatisfactory cleanliness and unresponsive staff,2.0,NEG,1,English(Russian),False,False,central location extremely thin walls leading loud noise neighbors street unsatisfactory cleanliness unresponsive staff
565,English,New Delhi,Hotel International Inn - Near Delhi Airport,"Close to the airport, which can be convenient for early flights.","The rooms were not well maintained, the shower had very low water pressure, the air conditioning was too weak for the Delhi climate, the service staff was not very hospitable and took long time to respond.",4.0,NEG,1,English(Romanian),False,False,close airport convenient early flights rooms well maintained shower low water pressure air conditioning weak delhi climate service staff hospitable took long time respond
700,English,Rome,Hotel 77 Seventy-Seven - Maison D'Art Collection,"We loved the room and the facilities exceeded our expectations. The breakfast is amazing!!! The staff provided exceptional service and were always willing to help, they go above and beyond to ensure that the customers are happy.",,10.0,POS,0,,False,True,loved room facilities exceeded expectations breakfast amazing staff provided exceptional service always willing help go beyond ensure customers happy
234,English,Berlin,Eurostars Berlin,"Comfortable, a very convenient location",Nil,9.0,POS,0,,False,False,comfortable convenient location nil
702,English,Rome,Hotel 77 Seventy-Seven - Maison D'Art Collection,"The location of the hotel is good, very close to the central station. The room was clean, we liked the breakfast spread.",,9.0,POS,0,,False,True,location hotel good close central station room clean liked breakfast spread
98,English,Ankara,Raymar Hotels Ankara,Nothing. Horrible experience.,"Bad customer service, rooms were not clean and the food was below average.",2.0,NEG,1,Korean,False,False,nothing horrible experience bad customer service rooms clean food average
217,English,Berlin,BlnCty Hotel,"The hotel was located quite centrally, which was great.","The room we stayed in was very small and the cleanliness left something to be desired. Unfortunately, the staff at the reception was not very helpful.",3.0,NEG,1,Korean,False,False,hotel located quite centrally great room stayed small cleanliness left something desired unfortunately staff reception helpful
134,English,Beijing,"Holiday Inn Express Beijing Temple of Heaven, an IHG Hotel","Great, attentive staff, well-kept rooms, fantastic location close to popular attractions and public transportation","Limited dining options in the hotel, but many nearby",8.0,POS,1,Russian,False,False,great attentive staff well kept rooms fantastic location close popular attractions public transportation limited dining options hotel many nearby
89,English,Ankara,ibis Ankara Airport Hotel,Conveniently located near the airport,The rooms are quite small and service could be improved,4.0,NEG,1,Romanian,False,False,conveniently located near airport rooms quite small service could improved
53,English,Ankara,Esila Hotel,"Great value for proximity to station, booked at last minute as no tickets available for Istanbul. Staff friendly and helpful. Excellent breakfast. Very comfortable beds. A kettle would have been the perfect touch, hence my rating of 9!","A sense of kettle and a smoky smell in the room when we'd asked for non-smoking. Our experience of ""non-smoking"" in Türkiye usually means noone is smoking at that exact moment....",9.0,POS,0,,False,False,great value proximity station booked last minute tickets available istanbul staff friendly helpful excellent breakfast comfortable beds kettle would perfect touch hence rating 9 sense kettle smoky smell room asked non smoking experience non smoking türkiye usually means noone smoking exact moment
955,English,Washington,Glover Park Hotel Georgetown,Close proximity to universities and attractions in Georgetown,"Dirty rooms, broken air conditioning system and unhelpful staff made the stay unpleasant",2.0,NEG,1,English(Korean),False,False,close proximity universities attractions georgetown dirty rooms broken air conditioning system unhelpful staff made stay unpleasant
444,English,Madrid,Catalonia Gran Vía Madrid,"Location was excellent, lots of attractions reached on foot. Shops very close etc.
Excellent size room and well equipped. Small pool top floor for those very hot days, enough to cool down, towels supplied.",All good,9.0,POS,0,,False,False,location excellent lots attractions reached foot shops close etc excellent size room well equipped small pool top floor hot days enough cool towels supplied good
432,English,Madrid,NH Barajas Airport,"For a one night stay before our international flight the next morning, the room size was fine. We were glad it had a mini fridge to cool our own drinks. It had adequate electric outlets, the bathroom was smaller, but sufficient and the bed was comfortable. If we had stayed there longer than one night, it would have felt a little too small. The breakfast was good and we found it's more economical to reserve a room with the breakfast included. From a customer service point of view, the front desk was always busy had a long line (queue) when we were there. We wish there had been a little map of the area so that the front desk attendants could have identified some restaurants to walk to. There was a good little restaurant around the corner that we found and we wondered why they didn't tell us about it. When we asked the front desk earlier, they were suggesting a mile walk to a shopping/commerce area on the other side of the freeway. (We prefer to walk, so the distance was not the issue.) The best part for us was the free shuttle to/from the airport. We would definitely recommend this hotel for overnight stays.",,9.0,POS,0,,False,True,one night stay international flight next morning room size fine glad mini fridge cool drinks adequate electric outlets bathroom smaller sufficient bed comfortable stayed longer one night would felt little small breakfast good found economical reserve room breakfast included customer service point view front desk always busy long line queue wish little map area front desk attendants could identified restaurants walk good little restaurant around corner found wondered tell us asked front desk earlier suggesting mile walk shopping commerce area side freeway prefer walk distance issue best part us free shuttle airport would definitely recommend hotel overnight stays
849,English,Seoul,LOTTE City Hotel Myeongdong,clean,advertised as close to metro but rail doesn’t actually stop at metro entrance. had to walk a long ways to board the metro. False advertising.,3.0,NEG,0,,False,False,clean advertised close metro rail actually stop metro entrance walk long ways board metro false advertising
288,English,Berlin,Estrel Berlin,Location,"The view of the room, the room wasn't clean, there was boxer in the closet",4.0,NEG,0,,False,False,location view room room clean boxer closet
850,English,Seoul,"Four Points by Sheraton Josun, Seoul Station",the variety of the breakfast and the rooms,nothing,10.0,POS,0,,False,False,variety breakfast rooms nothing
128,English,Beijing,The Great Wall Hotel Beijing,The hotel has spacious rooms and a great view of the city.,"Despite its impressive exterior and lobby, the rooms are outdated and not well-maintained. Also, some staff members are not adept at communicating in English, which made the stay quite challenging. Lastly, it's not as close to the city center as I would have liked.",4.0,NEG,1,Korean,False,False,hotel spacious rooms great view city despite impressive exterior lobby rooms outdated well maintained also staff members adept communicating english made stay quite challenging lastly close city center would liked
425,English,Madrid,Eurostars Madrid Tower,modern building in a good location,the air conditioner did not work and the staff did not care to fix it or give alternatives or explanations. in the middle of summer 38 degrees celsius and a scalding room with no AC is just not acceptable.,4.0,NEG,0,,False,False,modern building good location air conditioner work staff care fix give alternatives explanations middle summer 38 degrees celsius scalding room ac acceptable
130,English,Beijing,"Holiday Inn Express Beijing Temple of Heaven, an IHG Hotel",Clean good value for the money. Meets well international standards.,Lobby may look a bit messy.,9.0,POS,0,,False,False,clean good value money meets well international standards lobby may look bit messy
74,English,Ankara,Güvenay Business Hotel,"Clean rooms, friendly staff, and great location",Lack of variety in food options,8.0,POS,1,German,False,False,clean rooms friendly staff great location lack variety food options
223,English,Berlin,numa I Arc Rooms & Apartments,"The location of the numa I Arc Rooms & Apartments is perfect for exploring Berlin. Moreover, the staff was so welcoming and the rooms were impeccably clean.",,8.0,POS,1,English(Romanian),False,True,location numa arc rooms apartments perfect exploring berlin moreover staff welcoming rooms impeccably clean
662,English,Paris,citizenM Paris Champs-Élysées,"Nice, clean & modern",Breakfast -,10.0,POS,0,,False,False,nice clean modern breakfast
507,English,New Delhi,Hotel Krishna Deluxe-By RCG Hotels,The proximity to the nearby market area and the train station was convenient,"The room was quite small for the price. The towels provided were not clean. The noise from the street below was constantly disturbing, making it hard for a good night's sleep. Also, the hotel staff was not very cooperative when asked to address these issues.",2.0,NEG,1,English(German),False,False,proximity nearby market area train station convenient room quite small price towels provided clean noise street constantly disturbing making hard good night sleep also hotel staff cooperative asked address issues
821,English,Seoul,Orakai Insadong Suites,Nice welcome. Very spatious suite. Breakfast was OK (but not the continental version I'm customed :) ),,9.0,POS,0,,False,True,nice welcome spatious suite breakfast ok continental version customed
445,English,Madrid,Catalonia Gran Vía Madrid,"The hotel's architecture is appealing and its location is quite convenient, close to the city center.","Unfortunately, my stay at the Catalonia Gran Vía was disappointingly unpleasant. The biggest downside was the noise level. As my room overlooked Gran Vía, a heavily trafficked street, it was incredibly noisy throughout the night. Although the hotel can't control the external noise outside, the sound insulation of the windows was far from adequate. Moreover, the air conditioning system did not function properly and the staff didn't manage to fix it, leading to uncomfortable nights spent in a stuffy room. Breakfast was also a concern. The breakfast room was very crowded, and the food variety was really uninspiring, hardly matching the quality you'd expect from a hotel of this type. Speed of service was slow and though many of the hotel's staff were very friendly, others seemed indifferent.",3.0,NEG,1,English(Russian),False,False,hotel architecture appealing location quite convenient close city center unfortunately stay catalonia gran vía disappointingly unpleasant biggest downside noise level room overlooked gran vía heavily trafficked street incredibly noisy throughout night although hotel control external noise outside sound insulation windows far adequate moreover air conditioning system function properly staff manage fix leading uncomfortable nights spent stuffy room breakfast also concern breakfast room crowded food variety really uninspiring hardly matching quality expect hotel type speed service slow though many hotel staff friendly others seemed indifferent
896,English,Seoul,Hotel Skypark Myeongdong 1,"Convenient location, good breakfast","Small rooms, lacking amenities, and the service left much to be desired",3.0,NEG,1,Korean,False,False,convenient location good breakfast small rooms lacking amenities service left much desired
797,English,Rome,Hotel Villa Pamphili Roma,nice view from the room,Room is uncleaned and staff are uncooperative. Air conditioning system is too loud and couldn't sleep properly.,4.0,NEG,1,English(Russian),False,False,nice view room room uncleaned staff uncooperative air conditioning system loud sleep properly
602,English,Paris,Hotel Eiffel Seine,"Well appointed rooms, stellar location near the Eiffel Tower and the Seine River, multilingual staff who were very helpful, breakfast was diverse and abundant.",The lift is a bit small which might be an issue for guests with big luggage.,9.0,POS,1,English(French),False,False,well appointed rooms stellar location near eiffel tower seine river multilingual staff helpful breakfast diverse abundant lift bit small might issue guests big luggage
166,English,Beijing,"Holiday Inn Temple Of Heaven Beijing, an IHG Hotel",Nothing.... Very old hotel with small rooms of ancient era.,"Everything.... Smelling and stinking corridor and carpet throughout. 
Wooden doors of 1970's and that too broken. In the middle of very old type residential colony.",3.0,NEG,0,,False,False,nothing old hotel small rooms ancient era everything smelling stinking corridor carpet throughout wooden doors 1970 broken middle old type residential colony
603,English,Paris,Hotel Eiffel Seine,"it is so wonderful to have a staff called Will(abbreviated) always so helpful and kind 
and patient!
we also are very impressed about the location which help us to go no matter by train or by foot are all convenient ！",,9.0,POS,0,,False,True,wonderful staff called abbreviated always helpful kind patient also impressed location help us go matter train foot convenient
893,English,Seoul,Hotel Skypark Myeongdong 1,"Hotel Skypark Myeongdong 1 in Seoul offered a cozy and comfortable stay. Located in the heart of the city, it provided easy access to major shopping areas, restaurants, and attractions. The rooms were clean and well-maintained. The staff was amiable, efficient, and extremely helpful; their customer service was top-notch.","Nothing major, just a slight difficulty in finding English language channels on TV.",8.0,POS,1,Turkish,False,False,hotel skypark myeongdong 1 seoul offered cozy comfortable stay located heart city provided easy access major shopping areas restaurants attractions rooms clean well maintained staff amiable efficient extremely helpful customer service top notch nothing major slight difficulty finding english language channels tv
930,English,Washington,State Plaza Hotel,Big and clean room. Very friendly staff. Good location for sightseeing.,Nothing.,10.0,POS,0,,False,False,big clean room friendly staff good location sightseeing nothing
280,English,Berlin,Estrel Berlin,"location, shower, staff, clean",split bed mattress,10.0,POS,0,,False,False,location shower staff clean split bed mattress
817,English,Seoul,Hamilton Hotel,Location is good. Metres away from the subway.,"I was given room 807, 8th floor. During the weekend I was disturbed by the noise from the bar next building. Sounds of hot music in the middle of wee hours from 2 to 6 am. I can understand that it was weekends. But it seems that the rooms are fully sound proof. It’s affecting my sleep",4.0,NEG,0,,False,False,location good metres away subway given room 807 8th floor weekend disturbed noise bar next building sounds hot music middle wee hours 2 6 understand weekends seems rooms fully sound proof affecting sleep
612,English,Paris,Motel One Paris-Porte Dorée,"The Motel One Paris-Porte Dorée brilliantly captures the charm of Paris. The room was beautifully decorated, clean, and comfortable. It's so near to public transportation, making sightseeing a breeze. Staff was friendly and accommodating.","It can, however, get a bit noisy due to the traffic from the nearby road. But it wasn't a deal-breaker.",8.0,POS,1,German,False,False,motel one paris porte dorée brilliantly captures charm paris room beautifully decorated clean comfortable near public transportation making sightseeing breeze staff friendly accommodating however get bit noisy due traffic nearby road deal breaker
324,English,Bucharest,Central Guesthouse,"The hotel is very clean, and the rooms are spacious. The location is also excellent – right in the heart of the old town and close to the metro. The staff members are also very helpful and friendly, always serving with a smile.","The downside is the noise from the old town, but I guess in such a location, it's unavoidable. Breakfast could also have more variety.",8.0,POS,1,English(French),False,False,hotel clean rooms spacious location also excellent right heart old town close metro staff members also helpful friendly always serving smile downside noise old town guess location unavoidable breakfast could also variety
778,English,Rome,Alpi Hotel,"It was pretty much disapointing the hole way, but shower was ok.","The beds were extra hard, no window view at all. Our room was next to reception and we could hear everything and of course we were on the street side. I guess this is a for asking a quiet room, right? The real bonus was last night when we got a doggy bag from the restaurant, yes!!! in the morning there were hundeds of silverfishes on the floor! Bathroom had a bath in the morning, so you needed to run some water for getting rid of that.",4.0,NEG,0,,False,False,pretty much disapointing hole way shower ok beds extra hard window view room next reception could hear everything course street side guess asking quiet room right real bonus last night got doggy bag restaurant yes morning hundeds silverfishes floor bathroom bath morning needed run water getting rid
702,English,Rome,Hotel 77 Seventy-Seven - Maison D'Art Collection,"Hotel 77 Seventy-Seven in Rome truly sparkles as a gem in its locale. The location is spectacular, right in the heart of the city, and the interior art collection is a feast for the eyes. The personalized service adds that extra 'wow' factor.","Minor niggles would be the slight noise from the bustling city, but it didn't disrupt our stay.",8.0,POS,1,English(Romanian),False,False,hotel 77 seventy seven rome truly sparkles gem locale location spectacular right heart city interior art collection feast eyes personalized service adds extra wow factor minor niggles would slight noise bustling city disrupt stay
65,English,Ankara,Inn 14 Hostel,The staff was helpful and friendly,"The room was damp, there was a lack of sound insulation and Wi-Fi was inconsistent",2.0,NEG,1,Korean,False,False,staff helpful friendly room damp lack sound insulation wi fi inconsistent
238,English,Berlin,Eurostars Berlin,Exceptional architecture and central location.,"The rooms were not well soundproofed, the noise from the neighboring room was disturbing. The customer service was also lacking, with a long check-in and no help offered with luggage. The in-room dining menu was limited and lacking in quality.",3.0,NEG,1,English(Italian),False,False,exceptional architecture central location rooms well soundproofed noise neighboring room disturbing customer service also lacking long check help offered luggage room dining menu limited lacking quality
615,English,Paris,Motel One Paris-Porte Dorée,The decor in the hotel and rooms was nice and modern. Staff at the restaurant were hardworking and polite.,"I did not have a good experience. The room was small, and the cleanliness standard left a lot to be desired. And the biggest downside was the bathroom. There was hair on the floor and the towels didnt seem to be fresh. Moreover, the hotel was very noisy. You could literally hear your neighbor's conversation which doesn't give you any privacy and disturbs your sleep. I wouldn't recommend this hotel to travellers looking for a quiet and clean place to stay.",3.0,NEG,1,Russian,False,False,decor hotel rooms nice modern staff restaurant hardworking polite good experience room small cleanliness standard left lot desired biggest downside bathroom hair floor towels didnt seem fresh moreover hotel noisy could literally hear neighbor conversation give privacy disturbs sleep recommend hotel travellers looking quiet clean place stay
400,English,Madrid,Pestana CR7 Gran Vía Madrid,Most comfortable bed i have ever seen !,,10.0,POS,0,,False,True,comfortable bed ever seen
482,English,Madrid,Hotel Avenida Gran Vía,"Have stayed here several times. Clean, friendly staff and great location.",,9.0,POS,0,,False,True,stayed several times clean friendly staff great location
128,English,Beijing,The Great Wall Hotel Beijing,,Rather old establishment ....,6.0,NEG,0,,True,False,rather old establishment
309,English,Bucharest,Moxy Bucharest Old Town,"The location of the hotel was very central in the old town, the decor was modern and stylish.","Our room was near the elevator which was very noisy during the night. Furthermore, the TV in the room did not work and although we reported it to the front desk, it was not fixed during our stay. The breakfast was also lacking in choice and quality.",4.0,NEG,1,Romanian,False,False,location hotel central old town decor modern stylish room near elevator noisy night furthermore tv room work although reported front desk fixed stay breakfast also lacking choice quality
297,English,Berlin,Generator Berlin Mitte,"The location is really great, you can join many cultural attraction by foot.","Such small bedrooms, no space to put luggage, not even space to open them inside of the room because of how tight it is. They put too many beds in function of the room size. It’s even a struggle to walk in the room because the luggages are laying everywhere on the floor. 
Also no air conditionning, so an 8 people bedroom feels more like a Sauna than anything else. 
The smell is also not the best since 8 people in such a small room are sleeping together + the fact that space is lacking for luggages/shoes etc",3.0,NEG,0,,False,False,location really great join many cultural attraction foot small bedrooms space put luggage even space open inside room tight put many beds function room size even struggle walk room luggages laying everywhere floor also air conditionning 8 people bedroom feels like sauna anything else smell also best since 8 people small room sleeping together fact space lacking luggages shoes etc
132,English,Beijing,"Holiday Inn Express Beijing Temple of Heaven, an IHG Hotel","The room turned out to be better than on pictures. Very clean even though the crapet has some stains it still felt clean to step on (checked both with bare feet and white socks :)). 
Good buffet breakfast. Various enough, hearty, fresh and tasty.
Liked the shampoo/body wash - smelled nice and had good effect on skin and hair.
Even though the personnel mostly doesn't speak english they were very helpful.
Overall good experience.",All good.,9.0,POS,0,,False,False,room turned better pictures clean even though crapet stains still felt clean step checked bare feet white socks good buffet breakfast various enough hearty fresh tasty liked shampoo body wash smelled nice good effect skin hair even though personnel mostly speak english helpful overall good experience good
49,English,Ankara,Grand Mercure Ankara,Positives were the proximity to the central parts of Ankara,The outdated rooms were disappointing with poor air quality and ventilation. The service was less than ideal and could definitely use improvement. The overall amenities were also lacking compared to other hotels in the area.,4.0,NEG,1,English(Chinese),False,False,positives proximity central parts ankara outdated rooms disappointing poor air quality ventilation service less ideal could definitely use improvement overall amenities also lacking compared hotels area
863,English,Seoul,Stay Hotel Gangnam,"The front desk staff are polite, friendly and helpful. The rooms are clean and quiet. There are good restaurants and coffee shops all around the hotel. The internet is good. I like the quiet, calm and dignified atmosphere of this hotel.",If you get a regular superior room the bathroom sink is poorly configured where there is no ledge to put your soap or toothbrush. I had to put my soap in a glass and put in the sink... This is a weird aspect of this hotel that I can't understand because otherwise everything else is on point. My workaround to that is to pay a little extra for a suite room which has a better set up where there is still no ledge but at least a functional equivalent around knee high.,9.0,POS,0,,False,False,front desk staff polite friendly helpful rooms clean quiet good restaurants coffee shops around hotel internet good like quiet calm dignified atmosphere hotel get regular superior room bathroom sink poorly configured ledge put soap toothbrush put soap glass put sink weird aspect hotel understand otherwise everything else point workaround pay little extra suite room better set still ledge least functional equivalent around knee high
911,English,Washington,Motto by Hilton Washington DC City Center,"The Motto by Hilton Washington DC City Center was a fantastic place to stay. The location was optimal, providing easy access to a myriad of landmarks and attractions. The rooms were spacious, clean, and comfortable. They featured modern decor and amenities that made my stay enjoyable. The staff was extremely courteous and helpful, ensuring that all my needs were catered for. The on-site dining options were also quite impressive, offering a diverse menu for all types of palette.",I honestly could not find any downside to this hotel.,10.0,POS,1,English(German),False,False,motto hilton washington dc city center fantastic place stay location optimal providing easy access myriad landmarks attractions rooms spacious clean comfortable featured modern decor amenities made stay enjoyable staff extremely courteous helpful ensuring needs catered site dining options also quite impressive offering diverse menu types palette honestly could find downside hotel
583,English,New Delhi,Andaz Delhi Aerocity- Concept by Hyatt,The fluidity of the space the friendly and discreet staff,The passage to the rooms was like a maze.,9.0,POS,0,,False,False,fluidity space friendly discreet staff passage rooms like maze
718,English,Rome,The Hive Hotel,It had a bed and a big safe. It felt new. Mini bar was stocked with reasonable prices,"Too expensive for what it is. The instant coffee was rank. Housekeeping didn't come, when asked the receptionist if we parked in a suitable area, we didn't get an answer. Instead we were informed about the spa that we can book and pay for.",4.0,NEG,0,,False,False,bed big safe felt new mini bar stocked reasonable prices expensive instant coffee rank housekeeping come asked receptionist parked suitable area get answer instead informed spa book pay
697,English,Paris,Sofitel Le Scribe Paris Opera,"Good choice of breakfast, and excellent location.",Overpriced and lackluster service. Rooms facing the main street are extremely loud due to traffic noise. Overpriced for the quality offered.,4.0,NEG,1,German,False,False,good choice breakfast excellent location overpriced lackluster service rooms facing main street extremely loud due traffic noise overpriced quality offered
222,English,Berlin,numa I Arc Rooms & Apartments,"The Berlin numa I Arc Rooms & Apartments proved to be an ideal choice for my stay. The location was central and convenience with great accessibility to public transport. The interior of the rooms were stylish, clean and well-equipped with the necessary amenities.",A slight downside was the absence of a 24/7 reception but the staff were very helpful and responsive when contacted.,8.0,POS,1,Turkish,False,False,berlin numa arc rooms apartments proved ideal choice stay location central convenience great accessibility public transport interior rooms stylish clean well equipped necessary amenities slight downside absence 24 7 reception staff helpful responsive contacted
686,English,Paris,Courtyard by Marriott Paris Gare de Lyon,Great spot with great views.,Realised there was a wet stain outside of the bathroom (about the size of a bath mat so significant) after I had checked in late at night and was ready for bed. I didn't want to change rooms as I had an early start. Reported when leaving which was a mistake because the hotel lost interest in me once they had my money. Mirror was filthy with someone else's toothpaste. Unacceptable for the cost and disappointing to have been promised a response from the manager. Tried three times to get some resolution - no response at all. Never received a copy of my receipt.,4.0,NEG,0,,False,False,great spot great views realised wet stain outside bathroom size bath mat significant checked late night ready bed want change rooms early start reported leaving mistake hotel lost interest money mirror filthy someone else toothpaste unacceptable cost disappointing promised response manager tried three times get resolution response never received copy receipt
291,English,Berlin,Generator Berlin Mitte,"The Generator Berlin Mitte was a splendid experience. Its location in one of Berlin's most vibrant districts is a big plus. Our room was comfortable, and the staff were very friendly. There were many great bars and restaurants in the immediate area. Access to public transport was excellent, which made exploring the rest of Berlin a breeze.","The only issue was a slight noise from the street in the late hours due to its location in a lively neighborhood, but it wasn't too disruptive.",8.0,POS,1,Romanian,False,False,generator berlin mitte splendid experience location one berlin vibrant districts big plus room comfortable staff friendly many great bars restaurants immediate area access public transport excellent made exploring rest berlin breeze issue slight noise street late hours due location lively neighborhood disruptive
356,English,Bucharest,Vitan ApartHotel,Proximity to some local restaurants,"The rooms were not very clean, dust could be found in several corners. The bedding was a bit worn and could definitely use an upgrade. Additionally, the customer service left a lot to be desired. The staff were not very helpful and made the check-in process confusing and stressful",2.0,NEG,1,English(Italian),False,False,proximity local restaurants rooms clean dust could found several corners bedding bit worn could definitely use upgrade additionally customer service left lot desired staff helpful made check process confusing stressful
617,English,Paris,Motel One Paris-Porte Dorée,"The hotel is clean from the inside. The staff are mostly nice. The location is good, 5 min walk for Metro.","Air conditioning in room 255 is not working. No fridge, no phone to call the reception, no air exchanger in the toilette. We were suffocating for 3 nights. Every agent in the reception was just taking note aside. Maybe they went to check, but nothing changed. You pay all your stay upon arrival & no refund was made for us at the end of the stay for that inconvenience. I've been asked to send an email to the manager. Hope he will do something for that because that was not acceptable. I've paid more for this hotel because it is supposed to have an ir conditioner, but this is what we got, unfortunately with the hot wave in Paris we got this week. We are very disappointed",4.0,NEG,0,,False,False,hotel clean inside staff mostly nice location good 5 min walk metro air conditioning room 255 working fridge phone call reception air exchanger toilette suffocating 3 nights every agent reception taking note aside maybe went check nothing changed pay stay upon arrival refund made us end stay inconvenience asked send email manager hope something acceptable paid hotel supposed ir conditioner got unfortunately hot wave paris got week disappointed
10,English,Ankara,Hotel Cinnah,"Central location, easy to reach major tourist sites and city center. Extremely clean rooms and professional staff",Nothing to complain about,10.0,POS,1,English(Turkish),False,False,central location easy reach major tourist sites city center extremely clean rooms professional staff nothing complain
40,English,Ankara,Grand Mercure Ankara,"Clean and comfortable room, fast check in/out, breakfast, free underground parking",Nothing,10.0,POS,0,,False,False,clean comfortable room fast check breakfast free underground parking nothing
455,English,Madrid,Axel Hotel Madrid - Adults Only,"The rooftop pool and bar area does give a good view across the city, and the hotel is located fairly centrally.",The hotel doesn’t feel well maintained. The corridor lighting was not working so it was dark. There was trash in the hallway that wasn’t picked up. The room was also dark and the lighting controls were complicated. The air conditioning wasn’t very effective and the room was uncomfortably warm. The shower flooded the bathroom floor every time it was used. The bed was uncomfortable.,3.0,NEG,1,English(Korean),False,False,rooftop pool bar area give good view across city hotel located fairly centrally hotel feel well maintained corridor lighting working dark trash hallway picked room also dark lighting controls complicated air conditioning effective room uncomfortably warm shower flooded bathroom floor every time used bed uncomfortable
197,English,Beijing,New World Beijing Hotel,Room was very impressive. Staff very helpful.,"I had a really great time at the hotel but was very disappointed not to have been made aware that the Executive lounge was closed.
Had I known this I wouldn't have stayed here, as I regularly stay at 'East' to use their amazing executive facilities.",6.0,NEG,0,,False,False,room impressive staff helpful really great time hotel disappointed made aware executive lounge closed known stayed regularly stay east use amazing executive facilities
41,English,Ankara,Grand Mercure Ankara,"I had a pleasant stay at this hotel. The location is truly unique and the reception staff were quite friendly. The room was relatively comfortable, clean, and well-maintained.","However, the bathroom was a bit small. My only issue was that the cleaning staff unexpectedly entered my room while I was asleep at 9 am, which was quite unsettling.",9.0,POS,0,,False,False,pleasant stay hotel location truly unique reception staff quite friendly room relatively comfortable clean well maintained however bathroom bit small issue cleaning staff unexpectedly entered room asleep 9 quite unsettling
518,English,New Delhi,Hotel Opera New Delhi,Very cheap overnight stay close to airport. 24h check in (I think),"One of those hotels where you try to touch as few things as possible during your stay. In need of renovation. I’m not convinced the sheets were clean, the room certainly wasn’t. Uncomfortable memory foam mattress. Hot water requires that you turn the boiler on, we weren’t given a heads up about this so had a cold shower in the morning. Staff were unfriendly. Windows look on to brick walls. I didn’t dare turn the air con on.",3.0,NEG,0,,False,False,cheap overnight stay close airport 24h check think one hotels try touch things possible stay need renovation convinced sheets clean room certainly uncomfortable memory foam mattress hot water requires turn boiler given heads cold shower morning staff unfriendly windows look brick walls dare turn air con
650,English,Paris,Hotel Mimosa Paris,"Hotel Mimosa is an exceptional place. Perfect location in the heart of Paris, close to many attractions and Metro. Room was clean, comfortable and quiet. Reception staff was exceptionally welcoming and helpful. I appreciated the care they took with health and safety measures.",,9.0,POS,1,English(Russian),False,True,hotel mimosa exceptional place perfect location heart paris close many attractions metro room clean comfortable quiet reception staff exceptionally welcoming helpful appreciated care took health safety measures
10,English,Ankara,Hotel Cinnah,"The hotel is very comfortable. I liked the interior, it was very clean and the staff was friendly. The food at the hotel was also very good. The hotel is in the heart of the city, there are supermarkets and restaurants nearby. You can also walk in the streets around the hotel. The room is very quiet and warm.","The air conditioner in the bathroom was making a lot of noise, a rattling sound. Maybe the fan was faulty, hopefully that will be fixed.",10.0,POS,0,,False,False,hotel comfortable liked interior clean staff friendly food hotel also good hotel heart city supermarkets restaurants nearby also walk streets around hotel room quiet warm air conditioner bathroom making lot noise rattling sound maybe fan faulty hopefully fixed
384,English,Bucharest,AT Central Apartments,"It was a very pleasant experience. Beyond cleaning, and all furniture arrangements, you can find parking space in front of the building for free. In the center of Bucharest. It's hard to believe, but it's true. More: in the morning a rooster will wake you up ... The rooster is alive! :))He screams from a neighboring garden, it is not recorded on tape! :)) Then, even more than that, you can drink your coffee on the terrace arranged on the roof of the building, with soft music and coffee from the house. Very nice. Congratulations.",This is not the case.,10.0,POS,0,,False,False,pleasant experience beyond cleaning furniture arrangements find parking space front building free center bucharest hard believe true morning rooster wake rooster alive screams neighboring garden recorded tape even drink coffee terrace arranged roof building soft music coffee house nice congratulations case
827,English,Seoul,Orakai Insadong Suites,Hotel's location in the heart of Insadong,"The rooms were unnecessarily big with tons of wasted of space, furniture and appliances were outdated, the Wifi was unreliable, and hotel staff were largely uninterested in assisting with any concerns.",4.0,NEG,1,English(Romanian),False,False,hotel location heart insadong rooms unnecessarily big tons wasted space furniture appliances outdated wifi unreliable hotel staff largely uninterested assisting concerns
57,English,Ankara,Esila Hotel,"The location of the Esila Hotel is good, as it is close to the city center and major attractions.","Despite its great location, my experience at the Esila Hotel wasn't as expected. Firstly, the room I stayed in was in poor condition, paint was peeling off the walls and the furnishings were old and worn out. The in-room facilities were also lacking, with a faulty air conditioner and a shower that alternated between hot and cold. The hotel staff were less than helpful when it came to addressing these issues. Also, the hotel doesn't offer any sort of recreational activities or a fitness center, which was a big downside for me.",3.0,NEG,1,English(French),False,False,location esila hotel good close city center major attractions despite great location experience esila hotel expected firstly room stayed poor condition paint peeling walls furnishings old worn room facilities also lacking faulty air conditioner shower alternated hot cold hotel staff less helpful came addressing issues also hotel offer sort recreational activities fitness center big downside
994,English,Washington,Beacon Hotel & Corporate Quarters,"The Beacon Hotel & Corporate Quarters offered a true taste of the Washington charm. It's centrally-located allowing easy access to major sightseeing spots. The hotel's staff was very professional, friendly, and eager to assist with needs or queries. The rooms were spacious, clean, and comfortable with well-maintained amenities.","Although minor, the only complaint would be that the Wi-Fi was somewhat spotty at times. However, this didn't majorly impact my stay.",9.0,POS,1,English(Italian),False,False,beacon hotel corporate quarters offered true taste washington charm centrally located allowing easy access major sightseeing spots hotel staff professional friendly eager assist needs queries rooms spacious clean comfortable well maintained amenities although minor complaint would wi fi somewhat spotty times however majorly impact stay
265,English,Berlin,Hotel Vivaldi Berlin am Kurfürstendamm,The hotel is in a good location and the initial impression of the hotel was quite pleasant.,"Unfortunately, the room that we were assigned to had several issues. It smelled of cigarettes, the bathroom was not as clean as I would have liked and the wall paint was peeling off in some areas. Despite raising these issues to the reception staff, no efforts were made to address these within our stay. Moreover, the WiFi connection was poor and dropped frequently.",2.0,NEG,1,Spanish,False,False,hotel good location initial impression hotel quite pleasant unfortunately room assigned several issues smelled cigarettes bathroom clean would liked wall paint peeling areas despite raising issues reception staff efforts made address within stay moreover wifi connection poor dropped frequently
558,English,New Delhi,FabHotel White Klove Paharganj,The were some local marketplaces within reasonable distance.,"The room was not cleaned well upon arrival and the wifi was inconsistent throughout my stay. The air conditioner in the room was barely functioning, which made my experience at the hotel less pleasant given the intense heat of New Delhi.",3.0,NEG,1,English(Romanian),False,False,local marketplaces within reasonable distance room cleaned well upon arrival wifi inconsistent throughout stay air conditioner room barely functioning made experience hotel less pleasant given intense heat new delhi
422,English,Madrid,Eurostars Madrid Tower,"Location, that was business trip. To close to Cuatro Towers. And very good room.",,9.0,POS,0,,False,True,location business trip close cuatro towers good room
676,English,Paris,Hotel Minerve,"The location is decent, in close proximity to Notre Dame",Hotel Minerve is highly outdated with underwhelming customer service. The rooms are small and in a state of disrepair with little to no modern convenience. The noise from the street is unbearable and made it difficult to get a good night's sleep.,2.0,NEG,1,French,False,False,location decent close proximity notre dame hotel minerve highly outdated underwhelming customer service rooms small state disrepair little modern convenience noise street unbearable made difficult get good night sleep
399,English,Bucharest,The Embassy Nord,The location is quite central and convenient.,The room was poorly ventilated and the hotel staff were not very responsive to requests or inquiries. The beds were also quite uncomfortable.,3.0,NEG,1,Chinese,False,False,location quite central convenient room poorly ventilated hotel staff responsive requests inquiries beds also quite uncomfortable
926,English,Washington,Hilton Garden Inn Washington DC Downtown,Only Location,"The design of the room is depressing, view from the window wall,The lighting was terrible. Furnitura old, door of bathroom broken.",3.0,NEG,0,,False,False,location design room depressing view window wall lighting terrible furnitura old door bathroom broken
52,English,Ankara,Esila Hotel,"The rooms were spacious and clean, and the staff were incredibly friendly and helpful. The location of the hotel in the city center was very convenient, allowing easy access to local attractions.","The buffet breakfast could have a wider variety, especially for those with dietary restrictions.",8.0,POS,1,English(Romanian),False,False,rooms spacious clean staff incredibly friendly helpful location hotel city center convenient allowing easy access local attractions buffet breakfast could wider variety especially dietary restrictions
939,English,Washington,State Plaza Hotel,"The hotel location was fantastic, close to many attractions in Washington.","However, the service was subpar to say the least. The staff often seemed disorganized and unprepared. There were multiple issues with the booking and the cleanliness of the room left a lot to be desired.",4.0,NEG,1,Romanian,False,False,hotel location fantastic close many attractions washington however service subpar say least staff often seemed disorganized unprepared multiple issues booking cleanliness room left lot desired
515,English,New Delhi,Hotel Opera New Delhi,Central location with easy access to main attractions.,"Very poor hygiene standards, the room appeared uncleaned. Staff were unresponsive to requests. Food was unimpressive and service was below average.",3.0,NEG,1,Korean,False,False,central location easy access main attractions poor hygiene standards room appeared uncleaned staff unresponsive requests food unimpressive service average
135,English,Beijing,"Holiday Inn Express Beijing Temple of Heaven, an IHG Hotel","The hotel is near Temple of Heaven, which is convenient for sightseeing.","The room was quite dusty, and the cleaning is not done properly. The breakfast buffet is very limited and does not cater well to western tastes. The front desk staff seems a bit standoffish practically ignoring hotel guests. The wifi connection was also poor, making it difficult for me to plan my days and keep in touch with family back home.",3.0,NEG,1,Russian,False,False,hotel near temple heaven convenient sightseeing room quite dusty cleaning done properly breakfast buffet limited cater well western tastes front desk staff seems bit standoffish practically ignoring hotel guests wifi connection also poor making difficult plan days keep touch family back home
611,English,Paris,Motel One Paris-Porte Dorée,Perfect location for Metro into Paris Center,,10.0,POS,0,,False,True,perfect location metro paris center
599,English,New Delhi,Bloomrooms @ New Delhi Railway Station,Location and F&B staff.,They really need to work on their reception and housekeeping staff. As they all are just focusing on forgeiner's just to get some extra tips.,4.0,NEG,0,,False,False,location f b staff really need work reception housekeeping staff focusing forgeiner get extra tips
96,English,Ankara,Raymar Hotels Ankara,Just good location and having parking!,"Impolite staff(even you put don’t disturbing they come to your room to clean or other excuses!), small room, they didn’t accept USD!!!!",4.0,NEG,0,,False,False,good location parking impolite staff even put disturbing come room clean excuses small room accept usd
690,English,Paris,Sofitel Le Scribe Paris Opera,perfect location to walk around the city. amazing room. professional and very kind staff (a further remark to the concierge service: day by day they helped us in making unforgettable our stay!). we will return..for sure!,,10.0,POS,0,,False,True,perfect location walk around city amazing room professional kind staff remark concierge service day day helped us making unforgettable stay return sure
537,English,New Delhi,Hyatt Regency Delhi,"The hotel premises were spacious, and the security was excellent.","The room had a musty smell, and the linens and towels wore an old look, appearing overused. The room service was rather slow, and the food was below average. Given the price, I expected better quality and service.",3.0,NEG,1,English(Russian),False,False,hotel premises spacious security excellent room musty smell linens towels wore old look appearing overused room service rather slow food average given price expected better quality service
714,English,Rome,The Hive Hotel,"Nice staff, good food, clean room.","Some small AC problems, which they were solved eventually by changing the room.",9.0,POS,0,,False,False,nice staff good food clean room small ac problems solved eventually changing room
659,English,Paris,Hotel Mimosa Paris,The Hotel Mimosa found in a great location as it is nearby public transport links.,"However, the rooms are very small, old-fashioned and beds are not comfortable at all. There is no soundproofing which means you can hear every move of your neighbours. The lack of staff hospitality and their ignorance towards the request was truly disappointing.",2.0,NEG,1,Turkish,False,False,hotel mimosa found great location nearby public transport links however rooms small old fashioned beds comfortable soundproofing means hear every move neighbours lack staff hospitality ignorance towards request truly disappointing
385,English,Bucharest,AT Central Apartments,The location was in the center of the town,The room wasn't as clean as I would have liked. The staff was not particularly friendly or helpful and the breakfast left a lot to be desired.,4.0,NEG,1,Korean,False,False,location center town room clean would liked staff particularly friendly helpful breakfast left lot desired
676,English,Paris,Hotel Minerve,The location was great.Nice to have a kettle in the room.,"I didn't think the sticky marks in the bath, traces on the scatter pillows or the dirt on the remote control. The rooms are quite small",3.0,NEG,0,,False,False,location great nice kettle room think sticky marks bath traces scatter pillows dirt remote control rooms quite small
415,English,Madrid,Riu Plaza España,Location is excellent in the heart of Madrid,"The hotel services were very poor. Room service was not available 24/7 as advertised. Moreover, my room was just next to the lift and it was so noisy especially at night. Apart from that, the hotel food variety was very limited and not up to the standard. Lastly, the view from my room was not as expected at all.",5.0,NEG,1,English(German),False,False,location excellent heart madrid hotel services poor room service available 24 7 advertised moreover room next lift noisy especially night apart hotel food variety limited standard lastly view room expected
899,English,Seoul,Hotel Skypark Myeongdong 1,Location,"Very small, no windows in room, uncomfortable bed, unhelpful reception person.",3.0,NEG,0,,False,False,location small windows room uncomfortable bed unhelpful reception person
321,English,Bucharest,Central Guesthouse,Value for money accommodation,,10.0,POS,0,,False,True,value money accommodation
685,English,Paris,Courtyard by Marriott Paris Gare de Lyon,It was clean.,"Beds were uncomfortable, way overpriced for what you get. Location was to far away from city centre. Extremely busy area traffic wise. Staff weren’t helpful.",3.0,NEG,0,,False,False,clean beds uncomfortable way overpriced get location far away city centre extremely busy area traffic wise staff helpful
758,English,Rome,NH Collection Roma Centro,The location.,"Very expensive, not a €280-a-night hotel. Definitely NOT value for money. The breakfast selection and quality was poor and the staff seemed indifferent. The elevators were not working properly and just 3 of them for such a large hotel meant long waiting time to get to and from our room.
The photos of the breakfast and the bathroom were to say the least, misleading.",4.0,NEG,0,,False,False,location expensive 280 night hotel definitely value money breakfast selection quality poor staff seemed indifferent elevators working properly 3 large hotel meant long waiting time get room photos breakfast bathroom say least misleading
651,English,Paris,Hotel Mimosa Paris,"Hotel Mimosa Paris truly impressed me with their charming interiors and convenient location. The rooms are clean, well-organized and boast a charming Parisian flair. Their staff was amiable and competent, always ready to assist. Adding to this, its proximity to popular places in the city meant that exploring Paris was a breeze.","The downside was minimal, some of the rooms were a bit on the smaller side, but that's to be expected in central Paris.",8.0,POS,1,English(Chinese),False,False,hotel mimosa paris truly impressed charming interiors convenient location rooms clean well organized boast charming parisian flair staff amiable competent always ready assist adding proximity popular places city meant exploring paris breeze downside minimal rooms bit smaller side expected central paris
408,English,Madrid,Pestana CR7 Gran Vía Madrid,The location of the Pestana CR7 Gran Vía Madrid is fantastic.,"The overall hotel experience did not live up to my expectations. Rooms were smaller than expected with minimal amenities provided. The staff's customer service was below average and they were not very responsive. Additionally, the hotel's soundproofing was extremely poor, leading to sleep disruptions throughout the night.",3.0,NEG,1,English(Italian),False,False,location pestana cr7 gran vía madrid fantastic overall hotel experience live expectations rooms smaller expected minimal amenities provided staff customer service average responsive additionally hotel soundproofing extremely poor leading sleep disruptions throughout night
189,English,Beijing,Peking Youth Hostel,Great location close to the subway.,"I was very disappointed in this hostel. When you book the room, you receive a confirmation
message saying that they are happy to help with day trips and tickets, and that you can contact them. I tried many times (both here on Booking.com, on WeChat and via email), but I was ignored. A few days before my arrival I finally got a reply but in Chinese. All communication is done in Chinese. 
When I arrived I asked again for help. The staff misinformed me and sent me to the Forbidden City to buy tickets, which is not possible. They need to help you, because as a foreigner you cannot book yourself without a Chinese phone number and WeChat Pay or Alipay. So I spent several hours hunting a ticket that I couldn’t get! In the end another staff member helped me, but they do not seem ready to help foreigners at all. I also booked a trip to Mutanyiu Great Wall via the hostel, and the tour was fine, but it was very difficult to follow what was happening. It was an all Chinese tour for Chinese, and it was a bit uncomfortable not knowing what was happening (e.g. should we get out when the bus stops? what time should we be back at the bus? why do need to pay additional money to the guide?). 
Also the room was only okay. The bed was very hard (like most places in China, but yet this one was the most uncomfortable bed on our 1 month trip). Housekeeping meant putting the dirty towels back and not making the bed nor providing new shampoo. No breakfast to be found around either and the cafe next door only opens at 11 AM. 
I was definitely expecting more for the 760 RMB I was paying per night. We stayed for 6 nights and I cannot recommend it. There must be a better and cheaper option out there!",5.0,NEG,0,,False,False,great location close subway disappointed hostel book room receive confirmation message saying happy help day trips tickets contact tried many times booking com wechat via email ignored days arrival finally got reply chinese communication done chinese arrived asked help staff misinformed sent forbidden city buy tickets possible need help foreigner cannot book without chinese phone number wechat pay alipay spent several hours hunting ticket get end another staff member helped seem ready help foreigners also booked trip mutanyiu great wall via hostel tour fine difficult follow happening chinese tour chinese bit uncomfortable knowing happening e g get bus stops time back bus need pay additional money guide also room okay bed hard like places china yet one uncomfortable bed 1 month trip housekeeping meant putting dirty towels back making bed providing new shampoo breakfast found around either cafe next door opens 11 definitely expecting 760 rmb paying per night stayed 6 nights cannot recommend must better cheaper option
155,English,Beijing,Grand Millennium Beijing,"Spacious rooms, grand entrance lobby, well located and leading into a shopping mall. Nice bathrooms. Nice views from some rooms.","Both my rooms had a strong smoke smell, very difficult to breathe, rooms are outdated and need a thorough steam cleaning and refreshing. Toilets need ventilation. Very few staff understand English and are able to help effectively.",3.0,NEG,0,,False,False,spacious rooms grand entrance lobby well located leading shopping mall nice bathrooms nice views rooms rooms strong smoke smell difficult breathe rooms outdated need thorough steam cleaning refreshing toilets need ventilation staff understand english able help effectively
920,English,Washington,Hilton Garden Inn Washington DC Downtown,"The Hilton Garden Inn Washington DC Downtown was a truly delightful place to stay. It is strategically positioned close to major attractions like the White House, making it a convenient location for tourists. The rooms were well-maintained, spacious and offered comfortable beds for a good night's sleep. The staff members were courteous and readily available to cater to all our requirements. The breakfast variety was excellent and the fitness center was a nice surprise.",I honestly did not find any glaring faults during my stay here.,9.0,POS,1,English(Russian),False,False,hilton garden inn washington dc downtown truly delightful place stay strategically positioned close major attractions like white house making convenient location tourists rooms well maintained spacious offered comfortable beds good night sleep staff members courteous readily available cater requirements breakfast variety excellent fitness center nice surprise honestly find glaring faults stay
812,English,Seoul,Hamilton Hotel,"Hamilton Hotel was a delight to stay at. The location was convenient with subway stations, shopping streets, and food markets within short walking distance. The staff was professional and courteous. Our room was well maintained, clean, and the bed was exceptionally comfortable. The amenities were also top notch. The hotel also had a swimming pool which became a relaxing spot after a day of sightseeing. The dining options were abundant around the hotel and we also liked the in-house restaurant.","The only downside was that our room faced the street so it was a bit noisy at times, maybe rooms away from the street could solve this minor issue.",9.0,POS,1,English(Russian),False,False,hamilton hotel delight stay location convenient subway stations shopping streets food markets within short walking distance staff professional courteous room well maintained clean bed exceptionally comfortable amenities also top notch hotel also swimming pool became relaxing spot day sightseeing dining options abundant around hotel also liked house restaurant downside room faced street bit noisy times maybe rooms away street could solve minor issue
749,English,Rome,The Spanish Suite Campo de' Fiori,Great location,"Good location, but everything else wasn't as we expected. Problems with toilet in our room, poor sound insulation, levels of cleanliness needs improving, and breakfast was disappointing.",5.0,NEG,1,Turkish,False,False,great location good location everything else expected problems toilet room poor sound insulation levels cleanliness needs improving breakfast disappointing
986,English,Washington,Hilton Washington DC Capitol Hill,I like the location.,Lack of sanitation/cleanliness.,3.0,NEG,0,,False,False,like location lack sanitation cleanliness
762,English,Rome,Hotel 55 Fifty-Five - Maison d'Art Collection,"Perfect location, clean place, staff perfect and helpfull",Nothing,9.0,POS,0,,False,False,perfect location clean place staff perfect helpfull nothing
721,English,Rome,Hotel 87 eighty-seven - Maison d'Art Collection,The hotel was centrally located and ideal for exploring Rome. The rooms were stylish and comfortable. The staff was friendly and helpful. The hotel also offered complimentary breakfast and had a roof terrace that offered stunning views of the city.,The WiFi connection was not so good in some parts of the hotel.,8.0,POS,1,German,False,False,hotel centrally located ideal exploring rome rooms stylish comfortable staff friendly helpful hotel also offered complimentary breakfast roof terrace offered stunning views city wifi connection good parts hotel
63,English,Ankara,Inn 14 Hostel,"location is superb, clean, and the bed is very comfy",shower room is too small..,9.0,POS,0,,False,False,location superb clean bed comfy shower room small
912,English,Washington,Motto by Hilton Washington DC City Center,"Loved the hotel! It was conveniently located and all employees were so pleasant. The hotel was locked at the entrance, which was comforting.","There was no mini refrigerator in room, which wasn’t the best, as we had no cold drinks.",9.0,POS,0,,False,False,loved hotel conveniently located employees pleasant hotel locked entrance comforting mini refrigerator room best cold drinks
551,English,New Delhi,FabHotel White Klove Paharganj,"Excellent location, just a few minutes from the station. Staff were very professional and polite. Room was clean and comfortable with all the necessary amenities. The food, especially breakfast, was delicious with a variety of choices.",Wifi connection was a bit slow but manageable.,8.0,POS,1,English(Russian),False,False,excellent location minutes station staff professional polite room clean comfortable necessary amenities food especially breakfast delicious variety choices wifi connection bit slow manageable
764,English,Rome,Hotel 55 Fifty-Five - Maison d'Art Collection,"The location was great, staff was really friendly! Rooms were big we even were given an upgrade 😍","Breakfast probably wasn’t worth €15 euro, we also arrived late at night and stayed in annex building so we had to Treck our suitcases at 1am to the building. Other wise was a very good stay :)",9.0,POS,0,,False,False,location great staff really friendly rooms big even given upgrade breakfast probably worth 15 euro also arrived late night stayed annex building treck suitcases 1am building wise good stay
748,English,Rome,The Spanish Suite Campo de' Fiori,Location and a/c,"The elevator didn’t work on arrival , was partially fixed ( 3 floors) stairwell not well lit. Water coming out of wall behind sink for 3 days when shower was on. Reception was flooded one day when we walked out ( we put 10 towels down and alerted property about problems) very little clearance at bottom of bed because of step in from hallway , a tripping hazard . A metal rack to hang clothes on , no closet.",3.0,NEG,0,,False,False,location c elevator work arrival partially fixed 3 floors stairwell well lit water coming wall behind sink 3 days shower reception flooded one day walked put 10 towels alerted property problems little clearance bottom bed step hallway tripping hazard metal rack hang clothes closet
212,English,Berlin,BlnCty Hotel,Super location. Clean and comfortable.,No way of making or getting a cup of tea or coffee.,9.0,POS,0,,False,False,super location clean comfortable way making getting cup tea coffee
959,English,Washington,Glover Park Hotel Georgetown,Historic neighborhood,Rooms were dated and had poor soundproofing.,5.0,NEG,1,English(Romanian),False,False,historic neighborhood rooms dated poor soundproofing
884,English,Seoul,Hotel Skypark Dongdaemun I,"Conveniently located near Dongdaemun Design Plaza, this hotel offers a comfortable place to stay after a day of sightseeing. The staff are friendly and accommodating, making sure your needs are attended to.","The only minor issue was the limited selection for breakfast, which could be improved for a diverse clientele.",8.0,POS,1,French,False,False,conveniently located near dongdaemun design plaza hotel offers comfortable place stay day sightseeing staff friendly accommodating making sure needs attended minor issue limited selection breakfast could improved diverse clientele
510,English,New Delhi,Hotel Opera New Delhi,"Hotel Opera New Delhi was an oasis of calm in the bustling city. Staff was superb; friendly and very hospitable. The room was spacious, clean, and very comfortable. The food in the hotel restaurant was delicious indeed.",The nearby area is busy and crowded but that is to be expected in New Delhi.,8.0,POS,1,Italian,False,False,hotel opera new delhi oasis calm bustling city staff superb friendly hospitable room spacious clean comfortable food hotel restaurant delicious indeed nearby area busy crowded expected new delhi
201,English,Berlin,AMANO East Side,"nice rooms and lively rooftop. there’s the chance of renting bicycles
super close to Friedrichshain",actually it was all good,9.0,POS,0,,False,False,nice rooms lively rooftop chance renting bicycles super close friedrichshain actually good
970,English,Washington,Riggs Washington DC,My room was very cozy and well decorated. I liked that it was clean and warm. The cafe was great and the staff lovely!,"It’s not the property per se but the lack of water was disappointing, especially since plumbing in Washington is known to have lead in certain areas. You should not pay for a basic necessity. There were some complimentary boxed waters but there was so little that I had to buy my own from the Walgreens down the street.",10.0,POS,0,,False,False,room cozy well decorated liked clean warm cafe great staff lovely property per se lack water disappointing especially since plumbing washington known lead certain areas pay basic necessity complimentary boxed waters little buy walgreens street
433,English,Madrid,NH Barajas Airport,"Superb breakfast buffet, wide choice of dishes to suit all nationalities",Shower leaked and needs an upgrade,9.0,POS,0,,False,False,superb breakfast buffet wide choice dishes suit nationalities shower leaked needs upgrade
756,English,Rome,NH Collection Roma Centro,"nothing, except the localisation","very, very poor qualitynof service and personnel. Absolutely invredible in a 4* hotel",4.0,NEG,0,,False,False,nothing except localisation poor qualitynof service personnel absolutely invredible 4 hotel
706,English,Rome,Hotel 77 Seventy-Seven - Maison D'Art Collection,"Appreciated the art pieces displayed around the hotel which gave it some character. The location was the only saving grace, being in close proximity to some popular tourist spots.","Several aspects of our stay were unimpressive. Firstly, the room service was subpar; the cleaning was not thorough as we frequently found dust clusters around the corners of the room and on furniture. The bathroom fixtures were outdated and sometimes dysfunctional, further dampening the experience. Lastly, the noise level from the street disrupted sleep on several occasions. The hotel staff should consider acquiring soundproof windows. The WiFi connectivity was also patchy, causing inconvenience as we needed solid internet access for our work commitments.",3.0,NEG,1,English(German),False,False,appreciated art pieces displayed around hotel gave character location saving grace close proximity popular tourist spots several aspects stay unimpressive firstly room service subpar cleaning thorough frequently found dust clusters around corners room furniture bathroom fixtures outdated sometimes dysfunctional dampening experience lastly noise level street disrupted sleep several occasions hotel staff consider acquiring soundproof windows wifi connectivity also patchy causing inconvenience needed solid internet access work commitments
175,English,Beijing,Guo Ji Yi Yuan Hotel,"location,location, location.","very old and broken facilities. chair is broken,￼ aircon was running on fresh air only, highest temperature in my room was 29 degrees, and pool/fitness centre was not open.",3.0,NEG,0,,False,False,location location location old broken facilities chair broken aircon running fresh air highest temperature room 29 degrees pool fitness centre open
882,English,Seoul,Hotel Skypark Dongdaemun I,"Great location, close to attractions and good roads. Very clean hotel and helpful staff.",The room was a little small but perfect for our purposes.,8.0,POS,1,Romanian,False,False,great location close attractions good roads clean hotel helpful staff room little small perfect purposes
366,English,Bucharest,Hotel Michelangelo,The surrounding location.,"The facilities.
Bathroom was right inside the room (which means you can't have a guest and have your bath at the same time.
Bed was twin beds joined as one. This meant the beds will regular slide apart and you can fall in the middle.
TV didn't work.
Refrigerator didn't work.
Rooms were never cleaned.
Rooms were small.",4.0,NEG,0,,False,False,surrounding location facilities bathroom right inside room means guest bath time bed twin beds joined one meant beds regular slide apart fall middle tv work refrigerator work rooms never cleaned rooms small
315,English,Bucharest,"The Marmorosch Bucharest, Autograph Collection",The property's exterior is well-maintained and the concierge was friendly,"The rooms were dated and the carpet seemed old and unclean. The air conditioning system was noisy and inefficient. The room service meals were overpriced and of poor quality, with the food being cold when served. I also experienced poor WiFi connectivity throughout my stay, which was a major inconvenience for my business meetings.",2.0,NEG,1,English(German),False,False,property exterior well maintained concierge friendly rooms dated carpet seemed old unclean air conditioning system noisy inefficient room service meals overpriced poor quality food cold served also experienced poor wifi connectivity throughout stay major inconvenience business meetings
836,English,Seoul,Imperial Palace Boutique Hotel,The hotel has a modern design and it's located in a trendy area with many dining options around. Close to a metro station which makes it easy to explore the city.,The room was smaller than expected. Hotel staff was not as helpful as they could have been. Noise from the street and other rooms was quite disruptive during the night.,3.0,NEG,1,Italian,False,False,hotel modern design located trendy area many dining options around close metro station makes easy explore city room smaller expected hotel staff helpful could noise street rooms quite disruptive night
184,English,Beijing,Peking Youth Hostel,"The location is perfect, right in the heart of Beijing. The staff was incredibly helpful and friendly, making my stay all the more enjoyable. The atmosphere was relaxed and inviting, a great place for travellers.",Internet connection was a bit unstable in my room.,8.0,POS,1,German,False,False,location perfect right heart beijing staff incredibly helpful friendly making stay enjoyable atmosphere relaxed inviting great place travellers internet connection bit unstable room
151,English,Beijing,Grand Millennium Beijing,"What a grand experience at the Grand Millennium Beijing! From its strategic location, immaculate rooms to outstanding customer service, this hotel delivers excellence on all levels. Their food selection is impressive and mouth-watering. I also appreciated the friendly and knowledgeable staff who went out of their way to make my stay as comfortable as possible. I will definitely recommend this place to others visiting Beijing.",Absolutely nothing to mention. My stay was flawless.,10.0,POS,1,English(German),False,False,grand experience grand millennium beijing strategic location immaculate rooms outstanding customer service hotel delivers excellence levels food selection impressive mouth watering also appreciated friendly knowledgeable staff went way make stay comfortable possible definitely recommend place others visiting beijing absolutely nothing mention stay flawless
57,English,Ankara,Esila Hotel,"great location, good breakfast, standard room big enough",room and bathroom in attrition condition,4.0,NEG,0,,False,False,great location good breakfast standard room big enough room bathroom attrition condition
503,English,New Delhi,Hotel Krishna Deluxe-By RCG Hotels,Outstanding service and delightful meals were the highlights of my stay. Location was also very convenient as it's nestled in the bustling part of the city.,"The hotel is a bit dated, however, it's well maintained.",8.0,POS,1,Romanian,False,False,outstanding service delightful meals highlights stay location also convenient nestled bustling part city hotel bit dated however well maintained
2,English,Ankara,Hotel Ickale,"Very central, near 2 metro stations. Room was spacious with very nice view. The bathroom was large with good water pressure.",The wifi had annoying login that required logging in every time.,9.0,POS,0,,False,False,central near 2 metro stations room spacious nice view bathroom large good water pressure wifi annoying login required logging every time
66,English,Ankara,Inn 14 Hostel,The location was great and it was clean.,"The receptionist acts as if he hates his life and hates everyone customer that walks through the door. Very unfriendly and unhelpful in every way. I felt guilty just asking any questions or for help with anything. 
The private room that I booked through Booking.com is not the one I was given. Pictures showed that I would get a wardrobe and a more spacious room. Of course, my room did not have those features. 
Finally, there was no atmosphere. No liveliness in the hostel whatsoever. Felt more like a hospice than a hostel. To make matters worse, the WiFi did not work half the time. Avoid at all costs!",4.0,NEG,0,,False,False,location great clean receptionist acts hates life hates everyone customer walks door unfriendly unhelpful every way felt guilty asking questions help anything private room booked booking com one given pictures showed would get wardrobe spacious room course room features finally atmosphere liveliness hostel whatsoever felt like hospice hostel make matters worse wifi work half time avoid costs
863,English,Seoul,Stay Hotel Gangnam,The property is ideally situated for easy access to all attractions. The room was spacious and clean with a comfortable bed. The staff were friendly and helpful.,The selection of the breakfast could have been better.,8.0,POS,1,Korean,False,False,property ideally situated easy access attractions room spacious clean comfortable bed staff friendly helpful selection breakfast could better
167,English,Beijing,"Holiday Inn Temple Of Heaven Beijing, an IHG Hotel",ok,"room need renovation, too old",3.0,NEG,0,,False,False,ok room need renovation old
388,English,Bucharest,AT Central Apartments,"The location was decent, close to public transportation and main attractions.",The cleanliness was far below standard expectations. The apartment had a pungent smell and the linens appeared unwashed. Wi-Fi was not working during our stay which was very inconvenient.,3.0,NEG,1,Chinese,False,False,location decent close public transportation main attractions cleanliness far standard expectations apartment pungent smell linens appeared unwashed wi fi working stay inconvenient
284,English,Berlin,Estrel Berlin,"The bed was very comfortable, and the staff was helpful and supportive:)","The location, it is 30-40 minutes bus ride from the city center.",9.0,POS,0,,False,False,bed comfortable staff helpful supportive location 30 40 minutes bus ride city center
690,English,Paris,Sofitel Le Scribe Paris Opera,"Sofitel Le Scribe Paris Opera has a perfect location. It's just minutes from the Opera and Galeries Lafayette. The staff were exceptional, polite, and always ready to help with a smile. My room was spacious with a comfortable bed and a great view of the city.",The prices at the mini bar were a bit steep but this is to be expected in such a high-end establishment.,8.0,POS,1,Chinese,False,False,sofitel le scribe paris opera perfect location minutes opera galeries lafayette staff exceptional polite always ready help smile room spacious comfortable bed great view city prices mini bar bit steep expected high end establishment
957,English,Washington,Glover Park Hotel Georgetown,The location of the Glover Park Hotel Georgetown was quite good.,"Unfortunately, the service was not at the expected standard for such a hotel. Rooms were not tidied up regularly and staff were not very responsive or helpful. Also, the meals served at the in-house restaurant left a lot to be desired in terms of taste and value for money.",5.0,NEG,1,English(Chinese),False,False,location glover park hotel georgetown quite good unfortunately service expected standard hotel rooms tidied regularly staff responsive helpful also meals served house restaurant left lot desired terms taste value money
418,English,Madrid,Riu Plaza España,"Check in / check out was smooth 
Location good","The roof top staff were rude and lack training ….. Only a few, very few, in the hotel speaks English 
Very disappointed considering the hotel reputation",4.0,NEG,0,,False,False,check check smooth location good roof top staff rude lack training hotel speaks english disappointed considering hotel reputation
264,English,Berlin,Hotel Vivaldi Berlin am Kurfürstendamm,"Liked everything about the room: high ceilings, comfy beds, equipped bathroom with all you need, : hair dryer , shampoo, soap, moving mirror for makeup and closer looks, etc
The stuff guy helped with the luggage. 
Nice Cafes all around the hotel!","Nothing! 
Strongly advised!",10.0,POS,0,,False,False,liked everything room high ceilings comfy beds equipped bathroom need hair dryer shampoo soap moving mirror makeup closer looks etc stuff guy helped luggage nice cafes around hotel nothing strongly advised
937,English,Washington,State Plaza Hotel,The location of the hotel was its only saving grace as it was conveniently placed near many of Washington's popular attractions.,"However, the rooms were quite dated with old furnishings and basic amenities. I had to call multiple times for basic necessities such as toiletries, only to get a delayed response. The noise from the hallway was herculean and even the slightest sounds from neighbouring rooms were distracting, making it difficult for a peaceful night's sleep. Wi-Fi connection was often erratic and the customer service was underwhelming - the staff were standoffish and not very accommodating with requests or complaints.",2.0,NEG,1,English(French),False,False,location hotel saving grace conveniently placed near many washington popular attractions however rooms quite dated old furnishings basic amenities call multiple times basic necessities toiletries get delayed response noise hallway herculean even slightest sounds neighbouring rooms distracting making difficult peaceful night sleep wi fi connection often erratic customer service underwhelming staff standoffish accommodating requests complaints
307,English,Bucharest,Moxy Bucharest Old Town,- Location,"- Over Priced
- Breakfast for a Mariott Hotel is too poor
- No Hot Chocolate served at breakfast (extra fee)
- Rooms are extremely small
- Views are really cruel
- Staff don't smile at all
- Sheets were also dirty from someone before us (so not changed)
- Body wash was empty in shower
- No easy WIFI
- NO LOCKERS in room
- Hanging clothes is very difficult",3.0,NEG,0,,False,False,location priced breakfast mariott hotel poor hot chocolate served breakfast extra fee rooms extremely small views really cruel staff smile sheets also dirty someone us changed body wash empty shower easy wifi lockers room hanging clothes difficult
661,English,Paris,citizenM Paris Champs-Élysées,"Absolutely amazing! Very friendly staff from the moment you walk in the lobby, to the last second you leave. 
Would be my go-to hotel when we visit Paris.",,10.0,POS,0,,False,True,absolutely amazing friendly staff moment walk lobby last second leave would go hotel visit paris
466,English,Madrid,Eurostars Casa de la Lírica,The location of Eurostars Casa de la Lírica in the heart of Madrid was quite convenient.,"The hotel’s downside primarily centered on the poor service quality of the staff members; they were dismissive and not particularly helpful. Additionally, the rooms were not as clean as one would expect; I found dust on the furniture and some bathroom fixtures were not in the best condition. Basic amenities, such as coffee and tea, were not replenished daily. To my disappointment, the noise was unbearable, particularly during the early morning due to the absence of sound-proofing. The provided breakfast was basic and unworthy of its cost.",3.0,NEG,1,English(French),False,False,location eurostars casa de la lírica heart madrid quite convenient hotel downside primarily centered poor service quality staff members dismissive particularly helpful additionally rooms clean one would expect found dust furniture bathroom fixtures best condition basic amenities coffee tea replenished daily disappointment noise unbearable particularly early morning due absence sound proofing provided breakfast basic unworthy cost
387,English,Bucharest,AT Central Apartments,"The location of AT Central Apartments is excellent, very central with lots of shops and restaurants all around.","Unfortunately, my stay was marred by several issues: the apartment was not as clean as I expected, the furniture was quite dated, and the WiFi connection was poor. The shower had little to no water pressure and the mattress on the bed was lumpy and uncomfortable, making for a poor night's sleep. On top of that, communication with the host was quite difficult.",3.0,NEG,1,English(Spanish),False,False,location central apartments excellent central lots shops restaurants around unfortunately stay marred several issues apartment clean expected furniture quite dated wifi connection poor shower little water pressure mattress bed lumpy uncomfortable making poor night sleep top communication host quite difficult
631,English,Paris,Adveniat Paris,"Very modern, confortable and clean hostal.",,9.0,POS,0,,False,True,modern confortable clean hostal
185,English,Beijing,Peking Youth Hostel,The location is quite easily accessible and the surrounding environment is decent.,The room was not properly cleaned with dust on the shelves. The bed felt uncomfortable and there was some noise disturbance during the night. The WiFi connection was poor and the staff did not seem very attentive to resolving issues.,3.0,NEG,1,Spanish,False,False,location quite easily accessible surrounding environment decent room properly cleaned dust shelves bed felt uncomfortable noise disturbance night wifi connection poor staff seem attentive resolving issues
899,English,Seoul,Hotel Skypark Myeongdong 1,"The hotel location is undoubtedly stellar, being situated in the heart of Myeongdong. It offers easy access to the shopping streets and variety of eateries.","Sadly, my stay was marred by several issues. The room was noticeably small and felt cramped with hardly any space for luggage. Additionally, the in-room amenities were quite outdated and the Internet connection was abysmally slow, making any form of online work or entertainment nearly impossible. Lastly, while the staff was generally courteous, they seemed overwhelmed by the number of guests, leading to delay in services.",3.0,NEG,1,Italian,False,False,hotel location undoubtedly stellar situated heart myeongdong offers easy access shopping streets variety eateries sadly stay marred several issues room noticeably small felt cramped hardly space luggage additionally room amenities quite outdated internet connection abysmally slow making form online work entertainment nearly impossible lastly staff generally courteous seemed overwhelmed number guests leading delay services
498,English,Madrid,Generator Madrid,It's clean and rooms are spacious.,"This is a huge hostel and most people don't arrive alone. There are no usual hostel facilities like a kitchen or events. They charge ridiculous amounts for everything other than the room, 5€ for a towel, 4€ for luggage storing etc. Bar is quite expensive. The staff is really cold.",4.0,NEG,0,,False,False,clean rooms spacious huge hostel people arrive alone usual hostel facilities like kitchen events charge ridiculous amounts everything room 5 towel 4 luggage storing etc bar quite expensive staff really cold
824,English,Seoul,Orakai Insadong Suites,Just beside the MTR and coffee shop on the premises with a Korean restaurant as well.,Elevators still under maintenance after my stay a few monbths back. SHould be finished now.,9.0,POS,0,,False,False,beside mtr coffee shop premises korean restaurant well elevators still maintenance stay monbths back finished
904,English,Washington,Generator Hotel Washington DC,"Comfortable beds, friendly staff, and a convenient location close to Metro.","Can get a bit noisy during the evening with the bar downstairs, but nothing too extreme.",8.0,POS,1,English(Italian),False,False,comfortable beds friendly staff convenient location close metro get bit noisy evening bar downstairs nothing extreme
337,English,Bucharest,Upstairs Boutique,"Breakfast average…..
Location good",Before I paid nobody mentioned that I have to go 3 floors up to a very narrow and dangerous staircases,4.0,NEG,0,,False,False,breakfast average location good paid nobody mentioned go 3 floors narrow dangerous staircases
913,English,Washington,Motto by Hilton Washington DC City Center,"The room was cozy and a little small, the staff friendly. Very well located, with access to the principal attaction to the city. A rooftop and a bar/restaurannt inside the hotel. Around the hotel, good restaurants, train station some steps away, banks, library and convention center. Near to the bus station to travel to other states.","The neigborhood has become dangerous, a lot of homeless and fights during the night. Police patrol was parked permanently in the block",9.0,POS,0,,False,False,room cozy little small staff friendly well located access principal attaction city rooftop bar restaurannt inside hotel around hotel good restaurants train station steps away banks library convention center near bus station travel states neigborhood become dangerous lot homeless fights night police patrol parked permanently block
293,English,Berlin,Generator Berlin Mitte,"Great location, really close to the city centre, in a nice neighbourhood and close to city transport.",Only thing that I don't like is not being able to open a window in the room or having a better ventilation.,9.0,POS,0,,False,False,great location really close city centre nice neighbourhood close city transport thing like able open window room better ventilation
305,English,Bucharest,Moxy Bucharest Old Town,The location is quite central and accessible to public transportation.,"The accommodations were subpar with uncomfortable beds and too small rooms. Noise from nightclubs in the vicinity was unbearable until the early hours of the morning. The service was lackluster with staff being somewhat unresponsive and not too friendly. Housekeeping seemed irregular and ineffective, leaving the room not entirely clean. The supposed 'continental breakfast' was extremely basic and not worth the price. Additionally, the Wifi signal was intermittently cutting out which is inconvenient for both business and leisure travelers. I wouldn't recommend this hotel due to all these negative experiences.",2.0,NEG,1,English(Russian),False,False,location quite central accessible public transportation accommodations subpar uncomfortable beds small rooms noise nightclubs vicinity unbearable early hours morning service lackluster staff somewhat unresponsive friendly housekeeping seemed irregular ineffective leaving room entirely clean supposed continental breakfast extremely basic worth price additionally wifi signal intermittently cutting inconvenient business leisure travelers recommend hotel due negative experiences
281,English,Berlin,Estrel Berlin,"Comfortable beds, nice bathroom. I also liked the architecture of the Hotel.",Breakfast was not included in the price for the room. On my opinion the extra cost of 25€ each person for breakfast is really too high.,9.0,POS,0,,False,False,comfortable beds nice bathroom also liked architecture hotel breakfast included price room opinion extra cost 25 person breakfast really high
632,English,Paris,Adveniat Paris,"Everything went well - the hotel is easy to find, the reception staff pleasant and well organized. The room was clean and comfortable. The system of sheets/towels is understandable at this price and a good way to define the culture of the hotel.",Can't think of anything,9.0,POS,0,,False,False,everything went well hotel easy find reception staff pleasant well organized room clean comfortable system sheets towels understandable price good way define culture hotel think anything
328,English,Bucharest,Central Guesthouse,The apartment was pretty close to the old town and near some attractions.,"It is not cleared in the website that the apartment is in the basement. When they sent me the email with the details, it is mentioned that the apartment is in the semi-basement but when the apartment is from all directions under the level of the earth, then it is called BASEMENT not semi-basement. We were sharing the room with some spiders that sought refuge in the bunker and the dust was at least visible. You could also smell the mold. There is a small window at the top of a single wall, so oxygen can come through and not die and even though IT IS MENTIONED that THERE IS AN A/C, there WEREN'T any. So during the day the heat was unbearable. They lied on the website that there is an A/C. UNACCEPTABLE. Yes the apartment is pretty cheap but you can find better accomodations with little more money. DO NOT RECOMMEND.",4.0,NEG,0,,False,False,apartment pretty close old town near attractions cleared website apartment basement sent email details mentioned apartment semi basement apartment directions level earth called basement semi basement sharing room spiders sought refuge bunker dust least visible could also smell mold small window top single wall oxygen come die even though mentioned c day heat unbearable lied website c unacceptable yes apartment pretty cheap find better accomodations little money recommend
412,English,Madrid,Riu Plaza España,"The view of the city from the 360-degree rooftop was something to cherish. The hotel was modern, clean and comfortable with super-efficient, friendly staff. Also, the central downtown location made it easy to get to major sightseeing spots.","The breakfast buffet, while extensive, could have had more vegan options. Also, the check-in process was a bit slow.",8.0,POS,1,English(Spanish),False,False,view city 360 degree rooftop something cherish hotel modern clean comfortable super efficient friendly staff also central downtown location made easy get major sightseeing spots breakfast buffet extensive could vegan options also check process bit slow
12,English,Ankara,Hotel Cinnah,breakfast excellent,nothing,9.0,POS,0,,False,False,breakfast excellent nothing
552,English,New Delhi,FabHotel White Klove Paharganj,"Staff were incredibly helpful and friendly. Exceedingly comfy beds, delicious food. It's a peaceful spot in a busy city. Close to the railway station, too.","There's a bit of noise from the neighboring rooms, but it didn't bother me too much.",8.0,POS,1,Russian,False,False,staff incredibly helpful friendly exceedingly comfy beds delicious food peaceful spot busy city close railway station bit noise neighboring rooms bother much
233,English,Berlin,Eurostars Berlin,"The experience was amazing. Very helpful stuff specially Marta (Reception) She was so friendly. Definitely, if I back to Berlin I’ll choose Eurostars Hotel.",,9.0,POS,0,,False,True,experience amazing helpful stuff specially marta reception friendly definitely back berlin choose eurostars hotel
271,English,Berlin,The Westin Grand Berlin,"The staff were incredibly helpful and welcoming at the Westin Grand Berlin. The rooms were well-appointed and comfortable, and the location is hard to beat. Breakfast was varied and delicious.",The Wi-Fi was a bit slow and sometimes it was overcrowded in the lobby.,8.0,POS,1,Chinese,False,False,staff incredibly helpful welcoming westin grand berlin rooms well appointed comfortable location hard beat breakfast varied delicious wi fi bit slow sometimes overcrowded lobby
161,English,Beijing,"Holiday Inn Temple Of Heaven Beijing, an IHG Hotel","The Holiday Inn Temple of Heaven in Beijing offers an excellent experience for its guests. The rooms are spacious and impeccably clean, providing a quiet and comfortable environment to rest after a long day exploring the city. Their restaurant offers a diverse selection of both local and international cuisines, ensuring that every palate is catered for. The staff are very friendly and always willing to assist with any queries or issues. Moreover, the location of the hotel is perfect, only a short distance from the Temple of Heaven.",None to note!,9.0,POS,1,Italian,False,False,holiday inn temple heaven beijing offers excellent experience guests rooms spacious impeccably clean providing quiet comfortable environment rest long day exploring city restaurant offers diverse selection local international cuisines ensuring every palate catered staff friendly always willing assist queries issues moreover location hotel perfect short distance temple heaven none note
858,English,Seoul,"Four Points by Sheraton Josun, Seoul Station",,"Beware if you book with Booking.com the hotel will charge you extra 10% at check in!!!
We booked on booking.com and were given the total price to pay at the accommodation inclusive of tax however when we checked in they told us they charge an additional 10% “service charge” and that booking.com not showing this strange charge is a known issue.
Given the hotel was already by far the most expensive we stayed at in Korea this is was very unwelcome. The staff didn’t seem to care much or have an explanation as to why they are the only hotel with such a charge.
The rooms were small and lifts took ages. On top of this they only have central heating and cooling so there is no way to change the temperature in your room.
For the price our stay there was extremely disappointing and I felt ripped off. Only good thing was location",3.0,NEG,0,,True,False,beware book booking com hotel charge extra 10 check booked booking com given total price pay accommodation inclusive tax however checked told us charge additional 10 service charge booking com showing strange charge known issue given hotel already far expensive stayed korea unwelcome staff seem care much explanation hotel charge rooms small lifts took ages top central heating cooling way change temperature room price stay extremely disappointing felt ripped good thing location
907,English,Washington,Generator Hotel Washington DC,nice lobby and common area,"poor cleanliness, lack of customer service, small rooms, uncomfortable beds, loud noises",2.0,NEG,1,Turkish,False,False,nice lobby common area poor cleanliness lack customer service small rooms uncomfortable beds loud noises
361,English,Bucharest,Hotel Michelangelo,"The rooms were cozy and clean, and the location was perfect for exploring Bucharest. The staff was incredibly welcoming and helpful with any questions. Breakfast was delicious with a wide variety of foods. Would highly recommend!",,9.0,POS,1,Romanian,False,True,rooms cozy clean location perfect exploring bucharest staff incredibly welcoming helpful questions breakfast delicious wide variety foods would highly recommend
479,English,Madrid,Emperador,"The location was fantastic, right on Gran Via so close to all the shops and restaurants.","The rooms were quite outdated and in need of refurbishment. The air-conditioning was very loud and the room was always either too hot or too cold, we could not control it. The breakfast was very limited in choice and constantly ran out of options. No tea or coffee facilities in the room, which was disappointing.",4.0,NEG,1,English(Romanian),False,False,location fantastic right gran via close shops restaurants rooms quite outdated need refurbishment air conditioning loud room always either hot cold could control breakfast limited choice constantly ran options tea coffee facilities room disappointing
870,English,Seoul,Ibis Styles Ambassador Seoul Myeong-dong,"The hotel is very conveniently located in Myeongdong and is a mere minute's walk to a convenience store, a couple of minutes to the bustling shopping markets, and a 5 minute walk to the subway. The staff was very professional and warm, and their English service was commendable. The complimentary breakfast was filling and varied daily",WiFi in my room was rather weak at times,8.0,POS,1,Spanish,False,False,hotel conveniently located myeongdong mere minute walk convenience store couple minutes bustling shopping markets 5 minute walk subway staff professional warm english service commendable complimentary breakfast filling varied daily wifi room rather weak times
527,English,New Delhi,UDS Villa - Scandinavian B&B,Interesting decor,Lack of cleanliness in the rooms. Internet connection was spotty and unreliable. Breakfast was not up to the mark.,2.0,NEG,1,Russian,False,False,interesting decor lack cleanliness rooms internet connection spotty unreliable breakfast mark
901,English,Washington,Generator Hotel Washington DC,The lobby was very comfortable and beautiful. The staff was professional. The room was clean and looked new. The area looked safe.,There were a lot of mosquitoes in the outside area. I think that's the only bad thing about the place. I don't know how this problem can be solved.,9.0,POS,0,,False,False,lobby comfortable beautiful staff professional room clean looked new area looked safe lot mosquitoes outside area think bad thing place know problem solved
760,English,Rome,Hotel 55 Fifty-Five - Maison d'Art Collection,Beautifully thought out hotel for any traveller,,10.0,POS,0,,False,True,beautifully thought hotel traveller
847,English,Seoul,LOTTE City Hotel Myeongdong,['Strategic location'],"The interior of the rooms is rather dated and could use a facelift. In addition, some of the staff at the front desk were quite unfriendly and unresponsive to our queries, which was off-putting.",3.0,NEG,1,Turkish,False,False,strategic location interior rooms rather dated could use facelift addition staff front desk quite unfriendly unresponsive queries putting
503,English,New Delhi,Hotel Krishna Deluxe-By RCG Hotels,Excellent location. great clean rooms and toilets. good food and best staff. unbelievable price..,,9.0,POS,0,,False,True,excellent location great clean rooms toilets good food best staff unbelievable price
956,English,Washington,Glover Park Hotel Georgetown,The lobby and dining area were clean and inviting.,"The room was dated and the bathroom was not as clean as expected. The service was also not great, with staff seeming to be unconcerned about guests' needs. The location, while scenic, was a distance from the central city which made transportation inconvenient.",3.0,NEG,1,Korean,False,False,lobby dining area clean inviting room dated bathroom clean expected service also great staff seeming unconcerned guests needs location scenic distance central city made transportation inconvenient
221,English,Berlin,numa I Arc Rooms & Apartments,"The location was excellent, just a short walk from the bustling city centre. The room itself was beautifully designed, spacious and exceptionally clean. The hotel staff were incredibly friendly and went above and beyond to ensure a comfortable stay.",I honestly couldn't find any flaws during my stay.,9.0,POS,1,English(French),False,False,location excellent short walk bustling city centre room beautifully designed spacious exceptionally clean hotel staff incredibly friendly went beyond ensure comfortable stay honestly find flaws stay
395,English,Bucharest,The Embassy Nord,"The room was nice, clean, and quiet.","Self check-in with a code. Arrived at 3am with a small child, code for the front door wasn't working (it worked for the room though, same code) and couldn't get in. Impossible to contact anyone without a Romanian number and access to internet. Location on a small street with stray dogs barking at you in the middle of the night, small child, big luggage, traumatizing experience if you can't get in. Eventually I managed to stop a random car on the street and borrow a phone to contact the hotel (luckily I had the number!) and could finally get in, but the experience was very chilling. Advice: install a way (ie a buzz) so travellers who don't have a Romanian phone subscription can get in touch, especially if arriving at night. Or make sure that code actually works.",3.0,NEG,0,,False,False,room nice clean quiet self check code arrived 3am small child code front door working worked room though code get impossible contact anyone without romanian number access internet location small street stray dogs barking middle night small child big luggage traumatizing experience get eventually managed stop random car street borrow phone contact hotel luckily number could finally get experience chilling advice install way ie buzz travellers romanian phone subscription get touch especially arriving night make sure code actually works
192,English,Beijing,New World Beijing Hotel,The hotel locates in the center of the city thus very convinient for daily city trips.,,10.0,POS,0,,False,True,hotel locates center city thus convinient daily city trips
243,English,Berlin,Ibis budget Berlin Potsdamer Platz,"The Ibis budget Berlin Potsdamer Platz offers the wonderful combination of a good price, clean rooms and perfect location. The staff are friendly and helpful, and the breakfast was decent.","The only downside is that the rooms are quite small, but it’s manageable if you’re just looking for a place to rest after exploring the city.",8.0,POS,1,Spanish,False,False,ibis budget berlin potsdamer platz offers wonderful combination good price clean rooms perfect location staff friendly helpful breakfast decent downside rooms quite small manageable looking place rest exploring city
910,English,Washington,Motto by Hilton Washington DC City Center,"The front desk people were really helpful and friendly, specially Terrel!",Everything was perfect,10.0,POS,0,,False,False,front desk people really helpful friendly specially terrel everything perfect
227,English,Berlin,numa I Arc Rooms & Apartments,Comfortable mattress. Free luggage storage after check out. Convenient self service laundry. The on-site cleaning team was very friendly and provided as much help as possible with hiccups like handing over a fan and the broken lock at the luggage storage.,"Serious safety concerns and broken facilities. 
- 2 men burst into the room to “fix wifi for other rooms” at 10am without notification ahead. We felt unsafe with the incident as we were two women travelers. While we asked for proof of identify, the men could not provide.
- Slow customer service response time: took the management team a couple of hours to find out who those men were. Could be a big trouble if it’s a real safety breach. 
- Broken induction that took the team 2 days to fix (while we only stayed for 4 nights). We spent a lot of time to communicate and convince the team that what we needed was not trouble shooting as it was broken at the first place and needed a reset.",4.0,NEG,0,,False,False,comfortable mattress free luggage storage check convenient self service laundry site cleaning team friendly provided much help possible hiccups like handing fan broken lock luggage storage serious safety concerns broken facilities 2 men burst room fix wifi rooms 10am without notification ahead felt unsafe incident two women travelers asked proof identify men could provide slow customer service response time took management team couple hours find men could big trouble real safety breach broken induction took team 2 days fix stayed 4 nights spent lot time communicate convince team needed trouble shooting broken first place needed reset
856,English,Seoul,"Four Points by Sheraton Josun, Seoul Station","The hotel's location is excellent, within easy walking distance to the Seoul station and shopping areas. The lobby and public areas are sharply decorated and clean","We found that the rooms were not cleaned well, the linens were unappealing, and there was insufficient light in the room making it very gloomy. Furthermore, basic necessities like toiletries were not stocked well and had to be requested multiple times. The breakfast spread was quite limited and the taste was an utter disappointment.",3.0,NEG,1,English(Korean),False,False,hotel location excellent within easy walking distance seoul station shopping areas lobby public areas sharply decorated clean found rooms cleaned well linens unappealing insufficient light room making gloomy furthermore basic necessities like toiletries stocked well requested multiple times breakfast spread quite limited taste utter disappointment
680,English,Paris,Courtyard by Marriott Paris Gare de Lyon,"Professionalism of the staffs, Security measures, C-19 social distancing measures and indications, Geographic localisation and no noises.",No thing,10.0,POS,0,,False,False,professionalism staffs security measures c 19 social distancing measures indications geographic localisation noises thing
402,English,Madrid,Pestana CR7 Gran Vía Madrid,"Absolutely loved my stay at Pestana CR7 Gran Vía Madrid. The room was spacious and immaculately clean, staff were exceptionally friendly, and the location was superb - all the major sights in Madrid were easily accessible. The rooftop pool was also a great bonus.",Nothing significant comes to mind.,9.0,POS,1,French,False,False,absolutely loved stay pestana cr7 gran vía madrid room spacious immaculately clean staff exceptionally friendly location superb major sights madrid easily accessible rooftop pool also great bonus nothing significant comes mind
983,English,Washington,Hilton Washington DC Capitol Hill,It is very close to Capitol Hill and surrounding areas. Many restaurants nearby. The staff was nice and the doorman. They all very nice,"Not much, but there are few homeless nearby but not to close.",9.0,POS,0,,False,False,close capitol hill surrounding areas many restaurants nearby staff nice doorman nice much homeless nearby close
205,English,Berlin,AMANO East Side,Location great - near train station and right next to the east side gallery,"They seemed to have three different external events on over the three nights we stayed, which were booked in to hotel social areas that are advertised for guest use. We therefore couldn’t use those spaces such as the rooftop bar, which was very disappointing as it was a selling point for booking the hotel. Hotel rooms are designed badly, very small with minimal storage. No basic room amenities such as coffee/tea making facilities",3.0,NEG,0,,False,False,location great near train station right next east side gallery seemed three different external events three nights stayed booked hotel social areas advertised guest use therefore use spaces rooftop bar disappointing selling point booking hotel hotel rooms designed badly small minimal storage basic room amenities coffee tea making facilities
167,English,Beijing,"Holiday Inn Temple Of Heaven Beijing, an IHG Hotel",The location of the hotel within vicinity to the Temple of Heaven.,"The hotel room was old and shabby with a subpar room service. The room lighting was inadequate, which made the ambience rather gloomy. Additionally, the staff was not cooperative and there was a substantial language barrier leading to miscommunications.",2.0,NEG,1,English(Korean),False,False,location hotel within vicinity temple heaven hotel room old shabby subpar room service room lighting inadequate made ambience rather gloomy additionally staff cooperative substantial language barrier leading miscommunications
585,English,New Delhi,Andaz Delhi Aerocity- Concept by Hyatt,location is good,"blaring music in the middle of the night 
staff calls at the middle of the night to clear utensils even though we told them we had a sick child",3.0,NEG,0,,False,False,location good blaring music middle night staff calls middle night clear utensils even though told sick child
835,English,Seoul,Imperial Palace Boutique Hotel,"The stuff were nice and considerate, we asked for a low floor and they give us that. The location was good for us too.","The room didn't look like the photos at all, it was disgusting, and the view was to a wall even the light couldn't get through. There were stains on the carpet, the curtains and even on the ceiling.",4.0,NEG,0,,False,False,stuff nice considerate asked low floor give us location good us room look like photos disgusting view wall even light get stains carpet curtains even ceiling
416,English,Madrid,Riu Plaza España,Location and breakfast,"Room 624 with little to none street light, all with vintage look. We had to change our room at 12am due to noise coming from renovations in a near building. Fire alarm ring at 6am",4.0,NEG,0,,False,False,location breakfast room 624 little none street light vintage look change room 12am due noise coming renovations near building fire alarm ring 6am
782,English,Rome,Exe International Palace,"The hotel is conveniently located within walking distance of many of Rome's attractions. The hotel staff were very friendly and helpful. The room was spacious and well-appointed, with a comfortable bed and a clean, modern bathroom.","No major complaints, but would be better if a kettle in the room was provided.",8.0,POS,1,German,False,False,hotel conveniently located within walking distance many rome attractions hotel staff friendly helpful room spacious well appointed comfortable bed clean modern bathroom major complaints would better kettle room provided
671,English,Paris,Hotel Minerve,"Nicely decorated room with a comfortable bed and helpful staff. It's in a marvelous location, close to many attractions.",Nothing to mention,8.0,POS,1,English(Spanish),False,False,nicely decorated room comfortable bed helpful staff marvelous location close many attractions nothing mention
54,English,Ankara,Esila Hotel,"Location ,next to Malteoe metro station if you need local transport.
They also have private parking if you come by car .
Good selection of restaurants and shops near hotel.
Decent breakfast.
Very serviable personel.
Thank you.",,9.0,POS,0,,False,True,location next malteoe metro station need local transport also private parking come car good selection restaurants shops near hotel decent breakfast serviable personel thank
251,English,Berlin,Ballhaus Berlin Hostel,"We loved the location. We never visited Berlin before until now, but having a metro and tram station right next to the hotel was a huge help! 
Also, value for the money. We had a loft room with a big bed and private bathroom, and it wasn't like the photos - it was much better. No red interior and laying on the floor like the pictures showed (we wouldn't mind that at all too) but we simply didn't expect this at all. It was a nice surprise. :)",Nothing,9.0,POS,0,,False,False,loved location never visited berlin metro tram station right next hotel huge help also value money loft room big bed private bathroom like photos much better red interior laying floor like pictures showed mind simply expect nice surprise nothing
166,English,Beijing,"Holiday Inn Temple Of Heaven Beijing, an IHG Hotel",Proximity to Temple of Heaven and easy access to public transportation.,The service was not up to par with poor communication skills of hotel staff. The food in the restaurant for breakfast was quite bland and the rooms were outdated and not very clean.,3.0,NEG,1,English(French),False,False,proximity temple heaven easy access public transportation service par poor communication skills hotel staff food restaurant breakfast quite bland rooms outdated clean
545,English,New Delhi,The Prime Delhi,The location of the hotel is favorable as it is located in the city center offering easy access to markets and tourist attractions. The property's infrastructure is also noteworthy.,"My experience at The Prime Delhi was underwhelming. The hotel staff's attitude was not as accommodating as expected, causing discomfort during my interaction. The rooms were not well maintained, the bed linens were untidy and the bathroom was not properly clean. The noise from the street was disturbing my sleep at night. Additionally, the service at the hotel's in-house restaurant was very slow and the food was just average, not aligning with my expectations.",3.0,NEG,1,English(Italian),False,False,location hotel favorable located city center offering easy access markets tourist attractions property infrastructure also noteworthy experience prime delhi underwhelming hotel staff attitude accommodating expected causing discomfort interaction rooms well maintained bed linens untidy bathroom properly clean noise street disturbing sleep night additionally service hotel house restaurant slow food average aligning expectations
802,English,Seoul,Hotel Skypark Central Myeongdong,The location was great. Staff were friendly and breakfast was good,Had to carry luggage up and down the stairs,8.0,POS,1,Turkish,False,False,location great staff friendly breakfast good carry luggage stairs
987,English,Washington,Hilton Washington DC Capitol Hill,The location of the Hilton Washington DC Capitol Hill is probably the only redeeming feature of this hotel. It is close to major attractions and easily accessible.,"However, the rest of my experience was rather disappointing. The staff were not friendly and did not respond to our requests in a timely manner. The rooms were not clean, and I noticed dust on the furniture and stains on the carpets. Room service was also below par - meals arrived later than promised and often cold. Another issue was the noise, despite being on a high floor the street noise was very noticeable and made it difficult to sleep.",3.0,NEG,1,Spanish,False,False,location hilton washington dc capitol hill probably redeeming feature hotel close major attractions easily accessible however rest experience rather disappointing staff friendly respond requests timely manner rooms clean noticed dust furniture stains carpets room service also par meals arrived later promised often cold another issue noise despite high floor street noise noticeable made difficult sleep
860,English,Seoul,Stay Hotel Gangnam,Exceptional staff and service,Nothing,10.0,POS,1,English(Korean),False,False,exceptional staff service nothing
844,English,Seoul,LOTTE City Hotel Myeongdong,"LOTTE City Hotel Myeongdong is truly a gem in the heart of Seoul. The rooms are modern, clean, and well-equipped with amenities. The location is remarkable, offering easy access to stores, restaurants, and local attractions. The staff is wonderfully polite and always ready to assist with a smile.","The hotel was quite busy during my visit, so it might not be the best choice for travelers seeking a quiet stay. Also, the breakfast could offer more vegetarian options.",8.0,POS,1,English(Chinese),False,False,lotte city hotel myeongdong truly gem heart seoul rooms modern clean well equipped amenities location remarkable offering easy access stores restaurants local attractions staff wonderfully polite always ready assist smile hotel quite busy visit might best choice travelers seeking quiet stay also breakfast could offer vegetarian options
988,English,Washington,Hilton Washington DC Capitol Hill,,"The room was not cleaned properly, dust was present on the furniture and the bathroom was underwhelming. The staff was not attentive nor accommodating to our needs and requests. Also, the hotel is located quite far from the main attractions.",2.0,NEG,1,German,True,False,room cleaned properly dust present furniture bathroom underwhelming staff attentive accommodating needs requests also hotel located quite far main attractions
652,English,Paris,Hotel Mimosa Paris,The people that work in the hotel! They are sooo nice!,,10.0,POS,0,,False,True,people work hotel sooo nice
11,English,Ankara,Hotel Cinnah,"the hotel is located almost in the center of the city, near a park and a street with many cafes and restaurants. The hotel has a wonderful cafe, the staff is polite and very attentive to the guests. Special thanks to Mustafa for help and organization of our leisure time.",small number and dark color palette,9.0,POS,0,,False,False,hotel located almost center city near park street many cafes restaurants hotel wonderful cafe staff polite attentive guests special thanks mustafa help organization leisure time small number dark color palette
195,English,Beijing,New World Beijing Hotel,"Nice architecture, convenient location in the city center",Hotel is not as great as marketed. Rooms were small and poorly maintained. Housekeeping was less than reliable. Front desk staff were not very friendly and often seemed too busy to assist. Food options in the hotel restaurants were limited and expensive. The hotel location is also not ideal for tourists as there are not many attractions or dining options nearby.,2.0,NEG,1,English(Russian),False,False,nice architecture convenient location city center hotel great marketed rooms small poorly maintained housekeeping less reliable front desk staff friendly often seemed busy assist food options hotel restaurants limited expensive hotel location also ideal tourists many attractions dining options nearby
825,English,Seoul,Orakai Insadong Suites,The rooms were spacious,"the cleanliness left a lot to be desired, and the staff was not very helpful",4.0,NEG,1,Chinese,False,False,rooms spacious cleanliness left lot desired staff helpful
555,English,New Delhi,FabHotel White Klove Paharganj,Convenient location,"Dirty rooms, poor service, and awful food",2.0,NEG,1,English(Spanish),False,False,convenient location dirty rooms poor service awful food
387,English,Bucharest,AT Central Apartments,The area,The fact that the hosting manager did not returned my call when I needed more details about the parking.,3.0,NEG,0,,False,False,area fact hosting manager returned call needed details parking
637,English,Paris,Adveniat Paris,location and clean hostel but couldn’t sleep in the night during August time (without fan and lot of mosquitos),several factors to be considered- 1) 10-4 you can’t use rooms and you have to be remained outside 2) no fan provided 3) since it’s near to river - lot of mosquitoes disturbed in the night 4) couldn’t sleep - travelled with my 2 daughters xx,3.0,NEG,0,,False,False,location clean hostel sleep night august time without fan lot mosquitos several factors considered 1 10 4 use rooms remained outside 2 fan provided 3 since near river lot mosquitoes disturbed night 4 sleep travelled 2 daughters xx
245,English,Berlin,Ibis budget Berlin Potsdamer Platz,"The location was quite central, near to Potsdamer Platz and check-in process was smooth.",The room was smaller than expected and lacked amenities. There was a bit of noise from the street and the beds were not comfortable.,3.0,NEG,1,Chinese,False,False,location quite central near potsdamer platz check process smooth room smaller expected lacked amenities bit noise street beds comfortable
139,English,Beijing,"Holiday Inn Express Beijing Temple of Heaven, an IHG Hotel","only location was okay,","we requested breakfast at 6am since we needed to catch train, but hotel staff just packed only bread/egg/yoghurt...very disappointing experience.
Also rooms given to us were not clean...request was not taken into consideration.",4.0,NEG,0,,False,False,location okay requested breakfast 6am since needed catch train hotel staff packed bread egg yoghurt disappointing experience also rooms given us clean request taken consideration
270,English,Berlin,The Westin Grand Berlin,"The Westin Grand Berlin was a wonderful surprise. The room was spacious and luxurious, with a comfortable bed and a fantastic bathroom. The breakfast was varied and delicious, and the staff was always friendly and helpful. The location is also perfect, close to many attractions and the subway.",Nothing to point out.,10.0,POS,1,Romanian,False,False,westin grand berlin wonderful surprise room spacious luxurious comfortable bed fantastic bathroom breakfast varied delicious staff always friendly helpful location also perfect close many attractions subway nothing point
447,English,Madrid,Catalonia Gran Vía Madrid,"The hotel location is fantastic, right in the heart of Madrid.","Although the location is great, the noise from the Gran Via was horrendous. It was almost impossible to sleep, even with earplugs provided. The bed was very uncomfortable. Moreover, the air conditioning unit in the room was extremely loud, making a good night's sleep impossible. Also, the hotel is undergoing a renovation which we were not made aware of during booking. It did, unfortunately, interrupt our stay due to the noise and dust.",2.0,NEG,1,Spanish,False,False,hotel location fantastic right heart madrid although location great noise gran via horrendous almost impossible sleep even earplugs provided bed uncomfortable moreover air conditioning unit room extremely loud making good night sleep impossible also hotel undergoing renovation made aware booking unfortunately interrupt stay due noise dust
5,English,Ankara,Hotel Ickale,Location,Air-con don't work. Temperature in the room was higher than at the street,3.0,NEG,0,,False,False,location air con work temperature room higher street
310,English,Bucharest,"The Marmorosch Bucharest, Autograph Collection","Excellent serving staff - from doormen, receptiondesk and bar, and more, great location. Wonderful renovation of main hall,",,10.0,POS,0,,False,True,excellent serving staff doormen receptiondesk bar great location wonderful renovation main hall
897,English,Seoul,Hotel Skypark Myeongdong 1,I did not like anything,"The room was a bit dirty, the room was very old, wi-fi worked poorly I could not use it. To use the bathroom amenities you have to buy them separately from the machine. This room is not worth the money",3.0,NEG,0,,False,False,like anything room bit dirty room old wi fi worked poorly could use use bathroom amenities buy separately machine room worth money
784,English,Rome,Exe International Palace,"The hotel is in a prime location, close to all major sights and the rooms are very comfortable. The staff is friendly and always ready to help.",Breakfast selection could be improved. Having a few more options would be nice. ,8.0,POS,1,Romanian,False,False,hotel prime location close major sights rooms comfortable staff friendly always ready help breakfast selection could improved options would nice
344,English,Bucharest,"Central Hotel, Trademark Collection by Wyndham","The breakfast buffet was very good, with friendly staff.",,9.0,POS,0,,False,True,breakfast buffet good friendly staff
225,English,Berlin,numa I Arc Rooms & Apartments,Great location for visiting many nearby city sights. Just a five minute walk to Checkpoint Charlie. But the location is the only plus.,Very hot in the room and no airco available. There’s mechanical ventilation but temp never went below 27’C or 80’F. Besides it’s uselessness the ventilation is also quite noisy. The fridge is just 1.5 meters from the bed and also noisy. I had to switch off both to be able to sleep. You can’t fully open the window if you have a courtyard ground floor room as anyone could easily come in.,3.0,NEG,0,,False,False,great location visiting many nearby city sights five minute walk checkpoint charlie location plus hot room airco available mechanical ventilation temp never went 27 c 80 f besides uselessness ventilation also quite noisy fridge 1 5 meters bed also noisy switch able sleep fully open window courtyard ground floor room anyone could easily come
477,English,Madrid,Emperador,It was handy for metro and shops,"You could hear EVERYTHING in neighbouring rooms, every cough and sneeze. We had people talking on the phone until midnight. 
When we raised it with front desk they just shrugged. 
The pool is a party hang out not really ideal for kids at all: very very deep, everyone drinking and railings have huge gaps down to the street level so a little scary and very windy up there",4.0,NEG,0,,False,False,handy metro shops could hear everything neighbouring rooms every cough sneeze people talking phone midnight raised front desk shrugged pool party hang really ideal kids deep everyone drinking railings huge gaps street level little scary windy
381,English,Bucharest,AT Central Apartments,"AT Central Apartments in Bucharest is a hidden gem. The apartments are spacious, well-appointed and offer an unbeatable central location. The staff is friendly, professional, and always willing to assist. Travelers would also appreciate the clean and comfortable living spaces, making for a pleasant stay in the city.","It's hard to find a downside; however, the parking can be a bit tricky for larger cars, so it's worth keeping in mind",9.0,POS,1,Korean,False,False,central apartments bucharest hidden gem apartments spacious well appointed offer unbeatable central location staff friendly professional always willing assist travelers would also appreciate clean comfortable living spaces making pleasant stay city hard find downside however parking bit tricky larger cars worth keeping mind
294,English,Berlin,Generator Berlin Mitte,Every thing was superb.,Absolutely amazing and a positive vibes...,10.0,POS,0,,False,False,every thing superb absolutely amazing positive vibes
544,English,New Delhi,The Prime Delhi,Over all good experiance,Work was going in another room--Lot of sound and disturbance.,9.0,POS,0,,False,False,good experiance work going another room lot sound disturbance
934,English,Washington,State Plaza Hotel,The room has a kitchen which is very convenient for preparing a homemade breakfast or even a dinner. There is a bus station just outside the hotel and the bus can take you to the core visiting spots of DC.,The bath shower is not comfortable.,10.0,POS,0,,False,False,room kitchen convenient preparing homemade breakfast even dinner bus station outside hotel bus take core visiting spots dc bath shower comfortable
60,English,Ankara,Inn 14 Hostel,"The Inn 14 Hostel in Ankara offered a lovely experience with a homey atmosphere. Its rooms were spacious and clean with comfortable beds. The staff were caring and friendly, always ready to give advice about the city's attractions. Its location is ideal, allowing easy access to local eateries, shops, and the city center.","Wi-Fi connection could improve, as it was slightly unstable in the rooms. Regardless of this minor detail, the experience was wonderful overall.",8.0,POS,1,English(Romanian),False,False,inn 14 hostel ankara offered lovely experience homey atmosphere rooms spacious clean comfortable beds staff caring friendly always ready give advice city attractions location ideal allowing easy access local eateries shops city center wi fi connection could improve slightly unstable rooms regardless minor detail experience wonderful overall
964,English,Washington,Hamilton Hotel - Washington DC,"Excellent hotel with good location, just about a mile from the White House! There are several restaurants in walking distance. The staff was friendly and the rooms were large and clean.",Nothing to complain about.,9.0,POS,1,Romanian,False,False,excellent hotel good location mile white house several restaurants walking distance staff friendly rooms large clean nothing complain
501,English,New Delhi,Hotel Krishna Deluxe-By RCG Hotels,The hotel is located at very convenient place.. There staff is extremely polite and helpful. i really loved the food they served. room were really neat & clean. will definitely visit the property again..,,9.0,POS,0,,False,True,hotel located convenient place staff extremely polite helpful really loved food served room really neat clean definitely visit property
821,English,Seoul,Orakai Insadong Suites,The Orakai Insadong Suites in Seoul were a delight to stay at. I was impressed by the suite's spaciousness and cleanliness. The high-tech appliances and elegant furniture created a luxurious setting for my stay. The staff was also notably attentive and accommodating. The location was another perk as there were many restaurants and shops nearby.,"The only downside was that the internet connection was somewhat inconsistent, but this was a minor inconvenience compared to the overall fantastic experience.",8.0,POS,1,Russian,False,False,orakai insadong suites seoul delight stay impressed suite spaciousness cleanliness high tech appliances elegant furniture created luxurious setting stay staff also notably attentive accommodating location another perk many restaurants shops nearby downside internet connection somewhat inconsistent minor inconvenience compared overall fantastic experience
538,English,New Delhi,Hyatt Regency Delhi,The hotel had a grand aesthetic appeal and the staff was normally polite.,"However, the rooms are quite worn with outdated decor. The air conditioning was not effective, making the room uncomfortably warm. Service was slow, food was not up to mark and prices were exorbitant. Despite multiple complaints, no significant improvements were seen during my stay.",3.0,NEG,1,English(Russian),False,False,hotel grand aesthetic appeal staff normally polite however rooms quite worn outdated decor air conditioning effective making room uncomfortably warm service slow food mark prices exorbitant despite multiple complaints significant improvements seen stay
687,English,Paris,Courtyard by Marriott Paris Gare de Lyon,"The hotel is conveniently located near the Gare de Lyon, which makes traveling around Paris relatively easy.","Unfortunately, my stay at the Courtyard by Marriott Paris Gare de Lyon was less than satisfactory. Firstly, the room's temperature was uncomfortably hot and the air conditioning system was not working properly throughout my stay. Secondly, I found the hotel's customer service inadequate, with my complaints about the room particularly not being addressed promptly and efficiently. Lastly, despite the hotel's central location, the noise level was surprisingly high, making it difficult to have a restful sleep.",3.0,NEG,1,Italian,False,False,hotel conveniently located near gare de lyon makes traveling around paris relatively easy unfortunately stay courtyard marriott paris gare de lyon less satisfactory firstly room temperature uncomfortably hot air conditioning system working properly throughout stay secondly found hotel customer service inadequate complaints room particularly addressed promptly efficiently lastly despite hotel central location noise level surprisingly high making difficult restful sleep
650,English,Paris,Hotel Mimosa Paris,"Location of the place, could walk to everything.",,10.0,POS,0,,False,True,location place could walk everything
463,English,Madrid,Eurostars Casa de la Lírica,The location of the hotel was fantastic. Close enough to the always busy Sol region but far enough away to be quiet at night. The staff were really friendly and helpful. Although they all spoke English they were patient enough to listen to my attempts at Spanish. The room was clean with a gorgeous balcony for enjoying a morning coffee or late night drink. Breakfast was great with lots of choice.,The wine bar was closed for 3 of our 4 night stay due to holidays. I enjoy sitting with a drink in the evening before going out for the night and maybe a late night nightcap so to have this taken away was disappointing especially as it was not advised beforehand.,9.0,POS,0,,False,False,location hotel fantastic close enough always busy sol region far enough away quiet night staff really friendly helpful although spoke english patient enough listen attempts spanish room clean gorgeous balcony enjoying morning coffee late night drink breakfast great lots choice wine bar closed 3 4 night stay due holidays enjoy sitting drink evening going night maybe late night nightcap taken away disappointing especially advised beforehand
740,English,Rome,The Spanish Suite Campo de' Fiori,"Lovely hotel experience at The Spanish Suite Campo de' Fiori. The rooms are spacious and well designed, beds are comfortable. The staff were very friendly, going out of their way to make our stay enjoyable. The location is also a bonus, being located smack-dab in the middle of Rome, makes it easy to get around. The complimentary breakfast was delicious with quite a variety.","The only minor drawback was the street noise at night, but it is to be expected considering the location at the city center. May not be an issue for heavy sleepers.",8.0,POS,1,English(Romanian),False,False,lovely hotel experience spanish suite campo de fiori rooms spacious well designed beds comfortable staff friendly going way make stay enjoyable location also bonus located smack dab middle rome makes easy get around complimentary breakfast delicious quite variety minor drawback street noise night expected considering location city center may issue heavy sleepers
263,English,Berlin,Hotel Vivaldi Berlin am Kurfürstendamm,"The hotel has a wonderful location right near Kurfürstendamm. The rooms are clean, the breakfast is great and the staff is super friendly and helpful. It's also located near to many attractions and interesting places to visit in Berlin.",The only downside I could mention is that the wifi is limited. It would be great if they could improve on this.,9.0,POS,1,Russian,False,False,hotel wonderful location right near kurfürstendamm rooms clean breakfast great staff super friendly helpful also located near many attractions interesting places visit berlin downside could mention wifi limited would great could improve
497,English,Madrid,Generator Madrid,"The location is convenient, right in the city center. the staff is great.","It is very noisy in this hotel, I could hear people banging the doors all the time, especially worse late at night like 2-3 am. In the morning, when cleaning staff cleaned the rooms, I could also hear the door banging, furniture moving sound. If you are like me, you need a good pair of earplugs to be able to sleep well. It was weird that the noise was also coming from the ceiling of the rooms if they are underneath of the rooftop party play. I get that, people come to Madrid to have fun, and Madrid does not sleep, but this is too much in a hotel.",4.0,NEG,0,,False,False,location convenient right city center staff great noisy hotel could hear people banging doors time especially worse late night like 2 3 morning cleaning staff cleaned rooms could also hear door banging furniture moving sound like need good pair earplugs able sleep well weird noise also coming ceiling rooms underneath rooftop party play get people come madrid fun madrid sleep much hotel
509,English,New Delhi,Hotel Krishna Deluxe-By RCG Hotels,Easy access to public transport,Room cleanliness was not up to the mark. A musty smell was coming from the bathroom. Bed linen and towels provided were dirty. Poor customer service and lacking promptness in resolving complaints. The breakfast was not appealing at all with a very limited choice,2.0,NEG,1,Romanian,False,False,easy access public transport room cleanliness mark musty smell coming bathroom bed linen towels provided dirty poor customer service lacking promptness resolving complaints breakfast appealing limited choice
340,English,Bucharest,"Central Hotel, Trademark Collection by Wyndham","Very nice, boutique hotel, walking distance to old town, supermarket next door, walking distance restaurant, MacDonalds next door, good breakfast. Myself and my daughter really enjoyed. Many thanks to the reception staff, very helpful and nice!","Location, staff being very helpful.",10.0,POS,0,,False,False,nice boutique hotel walking distance old town supermarket next door walking distance restaurant macdonalds next door good breakfast daughter really enjoyed many thanks reception staff helpful nice location staff helpful
609,English,Paris,Hotel Eiffel Seine,central Paris.,"the specific location is in a very busy, grunge portion of the city. did not feel safe at all. would not recommend this property at all",3.0,NEG,0,,False,False,central paris specific location busy grunge portion city feel safe would recommend property
666,English,Paris,citizenM Paris Champs-Élysées,location,Clean towels and blankets and the room does not have a refrigerator,3.0,NEG,0,,False,False,location clean towels blankets room refrigerator
833,English,Seoul,Imperial Palace Boutique Hotel,"Stylish, comfortable rooms with excellent customer service",Minor issue with slow elevator service.,8.0,POS,1,English(French),False,False,stylish comfortable rooms excellent customer service minor issue slow elevator service
82,English,Ankara,ibis Ankara Airport Hotel,"The hotel is conveniently located near the airport, just a few minutes drive away. The staff were helpful and efficient. My room was clean, quiet, and comfortable, perfect for short overnight stays. The breakfast buffet was also quite decent with a variety of options.","There were not many dining options around, as the hotel is located in an industrial area. Additionally, the shuttle service to the airport could be improved.",8.0,POS,1,Turkish,False,False,hotel conveniently located near airport minutes drive away staff helpful efficient room clean quiet comfortable perfect short overnight stays breakfast buffet also quite decent variety options many dining options around hotel located industrial area additionally shuttle service airport could improved
548,English,New Delhi,The Prime Delhi,The staff were friendly and tried their best,"The hotel is run-down, the rooms are unclean and have a strong odor of smoke. The bed sheets and towels were stained, and the air conditioning unit was very loud. The bathroom was not maintained well with faulty plumbing.",2.0,NEG,1,Korean,False,False,staff friendly tried best hotel run rooms unclean strong odor smoke bed sheets towels stained air conditioning unit loud bathroom maintained well faulty plumbing
745,English,Rome,The Spanish Suite Campo de' Fiori,Central location,"Wrong # of beds, lot of stairs, small inefficient elevator, hot water failure, not really a suite or a hotel. No dedicated staff on site.",3.0,NEG,0,,False,False,central location wrong beds lot stairs small inefficient elevator hot water failure really suite hotel dedicated staff site
158,English,Beijing,Grand Millennium Beijing,,"Variance breakfast dish choices, before it was much more better.",4.0,NEG,0,,True,False,variance breakfast dish choices much better
642,English,Paris,Hôtel Lodge In Paris 13,"The location of the hotel is very convenient, nearby living facilities and transport. The hotel staff is friendly and attentive. The rooms are clean and spacious.",Wifi connection in the room could have been stronger.,8.0,POS,1,English(Italian),False,False,location hotel convenient nearby living facilities transport hotel staff friendly attentive rooms clean spacious wifi connection room could stronger
420,English,Madrid,Eurostars Madrid Tower,"Rooms were spacious and well maintained, the view from the hotel is beautiful, food at the restaurant is good, and the service is excellent.",Perhaps improved Wi-Fi services would make the stay even better.,8.0,POS,1,Turkish,False,False,rooms spacious well maintained view hotel beautiful food restaurant good service excellent perhaps improved wi fi services would make stay even better
425,English,Madrid,Eurostars Madrid Tower,Amazing view of Madrid,"Overpriced services, poor English spoken by the staff, room not ready at check-in time, outdated decor for a 5-star hotel",3.0,NEG,1,English(Romanian),False,False,amazing view madrid overpriced services poor english spoken staff room ready check time outdated decor 5 star hotel
764,English,Rome,Hotel 55 Fifty-Five - Maison d'Art Collection,Stylish rooms and friendly staff. The location is superb for sightseeing trips.,"While the hotel was excellent, some might find the area a bit noisy.",8.0,POS,1,English(Korean),False,False,stylish rooms friendly staff location superb sightseeing trips hotel excellent might find area bit noisy
638,English,Paris,Adveniat Paris,The structure of the hostel itself is good and clean.,"The room was extremely hot, it was impossible to sleep, no air conditioner, no fan, the whole room was smelling so bad. There was no plug for the charger near the bed, and any movement on the bed makes a lot of noise.",4.0,NEG,0,,False,False,structure hostel good clean room extremely hot impossible sleep air conditioner fan whole room smelling bad plug charger near bed movement bed makes lot noise
846,English,Seoul,LOTTE City Hotel Myeongdong,Good location,"Small rooms, language barrier with the staff, long check-in times, unappealing food at the restaurant",4.0,NEG,1,English(German),False,False,good location small rooms language barrier staff long check times unappealing food restaurant
506,English,New Delhi,Hotel Krishna Deluxe-By RCG Hotels,"This hotel was located within walking distance of the Central market, which made our shopping experience a breeze.","The overall stay at Hotel Krishna Deluxe-By RCG Hotels was not as expected. The room and bathroom cleanliness left much to be desired, and noise from the surrounding areas could be easily heard at night. The hotel needs to improve on their service as the staff seemed indifferent and not very welcoming. As well, our room lacked basic amenities such as tea/coffee maker which should have been included according to the booking details.",3.0,NEG,1,French,False,False,hotel located within walking distance central market made shopping experience breeze overall stay hotel krishna deluxe rcg hotels expected room bathroom cleanliness left much desired noise surrounding areas could easily heard night hotel needs improve service staff seemed indifferent welcoming well room lacked basic amenities tea coffee maker included according booking details
714,English,Rome,The Hive Hotel,"The hotel was clean, the staff was professional, and the location was perfect - a stone's throw away from most of the major attractions.",The soundproofing of the rooms could be improved.,8.0,POS,1,Korean,False,False,hotel clean staff professional location perfect stone throw away major attractions soundproofing rooms could improved
875,English,Seoul,Ibis Styles Ambassador Seoul Myeong-dong,centrally located near shopping districts,"the rooms are small, ill-ventilated and the beddings were not properly cleaned",2.0,NEG,1,English(Russian),False,False,centrally located near shopping districts rooms small ill ventilated beddings properly cleaned
985,English,Washington,Hilton Washington DC Capitol Hill,,"Hotel service was below expectations, there was a mix-up in room reservation, the process to rectify it took longer than comfortable and the staff did not seem overly concerned or apologetic.",4.0,NEG,1,English(Turkish),True,False,hotel service expectations mix room reservation process rectify took longer comfortable staff seem overly concerned apologetic
334,English,Bucharest,Upstairs Boutique,It was really close to the old town. The stuff were friendly and kind.,"They only fruit they served was an apple, no changes during my week.",10.0,POS,0,,False,False,really close old town stuff friendly kind fruit served apple changes week
15,English,Ankara,Hotel Cinnah,Convenient location in the city center.,"Our room was extremely basic, felt like it was due for a renovation. The air conditioning was ineffective, which was difficult in the heat. Lastly, the breakfast was disappointing, with not enough variety for a hotel of this standard.",3.0,NEG,1,English(Italian),False,False,convenient location city center room extremely basic felt like due renovation air conditioning ineffective difficult heat lastly breakfast disappointing enough variety hotel standard
772,English,Rome,Alpi Hotel,"Great little hotel in convenient location close to Termini with trains, busses and underground all close by. Staff were super friendly and attentive. Lovely little roof terrace with bar (manned in late afternoon and evening) for chilling out. Air conditioning worked fine and rooms were cleaned to an excellent standard. Staff provided some excellent recommendations for good places to eat with many only a short walk away.",There are stairs to access the hotel and the lift to the upper floors is also up a short flight of stairs and is a little bit small and thus might be hard for those with mobility issues to access.,9.0,POS,0,,False,False,great little hotel convenient location close termini trains busses underground close staff super friendly attentive lovely little roof terrace bar manned late afternoon evening chilling air conditioning worked fine rooms cleaned excellent standard staff provided excellent recommendations good places eat many short walk away stairs access hotel lift upper floors also short flight stairs little bit small thus might hard mobility issues access
767,English,Rome,Hotel 55 Fifty-Five - Maison d'Art Collection,,"Staff were really rude and not accommodating, gave us the wrong room which had other peoples things in it!!!",3.0,NEG,0,,True,False,staff really rude accommodating gave us wrong room peoples things
203,English,Berlin,AMANO East Side,"Beautiful property! Can’t believe it’s only a three star hotel. Good decor, nice staff, good amenities and fab location.","Rooms are a little small, but does the job for a short getaway",9.0,POS,0,,False,False,beautiful property believe three star hotel good decor nice staff good amenities fab location rooms little small job short getaway
494,English,Madrid,Generator Madrid,The hostel is near from all interesting places. The atmosphereis really friendly. Kids (and men who are still kids) will love the babyfoot and Xbox. The breakfast is realy good and lots of places outside to have dinner,A small fridge in the room would have been great to keep fresh water,9.0,POS,0,,False,False,hostel near interesting places atmosphereis really friendly kids men still kids love babyfoot xbox breakfast realy good lots places outside dinner small fridge room would great keep fresh water
699,English,Paris,Sofitel Le Scribe Paris Opera,The location of Sofitel Le Scribe Paris Opera was convenient for exploring the city.,"However, our experience at the hotel was below par. The room was far smaller than expected from the photographs online and lacked certain basic amenities. We found the bed uncomfortable and the cleanliness in some areas questionable. The noise from the adjacent rooms was audible all night. We also found the staff somewhat indifferent and unhelpful during many occasions throughout our stay. We overall felt like we didn’t get the value for our money.",3.0,NEG,1,English(French),False,False,location sofitel le scribe paris opera convenient exploring city however experience hotel par room far smaller expected photographs online lacked certain basic amenities found bed uncomfortable cleanliness areas questionable noise adjacent rooms audible night also found staff somewhat indifferent unhelpful many occasions throughout stay overall felt like get value money
105,English,Beijing,Novotel Beijing Peace,"The location is quite good, close to some tourist attractions",The room was quite dated with clear signs of wear and tear. The cleanliness of the room left a lot to be desired as well. Service at the front desk was less than stellar.,4.0,NEG,1,English(Spanish),False,False,location quite good close tourist attractions room quite dated clear signs wear tear cleanliness room left lot desired well service front desk less stellar
519,English,New Delhi,Hotel Opera New Delhi,Its central location,The cleanliness and service were poor,3.0,NEG,1,Korean,False,False,central location cleanliness service poor
298,English,Berlin,Generator Berlin Mitte,The location was prime.,They played loud music every night till 23:00 and then still played music till 01:00 in the morning every day! They never cleaned the restrooms at our dorm and our shower light's didn't work during our whole stay!,4.0,NEG,0,,False,False,location prime played loud music every night till 23 00 still played music till 01 00 morning every day never cleaned restrooms dorm shower light work whole stay
137,English,Beijing,"Holiday Inn Express Beijing Temple of Heaven, an IHG Hotel",it was all wearn out,it smells,4.0,NEG,0,,False,False,wearn smells
145,English,Beijing,SonGy Hundred-year Courtyard Hotel,Location was good. It's very close to the metro.,"Rooms were looking clean and wide in the pictures but they weren't. Not only the rooms, reception, hall and the bathroom were also very dirty. One of the showers was broken so we had to use one.",4.0,NEG,0,,False,False,location good close metro rooms looking clean wide pictures rooms reception hall bathroom also dirty one showers broken use one
168,English,Beijing,"Holiday Inn Temple Of Heaven Beijing, an IHG Hotel",The breakfast wasn't included in the price. I liked the location. very close to the metro station.,the hotel charged me twice for the stay and it took me 3 weeks to sort out the refund.,3.0,NEG,0,,False,False,breakfast included price liked location close metro station hotel charged twice stay took 3 weeks sort refund
407,English,Madrid,Pestana CR7 Gran Vía Madrid,The location of the hotel is fantastic with plenty of attractions nearby.,"Unfortunately, the staff at Pestana CR7 Gran Vía Madrid underwhelmed us with their service. They seemed uninterested or busy with other things, and this lack of attention left us feeling neglected during our stay. The room layout was odd too, and not as spacious as the photos suggested. Furthermore, we had issues with cleanliness in the bathroom and the noise from the street was also quite disruptive during the night.",3.0,NEG,1,English(Spanish),False,False,location hotel fantastic plenty attractions nearby unfortunately staff pestana cr7 gran vía madrid underwhelmed us service seemed uninterested busy things lack attention left us feeling neglected stay room layout odd spacious photos suggested furthermore issues cleanliness bathroom noise street also quite disruptive night
592,English,New Delhi,Bloomrooms @ New Delhi Railway Station,"All amenities, staff, convenient, clean, comfortable","internet not working very well,",9.0,POS,0,,False,False,amenities staff convenient clean comfortable internet working well
737,English,Rome,NH Roma Villa Carpegna,Proximity to local attractions,"Rooms were not as clean as expected, room service was slow, and amenities were not up to standard. The hotel was noisy due to construction nearby, making it hard to rest. Food was mediocre and not worth the price.",3.0,NEG,1,English(German),False,False,proximity local attractions rooms clean expected room service slow amenities standard hotel noisy due construction nearby making hard rest food mediocre worth price
36,English,Ankara,The Green Park Ankara,staff are okay.,Overall set-up. Rooms are chavy. Sadly learned that Hotel has bad reputation in town. We didnt know whilist booking.,3.0,NEG,0,,False,False,staff okay overall set rooms chavy sadly learned hotel bad reputation town didnt know whilist booking
634,English,Paris,Adveniat Paris,"Staying at the Adveniat Paris was a delight. The location was superb, with convenient access to the Metro, wonderful restaurants, and popular tourist attractions. The room, while minimalist, provided all of the necessary amenities for a comfortable stay. But above all, the staff was truly exceptional: helpful, friendly, and always ready to assist.","The lack of a television in the rooms might dissuade some travellers, but I found it a minor inconvenience.",9.0,POS,1,English(Russian),False,False,staying adveniat paris delight location superb convenient access metro wonderful restaurants popular tourist attractions room minimalist provided necessary amenities comfortable stay staff truly exceptional helpful friendly always ready assist lack television rooms might dissuade travellers found minor inconvenience
692,English,Paris,Sofitel Le Scribe Paris Opera,"the location was amazing, the staff was superb and very helpful",,10.0,POS,0,,False,True,location amazing staff superb helpful
8,English,Ankara,Hotel Ickale,The breakfast had a nice variety of options and the restaurant on top of the hotel offers a great panoramic view of the city.,"There are a couple of issues I faced during my stay at Hotel Ickale. The elevators were out of service for a noticeable period, which is rather inconvenient if your room is on a higher floor. The air conditioning in the room was not working properly which made it uncomfortable during the night. Housekeeping wasn't up to par and could use improvement. Also, the walls seemed to have poor soundproofing, allowing me to hear all hallway noises.",4.0,NEG,1,Spanish,False,False,breakfast nice variety options restaurant top hotel offers great panoramic view city couple issues faced stay hotel ickale elevators service noticeable period rather inconvenient room higher floor air conditioning room working properly made uncomfortable night housekeeping par could use improvement also walls seemed poor soundproofing allowing hear hallway noises
202,English,Berlin,AMANO East Side,"The hotel was stylish with a neat lobby and a charming bar, located perfectly in the city center allowing easy access to numerous attractions. Our room was clean, well-maintained and we definitely enjoyed the comfortable bedding. The staff was polite and very helpful, round-the-clock.","Though the lack of a gym was slightly disappointing, the overall experience made up for it.",8.0,POS,1,English(Spanish),False,False,hotel stylish neat lobby charming bar located perfectly city center allowing easy access numerous attractions room clean well maintained definitely enjoyed comfortable bedding staff polite helpful round clock though lack gym slightly disappointing overall experience made
347,English,Bucharest,"Central Hotel, Trademark Collection by Wyndham","The hotel is centrally located, making it easy to explore the city.",The rooms were outdated and the beds uncomfortable. There was also a lack of communication from the staff.,3.0,NEG,1,English(French),False,False,hotel centrally located making easy explore city rooms outdated beds uncomfortable also lack communication staff
76,English,Ankara,Güvenay Business Hotel,"The hotel is situated in a good location in Ankara, offering easy access to the city. The price was also reasonable.","The rooms left a lot to be desired. The furniture and overall decor looked outdated, giving the room a drab feeling. The cleanliness wasn't up to the mark either; there were dust bunnies underneath the beds, and the bathroom lacked essential toiletries. Additionally, the noise from the street was quite disruptive, and the lack of soundproofing only exacerbated this issue. The breakfast was underwhelming, with a limited range and quantity of food. ",3.0,NEG,1,Chinese,False,False,hotel situated good location ankara offering easy access city price also reasonable rooms left lot desired furniture overall decor looked outdated giving room drab feeling cleanliness mark either dust bunnies underneath beds bathroom lacked essential toiletries additionally noise street quite disruptive lack soundproofing exacerbated issue breakfast underwhelming limited range quantity food
228,English,Berlin,numa I Arc Rooms & Apartments,"Very good location. Good size of the room. with a large bed, 2 chairs and a good size table. Possibility to make coffee (Nespresso machine) Rather small bathroom, but with a good shower.",The ventilation in the room and the bathroom was poor. There was a lot of noise from the other rooms. The quit period policy was a joke.,4.0,NEG,0,,False,False,good location good size room large bed 2 chairs good size table possibility make coffee nespresso machine rather small bathroom good shower ventilation room bathroom poor lot noise rooms quit period policy joke
434,English,Madrid,NH Barajas Airport,The location near airport,All fine,9.0,POS,0,,False,False,location near airport fine
567,English,New Delhi,Hotel International Inn - Near Delhi Airport,Close proximity to the airport was beneficial.,"The experience at Hotel international Inn was not pleasing. The reception was impolite and unhelpful from the start. The room provided was not clean, with clear traces of the last guest's stay. The food was a poor quality and not to my taste. Wi-fi signal was impossible to catch, highly inconvenient for making transit plans. Lack of hot water made it impossible for a comfortable bath.",2.0,NEG,1,English(German),False,False,close proximity airport beneficial experience hotel international inn pleasing reception impolite unhelpful start room provided clean clear traces last guest stay food poor quality taste wi fi signal impossible catch highly inconvenient making transit plans lack hot water made impossible comfortable bath
808,English,Seoul,Hotel Skypark Central Myeongdong,"Location is quite perfect, close to every facilities and attractions.","The hotel staff were not helpful at all. When I had a problem with my room, I reported it to the front desk but no action was taken. The room was not clean, the towels were old and worn out. The noise from the street was also a major problem. I could barely sleep at night. The breakfast was also not worth the price. Overall, I do not recommend this hotel to other tourists looking for a pleasant stay in Seoul.",2.0,NEG,1,Russian,False,False,location quite perfect close every facilities attractions hotel staff helpful problem room reported front desk action taken room clean towels old worn noise street also major problem could barely sleep night breakfast also worth price overall recommend hotel tourists looking pleasant stay seoul
786,English,Rome,Exe International Palace,"location, staff supported with changing to a bigger room","price, small rooms",4.0,NEG,0,,False,False,location staff supported changing bigger room price small rooms
143,English,Beijing,SonGy Hundred-year Courtyard Hotel,"Fantastic location, beautiful courtyard and lovely room. We thoroughly enjoyed our stay here. The hosts are available to you 24-7 and connect with you in advance via wechat, allowing for easy communication. They supported us with booking museum tickets (which can be very tricky for foreigners at this time!) and demonstrated patience at all times. The rooftop terrace is lovely and we enjoyed family time together. The quality of the bedding, towels and furnishings in the room was of a very high standard.",We would come back here again! Highly recommended!,9.0,POS,0,,False,False,fantastic location beautiful courtyard lovely room thoroughly enjoyed stay hosts available 24 7 connect advance via wechat allowing easy communication supported us booking museum tickets tricky foreigners time demonstrated patience times rooftop terrace lovely enjoyed family time together quality bedding towels furnishings room high standard would come back highly recommended
946,English,Washington,Courtyard by Marriott Washington Downtown/Convention Center,The location was convenient,"The bathroom was not clean and had an awful smell. Also, the bedroom was too small and the facilities were out of date. The room service was extremely slow and the food was below average. Definitely, I don't recommend this hotel to anyone.",2.0,NEG,1,Russian,False,False,location convenient bathroom clean awful smell also bedroom small facilities date room service extremely slow food average definitely recommend hotel anyone
214,English,Berlin,BlnCty Hotel,"Great location. I appreciated the small fan they put in the room, it was getting very hot without it on",,9.0,POS,0,,False,True,great location appreciated small fan put room getting hot without
818,English,Seoul,Hamilton Hotel,,"It was almost impossible to sleep (even with earplugs) because of the extreme party noice coming from the street. In combination with the high price, this is completely unacceptable. I will never again chose the Hamilton to stay in Seoul.",4.0,NEG,0,,True,False,almost impossible sleep even earplugs extreme party noice coming street combination high price completely unacceptable never chose hamilton stay seoul
894,English,Seoul,Hotel Skypark Myeongdong 1,Location is the best! This was our 3rd time staying at this hotel and we will continue to do so when we go to Seoul. They have a printer and water dispenser just outside the room.,Small room as usual.,9.0,POS,0,,False,False,location best 3rd time staying hotel continue go seoul printer water dispenser outside room small room usual
230,English,Berlin,Eurostars Berlin,"Room clean, staff, location near to train or metro station.",,10.0,POS,0,,False,True,room clean staff location near train metro station
240,English,Berlin,Ibis budget Berlin Potsdamer Platz,They allowed us really early check-in after we told them we were checking out in the night.,I cannot say as I had a short stay.,10.0,POS,0,,False,False,allowed us really early check told checking night cannot say short stay
133,English,Beijing,"Holiday Inn Express Beijing Temple of Heaven, an IHG Hotel","Perfect location next to Temple of Heaven - a must-see in Beijing. The staff was really friendly and proficient in English, which made communication easy. The rooms were clean, spacious and well equipped.",,10.0,POS,1,English(Russian),False,False,perfect location next temple heaven must see beijing staff really friendly proficient english made communication easy rooms clean spacious well equipped
169,English,Beijing,"Holiday Inn Temple Of Heaven Beijing, an IHG Hotel","Staff were generally helpful
Room was comfortable and spacious
Good location: Close to the South Train Station","Staff needed to be asked multiple times to fulfil requests
Breakfast is too expensive; Not good value for money",6.0,NEG,0,,False,False,staff generally helpful room comfortable spacious good location close south train station staff needed asked multiple times fulfil requests breakfast expensive good value money
958,English,Washington,Glover Park Hotel Georgetown,Location,I was driving 6hrs before check in. When I got a key and opened the room door I saw an old man on the bed. The staff gave me the key from the room which was already occupant. They replaced the room but that room has only one bed instead of 2. The 3rd room was what I booked. I was so tired and hungry but I spent 40 minutes checking in.,4.0,NEG,0,,False,False,location driving 6hrs check got key opened room door saw old man bed staff gave key room already occupant replaced room room one bed instead 2 3rd room booked tired hungry spent 40 minutes checking
162,English,Beijing,"Holiday Inn Temple Of Heaven Beijing, an IHG Hotel","A wonderful stay at Holiday Inn Temple Of Heaven Beijing. The room was exceptionally clean, comfortable and spacious. The location, right in the heart of Beijing, near the famous Temple of Heaven. An added bonus was the excellent service provided by the staff who were always willing to help and provided great recommendations for local attractions. The buffet breakfast also offered a wide variety of delicious foods.",Nothing significant to note. Could have more variety in Western food options.,8.0,POS,1,Chinese,False,False,wonderful stay holiday inn temple heaven beijing room exceptionally clean comfortable spacious location right heart beijing near famous temple heaven added bonus excellent service provided staff always willing help provided great recommendations local attractions buffet breakfast also offered wide variety delicious foods nothing significant note could variety western food options
94,English,Ankara,Raymar Hotels Ankara,"location, breakfast and the room",the toiletries were a bit used,9.0,POS,0,,False,False,location breakfast room toiletries bit used
797,English,Rome,Hotel Villa Pamphili Roma,"Lovely hotel and decor, great breakfast.
The lady on the breakfast hall had impeccable customer service skills and the man running the pool bar was friendly.","The management of the pool is ridiculous, think brits abroad style people claiming beds at 7am and then disappearing for hours. From what the receptionist said, the hotel holds 2 thirds more people than they have sun beds so after spending a morning nabbing a bed here and there as they became available, we watched family after family come and go disappointed not able to find anywhere to sit around the pool. The rules of the pool changed depending on which life guard was on. It felt like a self service hotel, nothing like the expectations built from welcome email you receive.",3.0,NEG,0,,False,False,lovely hotel decor great breakfast lady breakfast hall impeccable customer service skills man running pool bar friendly management pool ridiculous think brits abroad style people claiming beds 7am disappearing hours receptionist said hotel holds 2 thirds people sun beds spending morning nabbing bed became available watched family family come go disappointed able find anywhere sit around pool rules pool changed depending life guard felt like self service hotel nothing like expectations built welcome email receive
920,English,Washington,Hilton Garden Inn Washington DC Downtown,"Excellent location, clean and very comfortable beds. Very courteous and helpful staff. We booked two connecting rooms. Everything was great.",,10.0,POS,0,,False,True,excellent location clean comfortable beds courteous helpful staff booked two connecting rooms everything great
16,English,Ankara,Hotel Cinnah,Location was ok,"Bathroom was not clean, room very small",4.0,NEG,0,,False,False,location ok bathroom clean room small
794,English,Rome,Hotel Villa Pamphili Roma,"Villa Pamphili provided a serene retreat away from Rome's hustle and bustle, boasting beautiful grounds and comfortable rooms. The breakfast was delicious and the staff was extremely polite and helpful.",The hotel is a bit far away from the city center but the shuttles provided by the hotel were very convenient and punctual.,9.0,POS,1,Turkish,False,False,villa pamphili provided serene retreat away rome hustle bustle boasting beautiful grounds comfortable rooms breakfast delicious staff extremely polite helpful hotel bit far away city center shuttles provided hotel convenient punctual
274,English,Berlin,The Westin Grand Berlin,Great location!,,10.0,POS,0,,False,True,great location
962,English,Washington,Hamilton Hotel - Washington DC,"The Hamilton Hotel in Washington DC was a splendid experience for me. From its spacious rooms, pristine conditions, and modern amenities, everything was top-notch. The on-site dining was gourmet quality and the staff were friendly and hospitable. Its close proximity to landmarks and sites of interest was another major advantage.",None. I had a delightful stay.,10.0,POS,1,English(Russian),False,False,hamilton hotel washington dc splendid experience spacious rooms pristine conditions modern amenities everything top notch site dining gourmet quality staff friendly hospitable close proximity landmarks sites interest another major advantage none delightful stay
816,English,Seoul,Hamilton Hotel,Close to the metro. Close to restaurants.,No notice beforehand that the pool would not be open. Not enough sound-proofing with all the clubs surrounding the building. No information about the facilities on check-in. Not enough space for clothing. Mattresses uncomfortable. Only one type of tea. No bath sponge or face cloth. No assistance with luggage to the room. No room in the bathroom for toiletries.,4.0,NEG,0,,False,False,close metro close restaurants notice beforehand pool would open enough sound proofing clubs surrounding building information facilities check enough space clothing mattresses uncomfortable one type tea bath sponge face cloth assistance luggage room room bathroom toiletries
848,English,Seoul,LOTTE City Hotel Myeongdong,Still ok,Its a corner room and the room is very small and dark,3.0,NEG,0,,False,False,still ok corner room room small dark
314,English,Bucharest,"The Marmorosch Bucharest, Autograph Collection","The Marmorosch Bucharest, Autograph Collection is an exquisite hotel, set in the heart of Bucharest. The rooms were marvelously designed and well-equipped with a luxury touch. The helpful staff had elevated the stay to another level with their exceptional service. Various dining options in the hotel had made our culinary journey remarkable.","As with any major city, the noise can be a little bothersome but this was to be expected. Nonetheless, the positives far outweigh it.",8.0,POS,1,Spanish,False,False,marmorosch bucharest autograph collection exquisite hotel set heart bucharest rooms marvelously designed well equipped luxury touch helpful staff elevated stay another level exceptional service various dining options hotel made culinary journey remarkable major city noise little bothersome expected nonetheless positives far outweigh
343,English,Bucharest,"Central Hotel, Trademark Collection by Wyndham","Hotel is at the city center. It's very very close to old city, where Bucharest live in. Approximately 600 meters with walking. Breakfast its so perfect. If I will come Bucharest again, I will stay here. And special thanks for Flori in breakfast hall and Mihaela (Customer Service Manager) at check-in desk for their smiles and kindness. This is a Turkish friendly hotel. Wish to see you again :)",Maybe room make-up. Not a big problem.,10.0,POS,0,,False,False,hotel city center close old city bucharest live approximately 600 meters walking breakfast perfect come bucharest stay special thanks flori breakfast hall mihaela customer service manager check desk smiles kindness turkish friendly hotel wish see maybe room make big problem
226,English,Berlin,numa I Arc Rooms & Apartments,"Great location, just few steps from underground station to the hotel entrance.","It's cool to have contactless hotel experience with no reception and staffs like Amazon shop but that should be based on good maintenance and respecting their guests. 
I stayed at two different rooms in the same hotel in this journey, the ac in both rooms were in poor condition.
One was not working at all, another worked with terrible noise.
I used the code lockers following the instruction and rules from the hotel. When I tried to unlock it, I found that the code has been changed by the hotel without notice, and there were four other guests in the locker room sharing the same issue.
It took them twenty minutes sending a staff knowing nothing here to ask us what was happening and left again to get the keys.
That ruined the travel plan. I had to grab a Uber and almost missed the flight.",4.0,NEG,0,,False,False,great location steps underground station hotel entrance cool contactless hotel experience reception staffs like amazon shop based good maintenance respecting guests stayed two different rooms hotel journey ac rooms poor condition one working another worked terrible noise used code lockers following instruction rules hotel tried unlock found code changed hotel without notice four guests locker room sharing issue took twenty minutes sending staff knowing nothing ask us happening left get keys ruined travel plan grab uber almost missed flight
489,English,Madrid,Hotel Avenida Gran Vía,The location of Hotel Avenida Gran Vía is excellent. It's right in the center of things and close to the metro.,"However, the rooms are tiny and poorly insulated against noise both from the busy street below and from other guests on the same floor. The breakfast offered was very basic and not very appetizing, and the coffee was barely warm. The service was also lacking - staff seemed more concerned with chatting amongst themselves than helping guests.",4.0,NEG,1,French,False,False,location hotel avenida gran vía excellent right center things close metro however rooms tiny poorly insulated noise busy street guests floor breakfast offered basic appetizing coffee barely warm service also lacking staff seemed concerned chatting amongst helping guests
978,English,Washington,Riggs Washington DC,The central location of the hotel,"The service was disappointing, rooms seemed a bit dated, and cleanliness could be improved",2.0,NEG,1,Korean,False,False,central location hotel service disappointing rooms seemed bit dated cleanliness could improved
925,English,Washington,Hilton Garden Inn Washington DC Downtown,The location was convenient as it was situated close to most touristic spots.,"Unfortunately, our stay at the Hilton Garden Inn was not pleasant. The room was in mediocre condition upon arrival with worn out furniture and carpet. Furthermore, the housekeeping was sporadic, often forgetting to stock rooms with clean towels and toiletries. Noise seemed to be a big issue due to thin walls and floors. We could hear our neighbors' conversations and other noises clearly which was very inconvenient. On top of that, the staff appeared to be untrained and unprofessional. They were not helpful when we asked for assistance and displayed a poor customer service attitude. Overall, our experience did not live up to the expectations we had for a Hilton establishment.",3.0,NEG,1,English(German),False,False,location convenient situated close touristic spots unfortunately stay hilton garden inn pleasant room mediocre condition upon arrival worn furniture carpet furthermore housekeeping sporadic often forgetting stock rooms clean towels toiletries noise seemed big issue due thin walls floors could hear neighbors conversations noises clearly inconvenient top staff appeared untrained unprofessional helpful asked assistance displayed poor customer service attitude overall experience live expectations hilton establishment
333,English,Bucharest,Upstairs Boutique,Everything to include the staff,,10.0,POS,0,,False,True,everything include staff
6,English,Ankara,Hotel Ickale,Good location,"Outdated rooms, unprofessional staff, and lacking quality in food services.",4.0,NEG,1,Italian,False,False,good location outdated rooms unprofessional staff lacking quality food services
396,English,Bucharest,The Embassy Nord,"The staff was very nice. 
The private parking was very helpfull.","There was a lot of hair especially in the bathroom. The towels had stains. 
The sounds from the other room was quite annoying( snoring ; talking ; etc ) .",4.0,NEG,0,,False,False,staff nice private parking helpfull lot hair especially bathroom towels stains sounds room quite annoying snoring talking etc
756,English,Rome,NH Collection Roma Centro,"The hotel's location in the heart of Rome could have been its redeeming factor, had it been managed well.","My stay at NH Collection Roma Centro was unfortunately disappointing. The room conditions were appalling, with maintenance seemingly neglected. The bathroom was not cleaned to standard, and the air conditioning was weak. The service also left a lot to be desired, with unfriendly and unenthusiastic staff members seemingly inattentive to guest needs.",2.0,NEG,1,English(Spanish),False,False,hotel location heart rome could redeeming factor managed well stay nh collection roma centro unfortunately disappointing room conditions appalling maintenance seemingly neglected bathroom cleaned standard air conditioning weak service also left lot desired unfriendly unenthusiastic staff members seemingly inattentive guest needs
647,English,Paris,Hôtel Lodge In Paris 13,attitude of service personnel,"no air conditioning，no windows，
the room has a big smell",4.0,NEG,0,,False,False,attitude service personnel air conditioning windows room big smell
929,English,Washington,Hilton Garden Inn Washington DC Downtown,Friendly staff and good location.,Room service was disappointing with limited options and food choices. The room was smaller than we expected and the bathroom needed a deeper clean.,4.0,NEG,1,Korean,False,False,friendly staff good location room service disappointing limited options food choices room smaller expected bathroom needed deeper clean
469,English,Madrid,Eurostars Casa de la Lírica,Great central location,"Elevator and room smelled like dirty feet. The elevator was tiny, could hardly fit a person with one piece of luggage. The room itself smelled like dirty feet or dirty socks. The bed sheets also had a smell to them, I requested for them to be changed but the smell was still there. Even with the window open, smell persisted. The closet had no doors, therefore all my clothes had to smell like the room. I would not recommend and definitely would not stay again.",2.0,NEG,1,Korean,False,False,great central location elevator room smelled like dirty feet elevator tiny could hardly fit person one piece luggage room smelled like dirty feet dirty socks bed sheets also smell requested changed smell still even window open smell persisted closet doors therefore clothes smell like room would recommend definitely would stay
716,English,Rome,The Hive Hotel,The bar on the roof is nice,"Very disappointed! Our room was not soundproof as the hotel claimed, we could hear everything from the next room. The water pressure in the shower was low, and it took forever to get hot water. Breakfast could be improved, there wasn't much variety to choose from. The staff seemed disinterested, didn't help much with directions or recommendations. The Wifi connection was poor, kept disconnecting all the time. The hotel is also quite far from the city center and the main attractions.",2.0,NEG,1,Russian,False,False,bar roof nice disappointed room soundproof hotel claimed could hear everything next room water pressure shower low took forever get hot water breakfast could improved much variety choose staff seemed disinterested help much directions recommendations wifi connection poor kept disconnecting time hotel also quite far city center main attractions
258,English,Berlin,Ballhaus Berlin Hostel,"Central location, near public transportation.","The noise level was very high, with noise from the bar downstairs and the street echoing up. The beds were quite uncomfortable, and the bathroom was not properly maintained. There were shortages of basic supplies like toilet paper.",2.0,NEG,1,Korean,False,False,central location near public transportation noise level high noise bar downstairs street echoing beds quite uncomfortable bathroom properly maintained shortages basic supplies like toilet paper
294,English,Berlin,Generator Berlin Mitte,"Perfect location, friendly staff, and the hostel offers a social atmosphere which makes it easy to meet other travelers.",,8.0,POS,1,Russian,False,True,perfect location friendly staff hostel offers social atmosphere makes easy meet travelers
893,English,Seoul,Hotel Skypark Myeongdong 1,Great location.,,9.0,POS,0,,False,True,great location
286,English,Berlin,Estrel Berlin,Sauna and Spa area where ok. Really a shame they only open them in the late afternoon. Staff in the sauna area are quite rude.,"Alot of the information on their App they insist you download is out of date and simply wrong. The late night receptionist is extremely rude. I witnessed him yelling at a guest at the top of his lungs and he was also very curt and rude with any questions I had. All of the restaurants and bars are sub par and extremely over priced. I ordered a drink at the bar and it had 2 flies in it, the bartender argued with me over the flies and reluctantly poured me a new glass. The walls are extremely thin and my drunk, loud, German neighbours kept me up most nights with screams and door slamming.",4.0,NEG,0,,False,False,sauna spa area ok really shame open late afternoon staff sauna area quite rude alot information app insist download date simply wrong late night receptionist extremely rude witnessed yelling guest top lungs also curt rude questions restaurants bars sub par extremely priced ordered drink bar 2 flies bartender argued flies reluctantly poured new glass walls extremely thin drunk loud german neighbours kept nights screams door slamming
587,English,New Delhi,Andaz Delhi Aerocity- Concept by Hyatt,Location only,Everything…Is is not concept by Hyatt…,3.0,NEG,0,,False,False,location everything concept hyatt
117,English,Beijing,"Holiday Inn Express Beijing Dongzhimen, an IHG Hotel",Near Sunlitun,The room is not cleaned properly. The first thing we noticed when we checked in was red pubic hair on the towel. My husband and I are brunettes. Later I found a tangerine or orange stalk in bed. How is that possible?? 😡 We'll never stay here again. And of course i'd recommend everyone to stay somewhere else if you don't want any skin disease🤢,3.0,NEG,0,,False,False,near sunlitun room cleaned properly first thing noticed checked red pubic hair towel husband brunettes later found tangerine orange stalk bed possible never stay course recommend everyone stay somewhere else want skin disease
277,English,Berlin,The Westin Grand Berlin,very clean bedding was wonderful,The Building hotel has air-conditioning problems. Which made the room stuffy uncomfortable. I did change my room four times. Unfortunately.,4.0,NEG,0,,False,False,clean bedding wonderful building hotel air conditioning problems made room stuffy uncomfortable change room four times unfortunately
576,English,New Delhi,"The Ashok, New Delhi",Food morning bf should keep proper way,Food juice etc v bad,3.0,NEG,0,,False,False,food morning bf keep proper way food juice etc v bad
804,English,Seoul,Hotel Skypark Central Myeongdong,"Amazing location, smack dab in the middle of Myeong-dong. Convenient for shopping and exploring Seoul. Clean and comfortable rooms with free water","The only downside is the lack of variety in breakfast. However, the location itself has plenty of food options.",8.0,POS,1,Turkish,False,False,amazing location smack dab middle myeong dong convenient shopping exploring seoul clean comfortable rooms free water downside lack variety breakfast however location plenty food options
607,English,Paris,Hotel Eiffel Seine,The staff were very nice and helpful with directions.,"The room was too small, the bathroom was right by the bed hardly any space to move and the carpet was filthy.
The elevator was so tiny enough for only two persons with a small carryon. The corridor was very narrow. Everything is screaming for a renovation.
The price through the hotel was 219 euros per night we paid 260 euros through booking.com which was a ripoff.
Not at all happy or satisfied either with the hotel or the App “booking.com”.
I do not suggest both to anyone.",3.0,NEG,0,,False,False,staff nice helpful directions room small bathroom right bed hardly space move carpet filthy elevator tiny enough two persons small carryon corridor narrow everything screaming renovation price hotel 219 euros per night paid 260 euros booking com ripoff happy satisfied either hotel app booking com suggest anyone
537,English,New Delhi,Hyatt Regency Delhi,location. breakfast.,staff attitude at front desk. rude at check in. no explanation on dining options. club room facilities. breakfast location. amenities and timings of hotel facilities. no knowledge of local area,4.0,NEG,0,,False,False,location breakfast staff attitude front desk rude check explanation dining options club room facilities breakfast location amenities timings hotel facilities knowledge local area
459,English,Madrid,Axel Hotel Madrid - Adults Only,the staff super friendly,is there a camera inside the room?,4.0,NEG,0,,False,False,staff super friendly camera inside room
909,English,Washington,Generator Hotel Washington DC,"The hotel has a modern design, which can be appealing to younger guests. It's also in a convenient location.","However, I found the lack of facilities quite disappointing. The noise from nearby train stations and even the corridors was virtually constant and sleep disrupting. The room was also a little small for comfort, and the bathroom facilities could use a bit of an update with poor water pressure and inconsistent hot water supply. The wi-fi was a bit spotty, which is a drawback if you're traveling for work.",4.0,NEG,1,English(Turkish),False,False,hotel modern design appealing younger guests also convenient location however found lack facilities quite disappointing noise nearby train stations even corridors virtually constant sleep disrupting room also little small comfort bathroom facilities could use bit update poor water pressure inconsistent hot water supply wi fi bit spotty drawback traveling work
669,English,Paris,citizenM Paris Champs-Élysées,location,"size of the room 
No room service 
no gym, sauna, swimming pool,..
too expensive",4.0,NEG,0,,False,False,location size room room service gym sauna swimming pool expensive
584,English,New Delhi,Andaz Delhi Aerocity- Concept by Hyatt,"I arrived early in the afternoon and left very early the following morning. This was a very comfortable layover in between two long flights. The Andaz is spacious, modern, comfortable and well kept. A very nice-size room with inner yard view, with a large table to do some work at. A great gym and a nice outdoor pool (although too hot!). I had dinner at the restaurant and it was delicious. The Gin bar is a small gem....:) A very good place for when you need a good quality airport hotel. Excellent shuttle service too.",- hard to find anything negative as it was a very short stay and really enjoyed it.,9.0,POS,0,,False,False,arrived early afternoon left early following morning comfortable layover two long flights andaz spacious modern comfortable well kept nice size room inner yard view large table work great gym nice outdoor pool although hot dinner restaurant delicious gin bar small gem good place need good quality airport hotel excellent shuttle service hard find anything negative short stay really enjoyed
565,English,New Delhi,Hotel International Inn - Near Delhi Airport,,"we stayed in the hotel for two days in two rooms.There were no sufficient toiletries in the washroom.Wifi was not working.Even though we complained,no improvement.The pictures shown is not actual reception picture .Complimentary water was provided only on request for two days.once the water was not in a sealed bottle also.overall was a bad experience .There was no value for money.",3.0,NEG,0,,True,False,stayed hotel two days two rooms sufficient toiletries washroom wifi working even though complained improvement pictures shown actual reception picture complimentary water provided request two days water sealed bottle also overall bad experience value money
770,English,Rome,Alpi Hotel,"The hotel is conveniently located near the Termini station and the staff is extremely friendly and helpful. The breakfast was also excellent, with a great variety of options.",The WiFi connection in my room was sometimes unstable.,8.0,POS,1,English(German),False,False,hotel conveniently located near termini station staff extremely friendly helpful breakfast also excellent great variety options wifi connection room sometimes unstable
681,English,Paris,Courtyard by Marriott Paris Gare de Lyon,"Fantastic location, wonderful staff, and extremely comfortable rooms. The proximity to Gare de Lyon station made traveling around Paris a breeze.","While the in-house dining options were good, they did not quite live up to the exceptional standard of Parisian gastronomy.",8.0,POS,1,English(Spanish),False,False,fantastic location wonderful staff extremely comfortable rooms proximity gare de lyon station made traveling around paris breeze house dining options good quite live exceptional standard parisian gastronomy
200,English,Berlin,AMANO East Side,"The location, balcony and a fantastic room layout were what made me fall head over heels for the AMANO East Side in Berlin. The convenience of having both a snack bar and a restaurant within the hotel made my stay even more enjoyable. The staff were extremely hospitable and helpful, always ready to assist with any needs or queries. The room was spotlessly clean, comfortable and cozy with a beautiful view over the buzzing streets of Berlin.","Very minor issue, the Wi-Fi connection could be a bit shaky at times which can be a bit inconvenient when you're trying to plan your day or check emails.",9.0,POS,1,Russian,False,False,location balcony fantastic room layout made fall head heels amano east side berlin convenience snack bar restaurant within hotel made stay even enjoyable staff extremely hospitable helpful always ready assist needs queries room spotlessly clean comfortable cozy beautiful view buzzing streets berlin minor issue wi fi connection could bit shaky times bit inconvenient trying plan day check emails
873,English,Seoul,Ibis Styles Ambassador Seoul Myeong-dong,"The view from the rooftop bar is stunning, especially at night when the city is all lit up. Staff are helpful and attentive, always ready to assist. It's clean, room service was quick and the food was tasty.","The elevator is quite slow, and during peak hours, there might be a bit of a wait.",9.0,POS,1,English(Chinese),False,False,view rooftop bar stunning especially night city lit staff helpful attentive always ready assist clean room service quick food tasty elevator quite slow peak hours might bit wait
112,English,Beijing,"Holiday Inn Express Beijing Dongzhimen, an IHG Hotel","From the first day that I arrive to the hotel , stuff was so helpful . Specially The manager Denis , she was so helpful for everything that I need for . I asked to many questions and instructions about the city. They helped a lot . I’m glad that I stay in this place.",Just the shower area need some more work. Because water coming out from the shower area .,10.0,POS,0,,False,False,first day arrive hotel stuff helpful specially manager denis helpful everything need asked many questions instructions city helped lot glad stay place shower area need work water coming shower area
42,English,Ankara,Grand Mercure Ankara,"The Grand Mercure Ankara stands out for its exceptional customer service, spacious rooms, and gourmet dining. The hotel's location in the heart of Ankara makes it an ideal choice for both business travellers and vacationers.","While the hotel prides itself on keeping up-to-date, some areas feel a little dated and could benefit from a modern makeover. Double confirmation for reservations could also be streamlined for smoother customer experience.",8.0,POS,1,Spanish,False,False,grand mercure ankara stands exceptional customer service spacious rooms gourmet dining hotel location heart ankara makes ideal choice business travellers vacationers hotel prides keeping date areas feel little dated could benefit modern makeover double confirmation reservations could also streamlined smoother customer experience
342,English,Bucharest,"Central Hotel, Trademark Collection by Wyndham",The hotel is located very close ( walking distance) to city center and many other touristic attractions.,.,9.0,POS,0,,False,False,hotel located close walking distance city center many touristic attractions
843,English,Seoul,LOTTE City Hotel Myeongdong,The hotel is quite clean.,The hotel room interior feels quite outdated for my standards.,9.0,POS,0,,False,False,hotel quite clean hotel room interior feels quite outdated standards
614,English,Paris,Motel One Paris-Porte Dorée,Staff were nice and helpful.,Nothing I didn’t like.,9.0,POS,0,,False,False,staff nice helpful nothing like
795,English,Rome,Hotel Villa Pamphili Roma,"The spa was lovely, staff was friendly",Room was not that clean a sliding door needed serious maintenance,3.0,NEG,0,,False,False,spa lovely staff friendly room clean sliding door needed serious maintenance
552,English,New Delhi,FabHotel White Klove Paharganj,"Staffs are amazing , on front desk Mr Azhar and Juned are best , their friendliness and happy face makes feel like home",Need to consider for cleaning.,9.0,POS,0,,False,False,staffs amazing front desk mr azhar juned best friendliness happy face makes feel like home need consider cleaning
375,English,Bucharest,Tomis Garden Aparthotel Bucuresti,"The decoration of the hotel was really special and unique 
And the staff were really welcoming and pleasant and aided in everything we asked to.","We had a bug problem at our room. When we arrived the room was filled with bugs and mosquitos because the windows were open before we received our room.
The staff apologized for the inconvenience and offered us another room or that they will take care of the bug problem.
So we waited in the lobby until the worker got rid of the mosquitos and the bugs.
The location of the hotel was far from the city center. And the hotel is located in a neighborhood not close even to the main street so it was hard to walk by foot or to catch a cab. Luckily the staff helped us with ordering cabs for us.",4.0,NEG,0,,False,False,decoration hotel really special unique staff really welcoming pleasant aided everything asked bug problem room arrived room filled bugs mosquitos windows open received room staff apologized inconvenience offered us another room take care bug problem waited lobby worker got rid mosquitos bugs location hotel far city center hotel located neighborhood close even main street hard walk foot catch cab luckily staff helped us ordering cabs us
829,English,Seoul,Orakai Insadong Suites,"Location is great- all royal palaces, Bukchon Hanok village, Gwangjank market within walking distance (1-2 km)","Avoid rooms on the east side, especially on low floors (see photo of the view from the window of my room)- it is rather unfair to charge the same rate as other rooms.
I tried to get the room changed, with no success. I can understand that hotel is booked much in advance but front desk people were neither helpful nor kind: giving different messages. There are a lot of “notices” in capital red letters that gives unfriendly feeling: notice that reception will not book taxis, notice no shuttle to somewhere, notice about huge fine for smoking in the room, notice about house keeping not doing the dishes (it is important information but you can phrase it without shouting in written (red capital letters, negative forms and !!!)). Glory times of this hotel passed ca 30 years ago- chipped furniture, dirty/ spotty carpets etc.",4.0,NEG,0,,False,False,location great royal palaces bukchon hanok village gwangjank market within walking distance 1 2 km avoid rooms east side especially low floors see photo view window room rather unfair charge rate rooms tried get room changed success understand hotel booked much advance front desk people neither helpful kind giving different messages lot notices capital red letters gives unfriendly feeling notice reception book taxis notice shuttle somewhere notice huge fine smoking room notice house keeping dishes important information phrase without shouting written red capital letters negative forms glory times hotel passed ca 30 years ago chipped furniture dirty spotty carpets etc
464,English,Madrid,Eurostars Casa de la Lírica,"Absolutely beautiful hotel; comfortable, luxurious rooms and public areas. Centrally located in Madrid, close to most of the city attractions.",A bit more expensive than other available options.,8.0,POS,1,Korean,False,False,absolutely beautiful hotel comfortable luxurious rooms public areas centrally located madrid close city attractions bit expensive available options
694,English,Paris,Sofitel Le Scribe Paris Opera,"The Sofitel Le Scribe Paris Opera offers a luxurious stay. The room was incredibly spacious and well-appointed with a supremely comfortable bed. The staff were commendably helpful and courteous, while services and amenities were top-notch. Its central location is a major plus, with major attractions within walking distance.",,9.0,POS,1,Turkish,False,True,sofitel le scribe paris opera offers luxurious stay room incredibly spacious well appointed supremely comfortable bed staff commendably helpful courteous services amenities top notch central location major plus major attractions within walking distance
104,English,Beijing,Novotel Beijing Peace,The hotel it’s in the right place of the city,,10.0,POS,0,,False,True,hotel right place city
752,English,Rome,NH Collection Roma Centro,"As a group, we loved how saife the place was, the hotel staff was friendly and welcoming. The place is lively and quiet. I liked the services provided to guests. I highly recommend it.",,9.0,POS,0,,False,True,group loved saife place hotel staff friendly welcoming place lively quiet liked services provided guests highly recommend
838,English,Seoul,Imperial Palace Boutique Hotel,Staff,"Noisy pipes in bathroom, No air conditioner, NO VIEW AS PROMISED IN BOOKING.",4.0,NEG,0,,False,False,staff noisy pipes bathroom air conditioner view promised booking
296,English,Berlin,Generator Berlin Mitte,Centrally located,Rooms are extremely small and poorly ventilated. The bedding had stains and the toilet wasn't cleaned regularly. Noise from the street and other rooms affected sleep quality. Customer service was not up to the mark,4.0,NEG,1,English(German),False,False,centrally located rooms extremely small poorly ventilated bedding stains toilet cleaned regularly noise street rooms affected sleep quality customer service mark
203,English,Berlin,AMANO East Side,"I had a fantastic stay at the AMANO East Side in Berlin. The hotel is conveniently located near many city attractions and transport links, making it easy to explore the city. My room was clean, spacious, and had a sweeping view of the city. The staff was incredibly hospitable, making me feel at home during my stay. The onsite restaurant served up some superb meals which just added to my overall experience.",An improved Wi-Fi speed would have been appreciated for better video calls.,9.0,POS,1,English(German),False,False,fantastic stay amano east side berlin hotel conveniently located near many city attractions transport links making easy explore city room clean spacious sweeping view city staff incredibly hospitable making feel home stay onsite restaurant served superb meals added overall experience improved wi fi speed would appreciated better video calls
795,English,Rome,Hotel Villa Pamphili Roma,"Hotel grounds are green, peaceful, and tranquil. The pool is definitely a plus.","Regrettably, the rooms were dated and not really clean. The bathroom needs renovating, and the towels were rough and old. Wifi was slow and often disconnected. The breakfast was disappointing for the price we paid too.",4.0,NEG,1,English(Chinese),False,False,hotel grounds green peaceful tranquil pool definitely plus regrettably rooms dated really clean bathroom needs renovating towels rough old wifi slow often disconnected breakfast disappointing price paid
341,English,Bucharest,"Central Hotel, Trademark Collection by Wyndham",I love how clean the whole environment was. From entering the building to the room.,That’s I couldn’t stay there forever,10.0,POS,0,,False,False,love clean whole environment entering building room stay forever
995,English,Washington,Beacon Hotel & Corporate Quarters,Hotel breakfast was acceptable,"The front desk staff wasn't particularly welcoming nor efficient. The room looked worn and didn't seem to be very clean. To add to this, the air conditioning was quite noisy and made sleeping difficult.",2.0,NEG,1,English(Spanish),False,False,hotel breakfast acceptable front desk staff particularly welcoming efficient room looked worn seem clean add air conditioning quite noisy made sleeping difficult
870,English,Seoul,Ibis Styles Ambassador Seoul Myeong-dong,"With Covid there is no breakfast, but you can find many places that can serve breakfast such as the Butter Pancake shop. Meyong-dong area street is just across the road in front of the hotel. Meyoung-dong station exit 10 is 100 m away. The room is really great, toilet separate, shower separate as well as the basin. You can be a couple but have some privacy. This hotel has a great restaurant for lunch and dinner with great food, drinks and a roof garden with view 'to die' for. My view was great. Try rooms on the West side, the East can be a little noisy. If you want a long term stay this is the place.","The room was on the East side and was a little noisy, but I could sleep and actually it is more like a far, far away city sound and only sometimes. The sun rises early on the East side, but I was lucky it was cloudy and rainy and I overslept.",10.0,POS,0,,False,False,covid breakfast find many places serve breakfast butter pancake shop meyong dong area street across road front hotel meyoung dong station exit 10 100 away room really great toilet separate shower separate well basin couple privacy hotel great restaurant lunch dinner great food drinks roof garden view die view great try rooms west side east little noisy want long term stay place room east side little noisy could sleep actually like far far away city sound sometimes sun rises early east side lucky cloudy rainy overslept
777,English,Rome,Alpi Hotel,"The location was quite convenient, close to Termini station.","The room was incredibly small, barely bigger than the bed itself. The air conditioning was not functioning effectively, making the room quite hot and uncomfortable in the summer weather. Moreover, the cleanliness of the bathroom was subpar and did not appear to have been thoroughly cleaned before our check-in. The walls were also very thin, causing us to hear noise from adjacent rooms.",3.0,NEG,1,German,False,False,location quite convenient close termini station room incredibly small barely bigger bed air conditioning functioning effectively making room quite hot uncomfortable summer weather moreover cleanliness bathroom subpar appear thoroughly cleaned check walls also thin causing us hear noise adjacent rooms
801,English,Seoul,Hotel Skypark Central Myeongdong,"Perfect location for shopping, nice view",Breakfast could have more variety,8.0,POS,1,Romanian,False,False,perfect location shopping nice view breakfast could variety
272,English,Berlin,The Westin Grand Berlin,Everything was just great. The staff are very friendly and accommodating. The breakfast is amazing. The bar in the lobby was great and the lobby has a nice selection of drinks and snacks you can buy and take up to the room. The hotel is well positioned and close to most of the attractions.,Our first room the aircon was not working and they wanted to give us a fan which we did not accept. They rectified the situation and upgraded us to another room which was amazing.,9.0,POS,0,,False,False,everything great staff friendly accommodating breakfast amazing bar lobby great lobby nice selection drinks snacks buy take room hotel well positioned close attractions first room aircon working wanted give us fan accept rectified situation upgraded us another room amazing
857,English,Seoul,"Four Points by Sheraton Josun, Seoul Station",Convenient location next to Seoul station,"Room was a little small and a bit outdated, bed wasn't very comfortable, and the Wi-Fi was intermittent at best. Also, the service at the restaurant was very slow and the food was quite mediocre.",4.0,NEG,1,Italian,False,False,convenient location next seoul station room little small bit outdated bed comfortable wi fi intermittent best also service restaurant slow food quite mediocre
725,English,Rome,Hotel 87 eighty-seven - Maison d'Art Collection,Location,"Everything, rooms terrible, filthy",4.0,NEG,0,,False,False,location everything rooms terrible filthy
264,English,Berlin,Hotel Vivaldi Berlin am Kurfürstendamm,The staff were very friendly and the location was great! Just a couple of minutes from the nearest bus stop and subway station.,,9.0,POS,1,English(Turkish),False,True,staff friendly location great couple minutes nearest bus stop subway station
154,English,Beijing,Grand Millennium Beijing,"Amazing hotel in a prime location. There are various interesting sightseeing places close by and it's just a short walk to the metro station. The service is excellent and, very professional and polite staff. Rooms are spacious, clean, well-equipped, and immensely comfortable. The breakfast buffet is a delight, offering a good range of food options.","The property is a bit dated, but this minimal downside is completely overshadowed by the excellent services the hotel offers.",8.0,POS,1,Romanian,False,False,amazing hotel prime location various interesting sightseeing places close short walk metro station service excellent professional polite staff rooms spacious clean well equipped immensely comfortable breakfast buffet delight offering good range food options property bit dated minimal downside completely overshadowed excellent services hotel offers
836,English,Seoul,Imperial Palace Boutique Hotel,Terrible front dest staff . HE IS impolite to customer,,3.0,NEG,0,,False,True,terrible front dest staff impolite customer
495,English,Madrid,Generator Madrid,"Great location, right next to Gran Via. Breakfast was nice and not expensive.","Really bad hotel staff and unwilling to help. We used the hotel parking, and asked if we could get in and out at any time, which they confirmed. On the one day that we needed to use the car to get to Parque Warner, there was a pre-planned construction invention happening in the parking, which we were not told about and no warning anywhere, and reception told us WE COULD NOT REMOVE OUR CAR. We had to BEG the construction crew to remove some stuff so we could get out. Almost lost our tickets and ruined our vacation.
On a second occasion, to warm up baby food after 7pm, the receptionist told us to come to her, and she would use the microwave in the kitchen closed at that time. We did and everything was good, a second receptionist did the same, but the third receptionist refused to do it, even after I told him the whole situation. He made me go up to the rooftop bar looking for some cook that wasn't there, and when I came back down to ask him a second time, he did it instantly, which lets me know he could always could have done it, he just didn't want to and help me.",3.0,NEG,0,,False,False,great location right next gran via breakfast nice expensive really bad hotel staff unwilling help used hotel parking asked could get time confirmed one day needed use car get parque warner pre planned construction invention happening parking told warning anywhere reception told us could remove car beg construction crew remove stuff could get almost lost tickets ruined vacation second occasion warm baby food 7pm receptionist told us come would use microwave kitchen closed time everything good second receptionist third receptionist refused even told whole situation made go rooftop bar looking cook came back ask second time instantly lets know could always could done want help
51,English,Ankara,Esila Hotel,"Great hospitality, clean rooms, fantastic location",WiFi connection could be improved,8.0,POS,1,English(Russian),False,False,great hospitality clean rooms fantastic location wifi connection could improved
696,English,Paris,Sofitel Le Scribe Paris Opera,,"at 12 20 am the hotel makke test for electric which take 3 hours no elevator, my room in the 6th floor, 5 stars hotel",3.0,NEG,0,,True,False,12 20 hotel makke test electric take 3 hours elevator room 6th floor 5 stars hotel
653,English,Paris,Hotel Mimosa Paris,"The location of the Hotel Mimosa Paris is superb, with many of Paris' top attractions a short walk away. The rooms were clean and comfortable, and the staff was exceptionally helpful. Loved quaint atmosphere and the breakfast croissants absolutely delectable.",The rooms are a bit small and the elevator can be a bit slow.,8.0,POS,1,German,False,False,location hotel mimosa paris superb many paris top attractions short walk away rooms clean comfortable staff exceptionally helpful loved quaint atmosphere breakfast croissants absolutely delectable rooms bit small elevator bit slow
682,English,Paris,Courtyard by Marriott Paris Gare de Lyon,"The breakfast options were awesome. in general the decor, the staff was exceptional",the traffic around this place .. there was a perpetual traffic jam throughout the day,10.0,POS,0,,False,False,breakfast options awesome general decor staff exceptional traffic around place perpetual traffic jam throughout day
666,English,Paris,citizenM Paris Champs-Élysées,"The hotel is situated in a great location, very close to the landmarks.",The cleanliness needs serious improvement and the customer service was disappointing. The rooms were much smaller than anticipated and several amenities were not available as promised.,2.0,NEG,1,English(Russian),False,False,hotel situated great location close landmarks cleanliness needs serious improvement customer service disappointing rooms much smaller anticipated several amenities available promised
566,English,New Delhi,Hotel International Inn - Near Delhi Airport,Ease of access to airport,"Room was not clean, bathroom was in need of renovations and there were constant noise disturbances from the hallway. Customer service needs improvement",3.0,NEG,1,English(Korean),False,False,ease access airport room clean bathroom need renovations constant noise disturbances hallway customer service needs improvement
114,English,Beijing,"Holiday Inn Express Beijing Dongzhimen, an IHG Hotel","The Holiday Inn Express Beijing Dongzhimen offers clean, comfortable rooms with modern amenities. I was particularly impressed by their breakfast, a mix of both local and international cuisine, with options to satisfy all tastes. It's also conveniently located, with close proximity to transport links and major attractions, making it easy to explore the city.","Probably the only downside is the lack of a gym, but with all the attractions around, you'll have plenty of walking to keep you active.",8.0,POS,1,English(Italian),False,False,holiday inn express beijing dongzhimen offers clean comfortable rooms modern amenities particularly impressed breakfast mix local international cuisine options satisfy tastes also conveniently located close proximity transport links major attractions making easy explore city probably downside lack gym attractions around plenty walking keep active
510,English,New Delhi,Hotel Opera New Delhi,beautiful property. close to the airport. helpful staff,,10.0,POS,0,,False,True,beautiful property close airport helpful staff
110,English,Beijing,"Holiday Inn Express Beijing Dongzhimen, an IHG Hotel",The room service was top-notch and the location was conveniently close to main attractions.,The room temperature was a little difficult to control.,8.0,POS,1,Romanian,False,False,room service top notch location conveniently close main attractions room temperature little difficult control
814,English,Seoul,Hamilton Hotel,"Hamilton Hotel is a gem located in Seoul. From our check-in to check-out, everything was handled with ease. The staff were not only professional but extremely courteous as well. They took care of all our needs, and were always smiling. The rooms were well equipped with modern amenities and were kept immaculately clean. They were spacious and provided us with a serene retreat after a busy day exploring the city. The breakfast was simply delicious, offering a diverse range of local and international cuisines. The hotel's location was another significant advantage. It was a short walk to restaurants, bars, and shopping areas. Overall, a great hotel experience and certainly one I'll recommend to others.",No significant downsides to mention. It would be beneficial though if they could provide more variety in their breakfast menu.,9.0,POS,1,English(Italian),False,False,hamilton hotel gem located seoul check check everything handled ease staff professional extremely courteous well took care needs always smiling rooms well equipped modern amenities kept immaculately clean spacious provided us serene retreat busy day exploring city breakfast simply delicious offering diverse range local international cuisines hotel location another significant advantage short walk restaurants bars shopping areas overall great hotel experience certainly one recommend others significant downsides mention would beneficial though could provide variety breakfast menu
197,English,Beijing,New World Beijing Hotel,,"The hotel is located in a very busy part of town. It was often very noisy, even late into the night",4.0,NEG,1,Romanian,True,False,hotel located busy part town often noisy even late night
811,English,Seoul,Hamilton Hotel,"The hotel provided great service and toiletries and shampoo, hair conditioner and shower gel were great quality.",,9.0,POS,0,,False,True,hotel provided great service toiletries shampoo hair conditioner shower gel great quality
876,English,Seoul,Ibis Styles Ambassador Seoul Myeong-dong,"I didn't know another ibis, so had to walk about for 15mins to another hotel in heavy rain.",The location is walkable distance from Myongdon station.,4.0,NEG,0,,False,False,know another ibis walk 15mins another hotel heavy rain location walkable distance myongdon station
377,English,Bucharest,Tomis Garden Aparthotel Bucuresti,The location was quite convenient.,"Unprofessional staff, the room quality was subpar, cleanliness was not up to the mark and services were not prompt. The hustle and bustle from the city can also make your stay a bit unpleasant.",3.0,NEG,1,Korean,False,False,location quite convenient unprofessional staff room quality subpar cleanliness mark services prompt hustle bustle city also make stay bit unpleasant
626,English,Paris,Hotel Nation Montmartre,"The location was rather convenient, close to a metro station and various local stores for emergency needs.","I have to say, my experience with Hotel Nation Montmartre in Paris was less than satisfactory. The hotel is generally worn out and not well-maintained. Service from staff was rather indifferent and curt, contrary to the friendliness I expected. The room was a bit shabby, and the cleanliness was not up to par. There were signs of damage throughout the room that had not been repaired, and the Wi-Fi was unstable at best.",4.0,NEG,1,Korean,False,False,location rather convenient close metro station various local stores emergency needs say experience hotel nation montmartre paris less satisfactory hotel generally worn well maintained service staff rather indifferent curt contrary friendliness expected room bit shabby cleanliness par signs damage throughout room repaired wi fi unstable best
419,English,Madrid,Riu Plaza España,"Clean
The view from the top floor","The AC was awful, if you come during the summer the room will be soooo hot, and they don't have ventilators, so if you want good AC, i wouldn't recommend this hotel.
The pool is tiny.
There is no breakfast box or something like that if you have to check out early morning for a flight",4.0,NEG,0,,False,False,clean view top floor ac awful come summer room soooo hot ventilators want good ac recommend hotel pool tiny breakfast box something like check early morning flight
772,English,Rome,Alpi Hotel,The Alpi Hotel boasts of incredibly professional staff who are welcoming and attentive. Rooms are impeccably clean and the breakfast is delicious with a lot of variety. Its proximity to the Roma Termini station makes it easily accessible.,Couldn't find anything negative.,10.0,POS,1,Spanish,False,False,alpi hotel boasts incredibly professional staff welcoming attentive rooms impeccably clean breakfast delicious lot variety proximity roma termini station makes easily accessible find anything negative
549,English,New Delhi,The Prime Delhi,"I was moved to a different property due to some issues with the room. They should have informed this earlier, so please watch out for such issue.",,3.0,NEG,0,,False,True,moved different property due issues room informed earlier please watch issue
774,English,Rome,Alpi Hotel,"Friendly staff. Very convenient for public transport 
Wuiet",nothing,9.0,POS,0,,False,False,friendly staff convenient public transport wuiet nothing
356,English,Bucharest,Vitan ApartHotel,,Worst place ever,4.0,NEG,0,,True,False,worst place ever
675,English,Paris,Hotel Minerve,location is nod bad. there are restaurants around the hotel and there's a bus stop and a metro station within 10 minute walk.,rooms are really really small. the rooms that are not facing the road are very very dark because the windows face inside the hotel.,4.0,NEG,0,,False,False,location nod bad restaurants around hotel bus stop metro station within 10 minute walk rooms really really small rooms facing road dark windows face inside hotel
924,English,Washington,Hilton Garden Inn Washington DC Downtown,The friendliness of the staff and location.,The restroom sink was dirty. Thank goodness I had disinfectant wipes. Everything else was great!,9.0,POS,0,,False,False,friendliness staff location restroom sink dirty thank goodness disinfectant wipes everything else great
501,English,New Delhi,Hotel Krishna Deluxe-By RCG Hotels,"Rooms were clean and well maintained. The staff were friendly and efficient. Centrally located, with good accessibility to markets and attractions of Delhi.",Really nothing much to fault.,10.0,POS,1,Turkish,False,False,rooms clean well maintained staff friendly efficient centrally located good accessibility markets attractions delhi really nothing much fault
246,English,Berlin,Ibis budget Berlin Potsdamer Platz,"The location of the hotel was great, with many sightseeing spots nearby and ample public transport choices around.","Unfortunately, the room was incredibly small and cramped. The wifi connection kept dropping and it was quite slow. There wasn't a proper area for luggage storage in the room and the air conditioner didn't function properly so the room was uncomfortably warm. The customer services also left a lot to be desired.",4.0,NEG,1,English(Korean),False,False,location hotel great many sightseeing spots nearby ample public transport choices around unfortunately room incredibly small cramped wifi connection kept dropping quite slow proper area luggage storage room air conditioner function properly room uncomfortably warm customer services also left lot desired
317,English,Bucharest,"The Marmorosch Bucharest, Autograph Collection",Not much. Good restaurant staff.,"Reception desk useless, rude and unhelpful, especially men. Could not even get me a taxi to airport. Room was very cold and aircon “function is locked” - unadjustable.",3.0,NEG,0,,False,False,much good restaurant staff reception desk useless rude unhelpful especially men could even get taxi airport room cold aircon function locked unadjustable
144,English,Beijing,SonGy Hundred-year Courtyard Hotel,"The architecture was stunning, and it truly felt like you were stepping back in time. The breakfast had a wide variety of options, catering to both Eastern and Western palates.",The rooms could do with a bit of an update. Some of the furniture felt a little worn and out of place in such a beautiful setting.,8.0,POS,1,English(Chinese),False,False,architecture stunning truly felt like stepping back time breakfast wide variety options catering eastern western palates rooms could bit update furniture felt little worn place beautiful setting
252,English,Berlin,Ballhaus Berlin Hostel,"One of the biggest advantages of this place is the good price. The hostel is quite close to the central station (approx. 15-20 minute walk), so it's a perfect choice if you are traveling on a smaller budget.
Close to the hostel there are several shops, cafes and restaurants, which is very convenient. The neighborhood is quite quiet and safe, so we didn't have any trouble walking around latter in the evening.
The hostel has a self check-in system; also the main entrance, entrance to each floor and room doors are opened with the same code, which made going in and out very easy (no need to worry about leaving the door card or key).
We stayed in a double room. The room was quite small at first glance, but it had everything what we needed - two comfortable single beds, clean bedsheets, private bathroom, clean towels, hairdryer, and (major bonus) - electric sockets next to the bed.
The kitchen on our floor was fully equipped.","The biggest drawback was not the hostel itself, but other guests, staying in the hostel - noisy and messy.
Also, the entrance to the hostel at first might seem a bit unwelcoming, or even a bit sketchy. The entrance to the building is located at the back of a courtyard, and in order to get to the hostel, you have to pass several bars (or something like that).",9.0,POS,0,,False,False,one biggest advantages place good price hostel quite close central station approx 15 20 minute walk perfect choice traveling smaller budget close hostel several shops cafes restaurants convenient neighborhood quite quiet safe trouble walking around latter evening hostel self check system also main entrance entrance floor room doors opened code made going easy need worry leaving door card key stayed double room room quite small first glance everything needed two comfortable single beds clean bedsheets private bathroom clean towels hairdryer major bonus electric sockets next bed kitchen floor fully equipped biggest drawback hostel guests staying hostel noisy messy also entrance hostel first might seem bit unwelcoming even bit sketchy entrance building located back courtyard order get hostel pass several bars something like
726,English,Rome,Hotel 87 eighty-seven - Maison d'Art Collection,"The location of the hotel was good, close to many landmarks and popular sites.","The room was cramped and the cleanliness was not up to standard. The breakfast spread had limited options and the WiFi connectivity was unreliable. Also, the noise from the street was quite loud at night.",4.0,NEG,1,Spanish,False,False,location hotel good close many landmarks popular sites room cramped cleanliness standard breakfast spread limited options wifi connectivity unreliable also noise street quite loud night
571,English,New Delhi,"The Ashok, New Delhi",Location & Size of the property,Outdated interiors,9.0,POS,0,,False,False,location size property outdated interiors
783,English,Rome,Exe International Palace,"Welcoming staff, good location, comfortable rooms.",Nothing that I can think of,8.0,POS,1,Turkish,False,False,welcoming staff good location comfortable rooms nothing think
765,English,Rome,Hotel 55 Fifty-Five - Maison d'Art Collection,The location was fairly convenient,"However, the rooms were very small, the fridge was broken, the room was barely cleaned, and the staff were not very accommodating or friendly",2.0,NEG,1,Spanish,False,False,location fairly convenient however rooms small fridge broken room barely cleaned staff accommodating friendly
87,English,Ankara,ibis Ankara Airport Hotel,"The hotel offers a good location near the airport, and the quick check-in process was appreciated.","Unfortunately, the room and bathroom were unclean and the bed was extremely uncomfortable. To top it off, the hotel staff was unhelpful and somewhat rude during my stay.",2.0,NEG,1,English(Chinese),False,False,hotel offers good location near airport quick check process appreciated unfortunately room bathroom unclean bed extremely uncomfortable top hotel staff unhelpful somewhat rude stay
295,English,Berlin,Generator Berlin Mitte,The art-theme and modern aesthetic was quite appealing as was the central location.,"Although the hotel looks trendy and modern, it lacks the basic amenities one would expect from a hotel. The rooms were cramped and poorly lit. The toilets and showers were shared which was not clearly indicated when booking. The staff was not particularly engaging or helpful. The noise was unbearable at times disrupting sleep and it seems the hostel attracts a younger, boisterous crowd which may not be to everyone's liking. The 'free Wi-Fi' was practically non-existent in the rooms. Lastly, there were also some issues with cleanliness and maintenance.",3.0,NEG,1,English(Chinese),False,False,art theme modern aesthetic quite appealing central location although hotel looks trendy modern lacks basic amenities one would expect hotel rooms cramped poorly lit toilets showers shared clearly indicated booking staff particularly engaging helpful noise unbearable times disrupting sleep seems hostel attracts younger boisterous crowd may everyone liking free wi fi practically non existent rooms lastly also issues cleanliness maintenance
0,English,Ankara,Hotel Ickale,"The Hotel Ickale is a splendid choice for any traveler in Ankara. With its spacious, comfortable rooms and a welcoming, helpful staff, it truly made my stay enjoyable. Breakfast was delicious with a wide variety to fit anyone's palate.","Slightly further from city center, yet still within reasonable accessibility.",8.0,POS,1,English(Spanish),False,False,hotel ickale splendid choice traveler ankara spacious comfortable rooms welcoming helpful staff truly made stay enjoyable breakfast delicious wide variety fit anyone palate slightly city center yet still within reasonable accessibility
991,English,Washington,Beacon Hotel & Corporate Quarters,"Lovely hotel, very friendly staff. Short distance to all the sights. Would definitely recommend.",Had to pay for WiFi but internet is quite fast.,8.0,POS,1,English(Turkish),False,False,lovely hotel friendly staff short distance sights would definitely recommend pay wifi internet quite fast
721,English,Rome,Hotel 87 eighty-seven - Maison d'Art Collection,"Central location, you can walk to the main tourist points and have a lot of shops nearby. Good facilities with an outdoor jacuzzi and rooftop bar. Attentive staff",Beds could have been more confortable but all and all great value for money!,9.0,POS,0,,False,False,central location walk main tourist points lot shops nearby good facilities outdoor jacuzzi rooftop bar attentive staff beds could confortable great value money
496,English,Madrid,Generator Madrid,"Private room was very spacious, especially for a hostel.","- For some reason there appeared to be school children staying at the hostel for a camp/excursion. They were extremely loud and caused disturbances in the middle of the night. 2 nights in a row, they screamed and ran down hallways from 1am. I alerted staff to this on night 1 and was assured that the halls were patrolled at night, however this did not seem to be the case as the children were completely unsupervised again the next night. I understand hostels can be loud, but typically there are strict noise policies in hallways. 
- The hostel has a lovely rooftop, however all 3 days that we stayed here there were private functions being held. This meant most of the space was blocked off, so hostel guests could not use most areas of the rooftop. The food and drinks were also quite expensive.",3.0,NEG,0,,False,False,private room spacious especially hostel reason appeared school children staying hostel camp excursion extremely loud caused disturbances middle night 2 nights row screamed ran hallways 1am alerted staff night 1 assured halls patrolled night however seem case children completely unsupervised next night understand hostels loud typically strict noise policies hallways hostel lovely rooftop however 3 days stayed private functions held meant space blocked hostel guests could use areas rooftop food drinks also quite expensive
531,English,New Delhi,Hyatt Regency Delhi,"The Hyatt Regency Delhi is an extraordinary hotel with top-notch customer service, beautiful rooms and a fantastic selection of dining options. The location in New Delhi is also convenient, close to shopping centres and local attractions.",The Wi-Fi connection was a bit slow during my stay.,8.0,POS,1,English(Romanian),False,False,hyatt regency delhi extraordinary hotel top notch customer service beautiful rooms fantastic selection dining options location new delhi also convenient close shopping centres local attractions wi fi connection bit slow stay
220,English,Berlin,numa I Arc Rooms & Apartments,"Great location near lots of city's attractions, self check-in and check-out is super convenient, room is comfortable with little kitchenette and all what needed, all is like on photos (even paintings:) ), we were here for 3 days and totally satisfied with our stay!","We didn't fully enjoyed the breakfast (healthy one), but other was ok :)",10.0,POS,0,,False,False,great location near lots city attractions self check check super convenient room comfortable little kitchenette needed like photos even paintings 3 days totally satisfied stay fully enjoyed breakfast healthy one ok
891,English,Seoul,Hotel Skypark Myeongdong 1,"The location is great. It is in the heart of Seoul while there are lots of shops and pubs around the hotel.
The 2nd staff (working on the afternoon of Aug 10th 2023) is great. He tried his best to fix the air conditioner. And when cannot fix it, he proposed a new room for me quickly.","The 1st staff (working at night of Aug 9th 2023) attitude was not good when he did not want to fix the air conditioner. Instead, he assumed the air conditioner was set to 17 degree Celsius by default.",9.0,POS,0,,False,False,location great heart seoul lots shops pubs around hotel 2nd staff working afternoon aug 10th 2023 great tried best fix air conditioner cannot fix proposed new room quickly 1st staff working night aug 9th 2023 attitude good want fix air conditioner instead assumed air conditioner set 17 degree celsius default
729,English,Rome,Hotel 87 eighty-seven - Maison d'Art Collection,The waitress at breakfast.. 🫶,The fact that we were in a completely different building… and the unhelpful reception staff!!!,4.0,NEG,0,,False,False,waitress breakfast fact completely different building unhelpful reception staff
655,English,Paris,Hotel Mimosa Paris,"The location is great, central to plenty of attractions and transportation.","Unfortunately, the hotel was quite dirty and in desperate need of renovation. There were holes in the walls, the bathroom was dirty and looked uncared for, and the bedding was stained and smelly. Also, the lack of elevators makes it incredibly inconvenient if you have heavy luggage. The noise from the street made it nearly impossible to get a good night's rest.",2.0,NEG,1,Turkish,False,False,location great central plenty attractions transportation unfortunately hotel quite dirty desperate need renovation holes walls bathroom dirty looked uncared bedding stained smelly also lack elevators makes incredibly inconvenient heavy luggage noise street made nearly impossible get good night rest
23,English,Ankara,New Park Hotel,The hotel is conveniently located in the heart of Ankara. The staff were extremely friendly and the breakfast was delicious. Rooms were clean and spacious.,The WiFi connection was occasionally unstable.,8.0,POS,1,Turkish,False,False,hotel conveniently located heart ankara staff extremely friendly breakfast delicious rooms clean spacious wifi connection occasionally unstable
509,English,New Delhi,Hotel Krishna Deluxe-By RCG Hotels,,Customer service is very bad,3.0,NEG,0,,True,False,customer service bad
201,English,Berlin,AMANO East Side,"AMANO East Side in Berlin had exceptional service and fantastic facilities. The rooms were stylish, modern, and kept impeccably clean. The staff were always friendly and willing to help with any requests.",There was nothing I could fault.,10.0,POS,1,Korean,False,False,amano east side berlin exceptional service fantastic facilities rooms stylish modern kept impeccably clean staff always friendly willing help requests nothing could fault
710,English,Rome,The Hive Hotel,"The Hive Hotel had a superb location, friendly staff and offered an excellent breakfast. I was particularly taken with its tastefully decorated rooms that blended modern aesthetics with comfort.",The Wi-Fi was a bit unstable at times.,8.0,POS,1,English(Italian),False,False,hive hotel superb location friendly staff offered excellent breakfast particularly taken tastefully decorated rooms blended modern aesthetics comfort wi fi bit unstable times
112,English,Beijing,"Holiday Inn Express Beijing Dongzhimen, an IHG Hotel",Exceptionally clean and convenient with friendly and helpful staff. It is not far from local eateries and the subway. Shuttle service from the airport was a nice feature as well.,"Would have appreciated a better variety for breakfast, but overall it was good.",8.0,POS,1,English(Romanian),False,False,exceptionally clean convenient friendly helpful staff far local eateries subway shuttle service airport nice feature well would appreciated better variety breakfast overall good
525,English,New Delhi,UDS Villa - Scandinavian B&B,"Breakfast was good for variety, taste can be better, hygiene was not maintained. I could see cockroaches moving around. Kitchen furniture is worn out and need massive repair. Location was good. Pl provide assistance on how to reach nearby places. dont leave it to google.","Cleanliness, Kitchen furniture, Fragrance especially in Monsoons, Food taste, Hygiene, Pest Control a must, assistance on nearby places and how to reach, your tie up with booking.com has to be revisited to give proper choices for rooms with type of bed (King Queen, 2 bed, etc), Total Billing with GST, to avoid needless discussion, argument and frustration at checkin, manager was not responding the calls made for complains, Need to show responsiveness to requests / complains by the guest.",4.0,NEG,0,,False,False,breakfast good variety taste better hygiene maintained could see cockroaches moving around kitchen furniture worn need massive repair location good pl provide assistance reach nearby places dont leave google cleanliness kitchen furniture fragrance especially monsoons food taste hygiene pest control must assistance nearby places reach tie booking com revisited give proper choices rooms type bed king queen 2 bed etc total billing gst avoid needless discussion argument frustration checkin manager responding calls made complains need show responsiveness requests complains guest
150,English,Beijing,Grand Millennium Beijing,"My stay at Grand Millennium Beijing was truly unforgettable. The location is perfect, in the heart of the bustling city and walking distance to numerous attractions. The room was comfortable and well-equipped with all the amenities. The staff were extremely professional and hospitable, always eager to answer any questions or provide services. The breakfast buffet was a highlight - a wonderful array of both international and local options which catered to all tastes.","Honestly, there wasn't anything to fault during my stay.",10.0,POS,1,English(German),False,False,stay grand millennium beijing truly unforgettable location perfect heart bustling city walking distance numerous attractions room comfortable well equipped amenities staff extremely professional hospitable always eager answer questions provide services breakfast buffet highlight wonderful array international local options catered tastes honestly anything fault stay
490,English,Madrid,Generator Madrid,The atmosphere was great really friendly very relaxed,Nothing,10.0,POS,0,,False,False,atmosphere great really friendly relaxed nothing
318,English,Bucharest,"The Marmorosch Bucharest, Autograph Collection",The hotel facilities looked great and the location was in the heart of the city.,"Unfortunately, the hotel service was not as expected. The rooms were not as clean as expected, and the food was below average compared to other hotels in the area. The prices were also quite high, considering the provided services.",4.0,NEG,1,Romanian,False,False,hotel facilities looked great location heart city unfortunately hotel service expected rooms clean expected food average compared hotels area prices also quite high considering provided services
52,English,Ankara,Esila Hotel,"Great location for my needs, good value for money.",,9.0,POS,0,,False,True,great location needs good value money
453,English,Madrid,Axel Hotel Madrid - Adults Only,"First things first, the management and the team did an exceptional job welcoming us and making us feel at home. Very professional, knowledgeable and alert team. Thank you so Much Jaime, Mike and Ivan for the exceptional support and all the recommendations. The hotel is located in a very central location walking distance from Sol and all attractions. It has a modern vibe with a beautiful Pool and Skybar on top to enjoy a drink and Madrid Views after a long day. The 403 room was charming and spacious. Overall, it’s Highly Recommended and we will be back.",Absolutely nothing 😊,10.0,POS,0,,False,False,first things first management team exceptional job welcoming us making us feel home professional knowledgeable alert team thank much jaime mike ivan exceptional support recommendations hotel located central location walking distance sol attractions modern vibe beautiful pool skybar top enjoy drink madrid views long day 403 room charming spacious overall highly recommended back absolutely nothing
186,English,Beijing,Peking Youth Hostel,"The hostel's location is very convenient, right in the hutong area. Also, the courtyard is a nice place to relax.","The room was quite shabby compared to the photos I saw online when booking the room. It is also quite noisy in the evenings which makes it hard to get a good night's sleep. Furthermore, the staff was not as helpful or friendly as I would have liked. The bathroom facilities were not very clean, as well.",3.0,NEG,1,Spanish,False,False,hostel location convenient right hutong area also courtyard nice place relax room quite shabby compared photos saw online booking room also quite noisy evenings makes hard get good night sleep furthermore staff helpful friendly would liked bathroom facilities clean well
709,English,Rome,Hotel 77 Seventy-Seven - Maison D'Art Collection,Charming building,"Uncomfortable beds, noise from other rooms is very loud, breakfast options were limited and not fresh, wifi was intermittent and slow. Would not recommend.",2.0,NEG,1,Russian,False,False,charming building uncomfortable beds noise rooms loud breakfast options limited fresh wifi intermittent slow would recommend
896,English,Seoul,Hotel Skypark Myeongdong 1,Great location,"Wifi signal didn’t reach my room, so had to go out in the hallway to get internet. 
Very lousy breakfast.",4.0,NEG,0,,False,False,great location wifi signal reach room go hallway get internet lousy breakfast
97,English,Ankara,Raymar Hotels Ankara,The only redeeming feature of the hotel was its convenient location and the fairly comfortable beds.,"I had problems with the cleanliness of the hotel. The rooms were not properly cleaned and the towels and bed sheets weren't changed on a daily basis. The walls were thin, making it noisy, particularly at night. The dining area was unimpressive with limited selection of food. The hotel staff, while friendly, was not very responsive and oftentimes, inefficient. Their customer service needs significant improvement.",2.0,NEG,1,Korean,False,False,redeeming feature hotel convenient location fairly comfortable beds problems cleanliness hotel rooms properly cleaned towels bed sheets changed daily basis walls thin making noisy particularly night dining area unimpressive limited selection food hotel staff friendly responsive oftentimes inefficient customer service needs significant improvement
576,English,New Delhi,"The Ashok, New Delhi",The hotel grounds were absolutely beautiful and well maintained.,"The service left a lot to be desired. Our room was not cleaned well, and towels were not replaced daily. The in-house restaurant's food was very disappointing. I would expect a much higher level of service from a hotel of this alleged standard.",5.0,NEG,1,Romanian,False,False,hotel grounds absolutely beautiful well maintained service left lot desired room cleaned well towels replaced daily house restaurant food disappointing would expect much higher level service hotel alleged standard
573,English,New Delhi,"The Ashok, New Delhi","The Ashok Hotel in New Delhi was beautifully designed and offered excellent services. The rooms were spacious, comfortable and well-equipped. The staff was incredibly helpful and friendly, and the food was delicious, providing a great intro to India's rich cuisine.",WiFi connection could be stronger.,9.0,POS,1,English(Russian),False,False,ashok hotel new delhi beautifully designed offered excellent services rooms spacious comfortable well equipped staff incredibly helpful friendly food delicious providing great intro india rich cuisine wifi connection could stronger
191,English,Beijing,New World Beijing Hotel,"The hotel's location is superb and easily accessible. Rooms were immaculately cleaned every day and the service from the staff was exceptional. The food offered, especially the breakfast buffet, was delectable with a wide variety.",The WiFi connection can sometimes be slow and unstable.,8.0,POS,1,English(Italian),False,False,hotel location superb easily accessible rooms immaculately cleaned every day service staff exceptional food offered especially breakfast buffet delectable wide variety wifi connection sometimes slow unstable
262,English,Berlin,Hotel Vivaldi Berlin am Kurfürstendamm,"Excellent stay in a wonderful atmosphere. The location of the hotel is perfect, situated close to some of the city's main attractions and right on the Kurfürstendamm shopping street. Rooms are clean, comfortable, and very quiet. The staff are all efficient, professional and extremely friendly.",Nothing to particularly call out.,8.0,POS,1,English(German),False,False,excellent stay wonderful atmosphere location hotel perfect situated close city main attractions right kurfürstendamm shopping street rooms clean comfortable quiet staff efficient professional extremely friendly nothing particularly call
908,English,Washington,Generator Hotel Washington DC,Free Wifi and there was a restaurant and cafe but the food was overpriced.,"The staff were not helpful and I don't understand why the mixed gendered shared bedrooms are not the same price as the shared female bedrooms. I did not like how I was there for two weeks sharing a room with all guys. I tried switching rooms but the shared female rooms were more expensive which I didn't understand. I didn't like how the food at the hotel was overpriced. The soap in the public bathrooms were never refilled, the trash in the bathrooms overflowed, and the sinks in the bathrooms were dirty. I didn't like how the staff didn't monitor the noise complaints in the lobby and how they allowed big groups to take over the lobby when you also have other guests using it. Groups who did not reserve a space would just be rude and disrespectful basically making other guests leave their spot when they were working there first. The cleaners did not clean the bathroom well in my room. I wasn't told about the amenities of the hotel when I arrived. Lack of communication and standard protocol for guests coming into the hotel. There should be dogs allowed in the hotel especially around food areas like the cafe. I don't like having a dog around food I eat when I know they shed their fur everywhere and especially when the staff in the cafe is shorthand and can't keep up with the cleaning. The cafe ran out of pastries before 11am when they stay open until 2pm. I had an unsafe experience at the hotel when a stranger was trying to ask if I could help him book a reservation because the staff would not let him reserve a room. I feel the security needs improvement. I will not recommend this hostel to anyone I know!",3.0,NEG,0,,False,False,free wifi restaurant cafe food overpriced staff helpful understand mixed gendered shared bedrooms price shared female bedrooms like two weeks sharing room guys tried switching rooms shared female rooms expensive understand like food hotel overpriced soap public bathrooms never refilled trash bathrooms overflowed sinks bathrooms dirty like staff monitor noise complaints lobby allowed big groups take lobby also guests using groups reserve space would rude disrespectful basically making guests leave spot working first cleaners clean bathroom well room told amenities hotel arrived lack communication standard protocol guests coming hotel dogs allowed hotel especially around food areas like cafe like dog around food eat know shed fur everywhere especially staff cafe shorthand keep cleaning cafe ran pastries 11am stay open 2pm unsafe experience hotel stranger trying ask could help book reservation staff would let reserve room feel security needs improvement recommend hostel anyone know
113,English,Beijing,"Holiday Inn Express Beijing Dongzhimen, an IHG Hotel",Clean and comfortable .The breakfast was delicious,Nothing,10.0,POS,0,,False,False,clean comfortable breakfast delicious nothing
763,English,Rome,Hotel 55 Fifty-Five - Maison d'Art Collection,"The location is excellent with attractions nearby, staff is friendly, rooms are clean and elegantly decorated with art pieces.",There is no swimming pool,8.0,POS,1,English(Russian),False,False,location excellent attractions nearby staff friendly rooms clean elegantly decorated art pieces swimming pool
147,English,Beijing,SonGy Hundred-year Courtyard Hotel,The hotel's traditional aesthetic was appealing,"The location was inconvenient, the service staff was not sufficiently proficient in English, making communication difficult. The facilities were grimy and in disrepair.",2.0,NEG,1,Korean,False,False,hotel traditional aesthetic appealing location inconvenient service staff sufficiently proficient english making communication difficult facilities grimy disrepair
966,English,Washington,Hamilton Hotel - Washington DC,centrally located,"dated interior and lousy service, plus way overpriced for what you get",2.0,NEG,1,English(Turkish),False,False,centrally located dated interior lousy service plus way overpriced get
137,English,Beijing,"Holiday Inn Express Beijing Temple of Heaven, an IHG Hotel","The lobby of the hotel was quite welcoming, and the location was quite close to the Temple of Heaven.","The room felt quite outdated with worn out furniture. The air conditioning system was ineffective, making the room uncomfortably warm. Furthermore, most of the staff were not proficient in English, causing lots of communication issues. Not up to the usual standards I've come to expect from a Holiday Inn Express.",4.0,NEG,1,English(Italian),False,False,lobby hotel quite welcoming location quite close temple heaven room felt quite outdated worn furniture air conditioning system ineffective making room uncomfortably warm furthermore staff proficient english causing lots communication issues usual standards come expect holiday inn express
733,English,Rome,NH Roma Villa Carpegna,"The hotel has great, spacious, clean rooms with a lovely pool. The staff was super helpful and friendly. Its location is in a quiet part of Rome, yet just a quick bus ride to the city center.",The Wi-Fi connection was a little bit unstable occasionally but that didn't dampen the overall experience of an otherwise excellent stay.,8.0,POS,1,English(Romanian),False,False,hotel great spacious clean rooms lovely pool staff super helpful friendly location quiet part rome yet quick bus ride city center wi fi connection little bit unstable occasionally dampen overall experience otherwise excellent stay
172,English,Beijing,Guo Ji Yi Yuan Hotel,Central an Great location to shops an restaurant s an taxi service bookings were great,I didnt like that the massage chair didn't work /calf massage chair in room ??,9.0,POS,0,,False,False,central great location shops restaurant taxi service bookings great didnt like massage chair work calf massage chair room
376,English,Bucharest,Tomis Garden Aparthotel Bucuresti,"Clean, comfy, polite reception","Well, let me tell you:
1. hotel is advertising having a parking. There was no chamce for me to park underground because the bumper got hit. The angle of entracnce is not appropiate, car damaged.
2. When i finally went to sleep the were lot of noises from neghbouring rooms. There is no, or poor insulation.
3.At 6AM in the morning the staff started a conversation in their office close to my room. Not only whey were too loud that i even could hear their stories but they were apparenlty doing something as LOTS of noises and door smashing as well as other ....wierd violent noises prevented me to fall back asleep.
I dressed up and went to the reception asking if the wakeup at 6 is manadatory... The receptionist understood and fix the problem. The staff ceased to chat at my door but the noises continued till late 10 when i decided to leave.
I only slept for 4-5 hours in 4* Hotel paying almost 90€. Devide that by number of hours and it was probably one of the most expensive tax per our of sleep.
Now, what they don't understand is that they are 4*classified and customers expect at least 4* comfort. I am a frequent traveler anf this is by far the worst 4* comfort experience.
Note to management: train your people and/or insulate your rooms otherwise your rating will fall.",3.0,NEG,0,,False,False,clean comfy polite reception well let tell 1 hotel advertising parking chamce park underground bumper got hit angle entracnce appropiate car damaged 2 finally went sleep lot noises neghbouring rooms poor insulation 3 6am morning staff started conversation office close room whey loud even could hear stories apparenlty something lots noises door smashing well wierd violent noises prevented fall back asleep dressed went reception asking wakeup 6 manadatory receptionist understood fix problem staff ceased chat door noises continued till late 10 decided leave slept 4 5 hours 4 hotel paying almost 90 devide number hours probably one expensive tax per sleep understand 4 classified customers expect least 4 comfort frequent traveler anf far worst 4 comfort experience note management train people insulate rooms otherwise rating fall
346,English,Bucharest,"Central Hotel, Trademark Collection by Wyndham",Location,Very noisy area,4.0,NEG,0,,False,False,location noisy area
109,English,Beijing,Novotel Beijing Peace,Decent location and friendly staff,"Rooms seem to be outdated and smells of mildew somewhat. Shower drain doesn’t work properly and water leaks onto the bathroom floor making it a potential hazard. Despite repeated requests, the issues weren't addressed promptly. Hotel restaurant doesn't accommodate dietary restrictions well.",4.0,NEG,1,English(Romanian),False,False,decent location friendly staff rooms seem outdated smells mildew somewhat shower drain work properly water leaks onto bathroom floor making potential hazard despite repeated requests issues addressed promptly hotel restaurant accommodate dietary restrictions well
33,English,Ankara,The Green Park Ankara,"The Green Park Ankara offers top notch service, comfortable beds and a wonderful buffet breakfast. The central location was quite convenient for exploring the city.","The WiFi was a bit spotty at times in the room, much better in the common areas.",8.0,POS,1,English(Turkish),False,False,green park ankara offers top notch service comfortable beds wonderful buffet breakfast central location quite convenient exploring city wifi bit spotty times room much better common areas
76,English,Ankara,Güvenay Business Hotel,just the kahveci haci baba cafe.,room was dirty. staff were not friendly.,4.0,NEG,0,,False,False,kahveci haci baba cafe room dirty staff friendly
798,English,Rome,Hotel Villa Pamphili Roma,the breakfast was quite good.,I’ve paid more than 600€ for 2 nights and they didn’t even give any free water. so I had to buy water myself… very disappointed.,4.0,NEG,0,,False,False,breakfast quite good paid 600 2 nights even give free water buy water disappointed
469,English,Madrid,Eurostars Casa de la Lírica,The location. The building.,"The hotel decided not to use air conditioning during winter and therefore... my room was at 27 degrees. Had to sleep 2 nights with the window all open. Noise and light all together as a consequence, of course. The lowest temperature I got was 23,5 degrees at 4am. This is February! Room on the last floor of the hotel. Unbelievable! The whole hotel was a heating place since you entered. Not using air conditioning is not saving money. Is giving no confort at all for the guests. Any car, shop, metro, bus or public building has air conditioning, but this hotel... only during summer (staff dixit!!!). Unbelievable even for environment balance & sustainability. We're in the 21st century pal's!",3.0,NEG,0,,False,False,location building hotel decided use air conditioning winter therefore room 27 degrees sleep 2 nights window open noise light together consequence course lowest temperature got 23 5 degrees 4am february room last floor hotel unbelievable whole hotel heating place since entered using air conditioning saving money giving confort guests car shop metro bus public building air conditioning hotel summer staff dixit unbelievable even environment balance sustainability 21st century pal
657,English,Paris,Hotel Mimosa Paris,"Location is great, next to 3 metro lines and many restaurants, bars and cafés nearby.","Check-in process was a nightmare. I was only able to chek-in after 6PM, while the normal time would have been 4PM. Apparently this is their normal treatment with customers, so avoid this hotel if you’re arriving early in Paris.
Room is too small and the bathroom has no division between shower and toilet areas.",4.0,NEG,0,,False,False,location great next 3 metro lines many restaurants bars cafés nearby check process nightmare able chek 6pm normal time would 4pm apparently normal treatment customers avoid hotel arriving early paris room small bathroom division shower toilet areas
20,English,Ankara,New Park Hotel,"The Hotel was very clean, they have great personal and metro station is just in front of the building.",,10.0,POS,0,,False,True,hotel clean great personal metro station front building
630,English,Paris,Adveniat Paris,The staff and the location were amazing,,10.0,POS,0,,False,True,staff location amazing
49,English,Ankara,Grand Mercure Ankara,The location was good.,Unfortunately the airconditioner was not working properly.,5.0,NEG,0,,False,False,location good unfortunately airconditioner working properly
655,English,Paris,Hotel Mimosa Paris,Good location,"Too hot to sleep in the summer. Even with a fan on all night. Room was small and on the top floor with a flat roof so was absorbing heat all day and wouldn’t cool at night. Had to cut my trip short as wasn’t able to sleep in the heat. Tried to switch rooms but desk staff said I had to speak to English speaking staff, however the few times I went down again to try and sort it out there was no English speaking staff. I feel like I really should have a refund as it was my worst ever hotel stay and had to cut the trip short and get home earlier at my own expense. The bathroom was smaller than expected also. It was a cupboard wet-room. Toilet was integrated into the shower",3.0,NEG,0,,False,False,good location hot sleep summer even fan night room small top floor flat roof absorbing heat day cool night cut trip short able sleep heat tried switch rooms desk staff said speak english speaking staff however times went try sort english speaking staff feel like really refund worst ever hotel stay cut trip short get home earlier expense bathroom smaller expected also cupboard wet room toilet integrated shower
394,English,Bucharest,The Embassy Nord,"Convenient location, unique design of the hotel, beautiful decoration of exterior and landscape design, nice interior, nice smell inside hotel, big and clean room with big windows, everything inside room works fine.",didn't notice axсept some small issue with wi-fi connection,10.0,POS,0,,False,False,convenient location unique design hotel beautiful decoration exterior landscape design nice interior nice smell inside hotel big clean room big windows everything inside room works fine notice axсept small issue wi fi connection
827,English,Seoul,Orakai Insadong Suites,"location in Insa-dong which by near to the palace, museum, etc.","Since transitioning from Fraser Suites to Orakai, this hotel's service and cleanliness have gone down badly. No housekeeping was provided during our four-day stay, the furniture was dated, and both the kitchen and bathroom had a bad odor (my kids almost vomited up due to the smell). Additionally, ongoing elevator construction resulted in waits of at least 15-20 minutes for service. Also, the room division manager seems does not care of her customer's feedback.",4.0,NEG,0,,False,False,location insa dong near palace museum etc since transitioning fraser suites orakai hotel service cleanliness gone badly housekeeping provided four day stay furniture dated kitchen bathroom bad odor kids almost vomited due smell additionally ongoing elevator construction resulted waits least 15 20 minutes service also room division manager seems care customer feedback
383,English,Bucharest,AT Central Apartments,"The AT Central Apartments offered a fantastic location in Bucharest, comfortable and clean accommodations, as well as helpful and friendly staff",,8.0,POS,1,German,False,True,central apartments offered fantastic location bucharest comfortable clean accommodations well helpful friendly staff
497,English,Madrid,Generator Madrid,"This hotel's location is very good, located right in the heart of Madrid, and within walking distance to a lot of tourist destinations.","The staff was not friendly and not welcoming at all. The room was very small. The bathroom was badly designed: the shower water went all over the floor. It was very noisy at night; it seemed like the hotel had no insulation, you can hear everything in the neighboring rooms and hallway. Definitely not a place for light sleepers.",2.0,NEG,1,English(Chinese),False,False,hotel location good located right heart madrid within walking distance lot tourist destinations staff friendly welcoming room small bathroom badly designed shower water went floor noisy night seemed like hotel insulation hear everything neighboring rooms hallway definitely place light sleepers
234,English,Berlin,Eurostars Berlin,"Eurostars Berlin is an exceptional hotel. The rooms are spacious, impeccably clean, and tastefully decorated. The staff is sociable, attentive, and always ready to assist. Located in the heart of Berlin, it's minutes away from the best parts of the city. The hotel's restaurant was the highlight of our stay - the menu was diverse, and every meal we tried was exceptional.",The only downside I could think of is its popularity which necessitates booking well in advance.,8.0,POS,1,Turkish,False,False,eurostars berlin exceptional hotel rooms spacious impeccably clean tastefully decorated staff sociable attentive always ready assist located heart berlin minutes away best parts city hotel restaurant highlight stay menu diverse every meal tried exceptional downside could think popularity necessitates booking well advance
830,English,Seoul,Imperial Palace Boutique Hotel,Very cool and well decorated especially for the price. staff spoke sufficient English.,The included breakfast is at a local restaurant. the food is really good but the menu in the morning is a sandwich and a large cookie (very tasty!) but I wouldn’t want to eat that every day.,10.0,POS,0,,False,False,cool well decorated especially price staff spoke sufficient english included breakfast local restaurant food really good menu morning sandwich large cookie tasty want eat every day
84,English,Ankara,ibis Ankara Airport Hotel,"Very neat, super clean with all necessary basic facilities for an overnight stay that is perfectly placed for an early morning flight. Staff lovely and helpful and would happily stay there again.",,9.0,POS,0,,False,True,neat super clean necessary basic facilities overnight stay perfectly placed early morning flight staff lovely helpful would happily stay
450,English,Madrid,Axel Hotel Madrid - Adults Only,"Brilliant location, the most comfortable bed I had in Spain.",,10.0,POS,0,,False,True,brilliant location comfortable bed spain
210,English,Berlin,BlnCty Hotel,"The location is perfect, very close to every interesting place. There is a big shopping center next to the hotel. Very easy to reach the hotel from the airport. You have to take a train and the central station is a few step from the hotel. Very clean. Beds are comfortable. We enjoyed our staying in this hotel.",Our room was quite noisy. But we did not mind.,10.0,POS,0,,False,False,location perfect close every interesting place big shopping center next hotel easy reach hotel airport take train central station step hotel clean beds comfortable enjoyed staying hotel room quite noisy mind
470,English,Madrid,Emperador,gorgeous hotel to stay at with great views and a really good location,,10.0,POS,0,,False,True,gorgeous hotel stay great views really good location
933,English,Washington,State Plaza Hotel,we had a small kitchen and an extra room between a bathroom and a bedroom with a mirror and vanity,smell in hallway,9.0,POS,0,,False,False,small kitchen extra room bathroom bedroom mirror vanity smell hallway
505,English,New Delhi,Hotel Krishna Deluxe-By RCG Hotels,Location,"Dirty, old furniture , very different form the pictures",3.0,NEG,0,,False,False,location dirty old furniture different form pictures
998,English,Washington,Beacon Hotel & Corporate Quarters,"Comfortable beds, convenient location near key attractions and train","Facility is outdated and needs extreme renovation. Room was dusty and caused allergies. I ordered room service but it was late by 40 minutes and the food was already cold when it arrived. Also, the wifi kept disconnecting which disrupted my work several times.",3.0,NEG,1,English(Spanish),False,False,comfortable beds convenient location near key attractions train facility outdated needs extreme renovation room dusty caused allergies ordered room service late 40 minutes food already cold arrived also wifi kept disconnecting disrupted work several times
945,English,Washington,Courtyard by Marriott Washington Downtown/Convention Center,"The building is majestic and the location was great, very close to the convention center.",The room was much smaller than I expected and the cleanliness was subpar. The air conditioner was extremely loud and disrupted my sleep. The pricing felt too high for the services offered.,3.0,NEG,1,Spanish,False,False,building majestic location great close convention center room much smaller expected cleanliness subpar air conditioner extremely loud disrupted sleep pricing felt high services offered
940,English,Washington,Courtyard by Marriott Washington Downtown/Convention Center,"everything from security staff to housekeeping, always big smile and helpful the hotel locAtion is in the center of D.C. few minutes walk to White House and Washington monuments",nothing,10.0,POS,0,,False,False,everything security staff housekeeping always big smile helpful hotel location center c minutes walk white house washington monuments nothing
879,English,Seoul,Ibis Styles Ambassador Seoul Myeong-dong,location is great,room is tiny for 2 people,4.0,NEG,0,,False,False,location great room tiny 2 people
67,English,Ankara,Inn 14 Hostel,The location was good and the bed was very comfortable.,"The bathroom was so gross that I didn't use the shower. Of course I had to use the loo. One time that resulted in soaking wet pj bottoms from all the water sitting on the floor, like a swamp.
No orientation from the staff.
I was booked in for an upcoming stay but I cancelled within an hour of arrival.",3.0,NEG,0,,False,False,location good bed comfortable bathroom gross use shower course use loo one time resulted soaking wet pj bottoms water sitting floor like swamp orientation staff booked upcoming stay cancelled within hour arrival
986,English,Washington,Hilton Washington DC Capitol Hill,The proximity of this hotel to the main sites in Washington DC is commendable.,"The hotel is dated, things are worn out and need replacing. The breakfast is of poor quality, and overpriced for what you get. Customer service is also not up to the mark.",3.0,NEG,1,Chinese,False,False,proximity hotel main sites washington dc commendable hotel dated things worn need replacing breakfast poor quality overpriced get customer service also mark
842,English,Seoul,LOTTE City Hotel Myeongdong,Excellent location with stunning view. Room was very comfortable and service was top-notch,,8.0,POS,1,Spanish,False,True,excellent location stunning view room comfortable service top notch
864,English,Seoul,Stay Hotel Gangnam,"Convenient location and clean, modern rooms. The staff's customer service was top-notch.",The breakfast selection could be improved with more international choices.,8.0,POS,1,Turkish,False,False,convenient location clean modern rooms staff customer service top notch breakfast selection could improved international choices
776,English,Rome,Alpi Hotel,it was clean,a lot of noise and they never inform us that the breakfast is not included in the price. there was no window and it was like a underground room.,4.0,NEG,0,,False,False,clean lot noise never inform us breakfast included price window like underground room
447,English,Madrid,Catalonia Gran Vía Madrid,The location is ideal.,"My room was very small. My overall impression of the installations was that the Hotel needs an overall refit (slow elevators, small reception, charmless floors…)",3.0,NEG,0,,False,False,location ideal room small overall impression installations hotel needs overall refit slow elevators small reception charmless floors
421,English,Madrid,Eurostars Madrid Tower,"Great room very smart design, lighting is very modern with plenty of custom options, a beautiful sunset view, shower and bath, great amenities (there was even a diffuser for curly hair), umbrellas when it's rainy, chargers etc. staff that day was very professional and knowledgeable, good breakfast, and plenty of restaurants around the hotel, soundproofing is perfect the hotel was full yet i didn't hear anyone else from my room",for the price nothing to complain about,10.0,POS,0,,False,False,great room smart design lighting modern plenty custom options beautiful sunset view shower bath great amenities even diffuser curly hair umbrellas rainy chargers etc staff day professional knowledgeable good breakfast plenty restaurants around hotel soundproofing perfect hotel full yet hear anyone else room price nothing complain
562,English,New Delhi,Hotel International Inn - Near Delhi Airport,"The staff at International Inn Hotel were very friendly and accommodating, going out of their way to assist us day and night. The proximity to the airport is fantastic, particularly for those in-transit. The food available in the hotel's restaurant is delicious. To top it off, the place is very clean and well maintained.","The only downside is that there is no pool, which might be a deal-breaker during the hot summer months.",8.0,POS,1,German,False,False,staff international inn hotel friendly accommodating going way assist us day night proximity airport fantastic particularly transit food available hotel restaurant delicious top place clean well maintained downside pool might deal breaker hot summer months
942,English,Washington,Courtyard by Marriott Washington Downtown/Convention Center,"The Courtyard by Marriott Washington Downtown/Convention Center honestly exceeded all my expectations. From its prime location in downtown Washington, which makes exploring the city extremely convenient, to the polite and attentive staff, it offered a top-notch experience. The rooms were quite spacious and clean, with comfortable beds that made every night's sleep utterly rejuvenating. The dining options available at the hotel were also noteworthy, as their in-house restaurant served a great variety of delectable meals.","I would have loved it if the hotel had a swimming pool, though its absence didn’t dampen my overall experience.",10.0,POS,1,Italian,False,False,courtyard marriott washington downtown convention center honestly exceeded expectations prime location downtown washington makes exploring city extremely convenient polite attentive staff offered top notch experience rooms quite spacious clean comfortable beds made every night sleep utterly rejuvenating dining options available hotel also noteworthy house restaurant served great variety delectable meals would loved hotel swimming pool though absence dampen overall experience
298,English,Berlin,Generator Berlin Mitte,Convenient location with shopping milieu and public transport readily available.,"Room conditions could be greatly improved, as it felt rather untidy and not well-maintained. Customer service was also unsatisfactory, with the staff seeming uninterested and unhelpful upon various queries.",4.0,NEG,1,Korean,False,False,convenient location shopping milieu public transport readily available room conditions could greatly improved felt rather untidy well maintained customer service also unsatisfactory staff seeming uninterested unhelpful upon various queries
530,English,New Delhi,Hyatt Regency Delhi,"I have stayed at the property twice before and this time when I was coming down the other two options I was considering were Lodhi and Oberoi and somehow after the last two experiences here I just knew I could completely relax and not worry about anything going wrong and just being completely being taken care of with the best hospitality. And as expected even this time was absolutely stress free thanks to the best service the property provides and I mean the team and managers at the property need to take complete credit for this. 
The team that handled breakfast was an incredible team. Mr. Sanjay and Chintu always made sure we had everything we needed. The chef remembered that we needed dates to start our day from what we mentioned the first day and the next day it got sent to our table again and the chef also came to make sure we had everything. 
Also a huge thank you for the cake that got sent over to the room to kick start my birthday celebrations. Needless to say I think I’m gonna be a loyal guest every time I am in Delhi, without thinking twice about any other property.",,10.0,POS,0,,False,True,stayed property twice time coming two options considering lodhi oberoi somehow last two experiences knew could completely relax worry anything going wrong completely taken care best hospitality expected even time absolutely stress free thanks best service property provides mean team managers property need take complete credit team handled breakfast incredible team mr sanjay chintu always made sure everything needed chef remembered needed dates start day mentioned first day next day got sent table chef also came make sure everything also huge thank cake got sent room kick start birthday celebrations needless say think gonna loyal guest every time delhi without thinking twice property
313,English,Bucharest,"The Marmorosch Bucharest, Autograph Collection",Staff were very polite and helpful. Hotel otherwise impersonal.,Lack of atmosphere and main lobby was uninviting. There was a better and cheaper breakfast down the road.,9.0,POS,0,,False,False,staff polite helpful hotel otherwise impersonal lack atmosphere main lobby uninviting better cheaper breakfast road
310,English,Bucharest,"The Marmorosch Bucharest, Autograph Collection","Clean, spacious rooms and stunning city views. The staff was incredibly helpful, offering local tips and quick check-in/check-out services. Food at breakfast was fresh and varied, offering a great start to the day. Its proximity to public transport links was an added bonus.","Not many cons, but the hotel could use some updating in the more public areas.",8.0,POS,1,English(French),False,False,clean spacious rooms stunning city views staff incredibly helpful offering local tips quick check check services food breakfast fresh varied offering great start day proximity public transport links added bonus many cons hotel could use updating public areas
472,English,Madrid,Emperador,"The staff could not have been nicer to deal with. The rooms were extremely clean and comfortable, with the room cleaned daily. The rooftop pool and bar area were fantastic with many sunbeds available.",Sometimes there is a long wait for the elevators.,10.0,POS,0,,False,False,staff could nicer deal rooms extremely clean comfortable room cleaned daily rooftop pool bar area fantastic many sunbeds available sometimes long wait elevators
606,English,Paris,Hotel Eiffel Seine,"The hotel is conveniently situated, offering easy access to many popular landmarks and attractions. The staff is multi-lingual and generally willing to help.","Despite the great location, the hotel is riddled with problems. The rooms are quite small and are much in need of renovation. The beds were uncomfortable and witnessed noise leakage which disrupted sleep. WiFi connectivity was also poor and made it hard to work inside the room.",2.0,NEG,1,English(Korean),False,False,hotel conveniently situated offering easy access many popular landmarks attractions staff multi lingual generally willing help despite great location hotel riddled problems rooms quite small much need renovation beds uncomfortable witnessed noise leakage disrupted sleep wifi connectivity also poor made hard work inside room
759,English,Rome,NH Collection Roma Centro,"The location of NH Collection Roma Centro is quite convenient, placed not too far from some of the city's key attractions. The breakfast buffet also had a considerable selection of foods to choose from.","Despite its favorable location, the hotel left much to be desired in terms of service and accommodation. The rooms were noticeably outdated and could use some touch-ups. The check-in process was rather slow and the staff, although not outright rude, could have been friendlier and more efficient in their service. Additionally, for the cost of staying, it's disappointing to find the Wi-Fi to be incredibly slow.",4.0,NEG,1,Spanish,False,False,location nh collection roma centro quite convenient placed far city key attractions breakfast buffet also considerable selection foods choose despite favorable location hotel left much desired terms service accommodation rooms noticeably outdated could use touch ups check process rather slow staff although outright rude could friendlier efficient service additionally cost staying disappointing find wi fi incredibly slow
981,English,Washington,Hilton Washington DC Capitol Hill,Location and friendliness of staff,All good,9.0,POS,0,,False,False,location friendliness staff good
140,English,Beijing,SonGy Hundred-year Courtyard Hotel,"The ambiance is truly unique, transporting you back to ancient China the moment you step inside. The services provided were commendable, with attentiveness from the staff that makes the stay more comfortable. The rooms are clean, well-maintained, and keeps the authenticity of the traditional design while providing modern conveniences.","While the location provides a deep immersion of the local culture, it may not be conveniently located for some popular tourist destinations. Some may find maneuvering around the narrow streets a bit confusing.",8.0,POS,1,English(Korean),False,False,ambiance truly unique transporting back ancient china moment step inside services provided commendable attentiveness staff makes stay comfortable rooms clean well maintained keeps authenticity traditional design providing modern conveniences location provides deep immersion local culture may conveniently located popular tourist destinations may find maneuvering around narrow streets bit confusing
559,English,New Delhi,FabHotel White Klove Paharganj,The staff was courteous and the hotel's location made it easily accessible to many sights and scenes.,"The room was hardly clean, dust piling up in corners, and unwashed bedding. The Wifi was largely inconsistent and the food wasn't that great either. The narrow lanes leading up to the hotel could also be an issue for some.",3.0,NEG,1,Chinese,False,False,staff courteous hotel location made easily accessible many sights scenes room hardly clean dust piling corners unwashed bedding wifi largely inconsistent food great either narrow lanes leading hotel could also issue
249,English,Berlin,Ibis budget Berlin Potsdamer Platz,"It was in a very good location, near a historical station and close to the happening. I also appreciated the time breakfast was offered at.","The room had smeared boogers on two separate walls that I asked to have cleaned up as they were positioned above my head while sleeping. The breakfast was very mediocre, I think having breakfast on the restaurant across and up the street is a better 10€ spent personally.",4.0,NEG,0,,False,False,good location near historical station close happening also appreciated time breakfast offered room smeared boogers two separate walls asked cleaned positioned head sleeping breakfast mediocre think breakfast restaurant across street better 10 spent personally
401,English,Madrid,Pestana CR7 Gran Vía Madrid,"What I loved about Pestana CR7 Gran Vía Madrid was its location, right in the heart of Madrid. The rooms were clean, modern, and well-maintained. The staff were friendly, helpful and made our stay more enjoyable. The rooftop bar was another highlight, offering stunning views of the city.",There really wasn’t anything I didn't like.,9.0,POS,1,Russian,False,False,loved pestana cr7 gran vía madrid location right heart madrid rooms clean modern well maintained staff friendly helpful made stay enjoyable rooftop bar another highlight offering stunning views city really anything like
365,English,Bucharest,Hotel Michelangelo,"Good location 
Room was a good size for our stay",A man walked into our room in the middle of the night using his key card. Reception gave us an extra key so we could lock up from the inside but we barely slept after that happened and felt not very safe.,4.0,NEG,0,,False,False,good location room good size stay man walked room middle night using key card reception gave us extra key could lock inside barely slept happened felt safe
831,English,Seoul,Imperial Palace Boutique Hotel,"Efficient service, perfectly located, and offers a spacious, comfortable room with modern amenities. The concierge was always ready to assist with excellent restaurant recommendations and reservation assistance. There is also a wonderful bakery on the ground floor that shouldn't be missed.",Some of the bath towels were slightly worn out and could be replaced. ,8.0,POS,1,English(Turkish),False,False,efficient service perfectly located offers spacious comfortable room modern amenities concierge always ready assist excellent restaurant recommendations reservation assistance also wonderful bakery ground floor missed bath towels slightly worn could replaced
226,English,Berlin,numa I Arc Rooms & Apartments,"The location was decent, close to public transportation and local eateries.","Although the location was fine, the hotel itself was very subpar. The rooms were outdated and not particularly clean. The staff was not very responsive to our concerns and the overall ambiance of the hotel was underwhelming. Additionally, the Wi-Fi was spotty and unreliable.",3.0,NEG,1,Korean,False,False,location decent close public transportation local eateries although location fine hotel subpar rooms outdated particularly clean staff responsive concerns overall ambiance hotel underwhelming additionally wi fi spotty unreliable
504,English,New Delhi,Hotel Krishna Deluxe-By RCG Hotels,The location of this hotel is great.. Really loved the room.. pretty spacious as compared to rooms of other hotels in similar category. bathroom was pretty spacious and clean as well.,,9.0,POS,0,,False,True,location hotel great really loved room pretty spacious compared rooms hotels similar category bathroom pretty spacious clean well
131,English,Beijing,"Holiday Inn Express Beijing Temple of Heaven, an IHG Hotel","Incredibly warm hospitality, rooms are spotless, larger than average breakfast selection.",,8.0,POS,1,Russian,False,False,incredibly warm hospitality rooms spotless larger average breakfast selection
788,English,Rome,Exe International Palace,Centrally located for sightseeing purposes,Rooms were outdated and the air conditioning wasn't very effective. Wi-Fi was patchy and kept disconnecting. Service was not up to standard and it felt like the staff was not very attentive or responsive to our needs.,4.0,NEG,1,English(Chinese),False,False,centrally located sightseeing purposes rooms outdated air conditioning effective wi fi patchy kept disconnecting service standard felt like staff attentive responsive needs
786,English,Rome,Exe International Palace,"The location of Exe International Palace is superb, closely located to all tourist spots and the central station. The breakfast served was alright, but could use some variety.",Rooms are quite dated with uncomfortable beds. The air-conditioning was not working properly and it made the room unbearably warm. The staff could have been more forthcoming with their assistance. I was also disappointed with the cleanliness in the room and the unavailability of basic amenities.,3.0,NEG,1,English(Spanish),False,False,location exe international palace superb closely located tourist spots central station breakfast served alright could use variety rooms quite dated uncomfortable beds air conditioning working properly made room unbearably warm staff could forthcoming assistance also disappointed cleanliness room unavailability basic amenities
876,English,Seoul,Ibis Styles Ambassador Seoul Myeong-dong,"Good location, close to shopping area","The room was quite small, not much space for luggage. The bed was too firm, ended up waking up with a backache. The staff didn't seem very enthusiastic in assisting us",5.0,NEG,1,English(German),False,False,good location close shopping area room quite small much space luggage bed firm ended waking backache staff seem enthusiastic assisting us
45,English,Ankara,Grand Mercure Ankara,"The view from the hotel room was pretty impressive, giving a wide panorama of Ankara.","However, the hotel overall was pretty disappointing. The rooms were dated and in dire need of renovation. The Wi-Fi was extremely patchy and made it almost impossible to get any work done. The staff, although friendly, were not very responsive to requests or complaints.",3.0,NEG,1,English(Chinese),False,False,view hotel room pretty impressive giving wide panorama ankara however hotel overall pretty disappointing rooms dated dire need renovation wi fi extremely patchy made almost impossible get work done staff although friendly responsive requests complaints
570,English,New Delhi,"The Ashok, New Delhi","The Ashok, New Delhi - a stand-out with a wonderful blend of traditional and modern conveniences. The ideally central location, superior quality of service and luxurious rooms contributed to a fantastic stay. Also, loved the range of cuisine options available on-site.","Can't think of any significant shortcoming. Perhaps, the check-in process could be sped up slightly but overall a minor point.",9.0,POS,1,English(Romanian),False,False,ashok new delhi stand wonderful blend traditional modern conveniences ideally central location superior quality service luxurious rooms contributed fantastic stay also loved range cuisine options available site think significant shortcoming perhaps check process could sped slightly overall minor point
118,English,Beijing,"Holiday Inn Express Beijing Dongzhimen, an IHG Hotel",Central location with easy access to public transportation.,Rooms were outdated and poorly maintained with malfunctioning air conditioning. Housekeeping overlooked several areas during daily cleanings. Poor buffet breakfast selection and inconsistent replenishing. Staff were struggling with English which led to communication difficulties.,4.0,NEG,1,English(Italian),False,False,central location easy access public transportation rooms outdated poorly maintained malfunctioning air conditioning housekeeping overlooked several areas daily cleanings poor buffet breakfast selection inconsistent replenishing staff struggling english led communication difficulties
915,English,Washington,Motto by Hilton Washington DC City Center,"These are ""micro"" rooms. Convenient location.","Beds are not comfy, are loud. Coffee is only available from 5 am til 7am or til someone is either unprepared or too lazy to make more when you show up at 6:52. I don't remember the last time I stayed in a hotel that didn't have coffee available!!!",3.0,NEG,0,,False,False,micro rooms convenient location beds comfy loud coffee available 5 til 7am til someone either unprepared lazy make show 6 52 remember last time stayed hotel coffee available
396,English,Bucharest,The Embassy Nord,The hotel is close to the city center and public transport.,"However, the rooms were not cleaned properly, there were still traces of previous guests. The reception staff were not welcoming and their service was poor. Additionally, the rooms lacked basic amenities and the WiFi was unreliable.",2.0,NEG,1,English(Romanian),False,False,hotel close city center public transport however rooms cleaned properly still traces previous guests reception staff welcoming service poor additionally rooms lacked basic amenities wifi unreliable
737,English,Rome,NH Roma Villa Carpegna,"Great location near the Vatican and the old town 
Free parking","The a/c isn’t really doing a lot; especially if your room faces afternoon sun. 
And that’s true for all the rooms; and since years. 
It’s absolutely time to get that fixed. 
I stayed here a couple times now, and I will probably not come back. 
Stop telling people below their reviews how much you cherish their options and how much you’re looking to have them back to proof your services, if you don’t plan on changing what‘s not right. 
The a/c didn’t work well in 2019, and the issue is still there. 
25C is not a comfortable room temperature. 
And don’t get me started on washrooms… there’s black mold in the corners of the showers. 
An easy and fast fix, if management would care. 
The issues are in several rooms, over the last years. So it’s not a single case which just occurred to me this time.",4.0,NEG,0,,False,False,great location near vatican old town free parking c really lot especially room faces afternoon sun true rooms since years absolutely time get fixed stayed couple times probably come back stop telling people reviews much cherish options much looking back proof services plan changing right c work well 2019 issue still 25c comfortable room temperature get started washrooms black mold corners showers easy fast fix management would care issues several rooms last years single case occurred time
240,English,Berlin,Ibis budget Berlin Potsdamer Platz,"The Ibis Budget Berlin Potsdamer Platz is wonderfully located close to many sightseeing attractions. The rooms, although budget, were clean, comfortable, and quiet. The staff were very friendly, attentive, and provided excellent tourist guidance and maps for the city. There are also several nearby restaurants that were a joy to dine in after a long day of walking.",The Wi-Fi was a bit slow during peak hours which might be a bit of an inconvenience.,8.0,POS,1,English(Italian),False,False,ibis budget berlin potsdamer platz wonderfully located close many sightseeing attractions rooms although budget clean comfortable quiet staff friendly attentive provided excellent tourist guidance maps city also several nearby restaurants joy dine long day walking wi fi bit slow peak hours might bit inconvenience
95,English,Ankara,Raymar Hotels Ankara,Nearby public transportation access,"Disappointing room service, lack of cleanliness, unresponsive staff",2.0,NEG,1,English(Korean),False,False,nearby public transportation access disappointing room service lack cleanliness unresponsive staff
553,English,New Delhi,FabHotel White Klove Paharganj,"Very nice hotel in the middle of the bustling city of New Delhi. The rooms are quite clean and spacious, and the staff is extremely courteous and helpful.","The surrounding area can be a bit noisy at night, but inside the hotel it's very peaceful",8.0,POS,1,English(Turkish),False,False,nice hotel middle bustling city new delhi rooms quite clean spacious staff extremely courteous helpful surrounding area bit noisy night inside hotel peaceful
499,English,Madrid,Generator Madrid,Central Location,"The rooms were not cleaned daily. WiFi was weak, barely able to connect. The customer service was subpar and unaccommodating. Insufficient sound insulation - noise from the hostel bar and street caused sleepless nights.",3.0,NEG,1,English(German),False,False,central location rooms cleaned daily wifi weak barely able connect customer service subpar unaccommodating insufficient sound insulation noise hostel bar street caused sleepless nights
915,English,Washington,Motto by Hilton Washington DC City Center,The hotel's location in the city center was convenient.,"Had an unfortunate experience with room service. Ordered a meal, which arrived late and cold. Also, the room seemed generally unkempt; I found uncleaned parts, especially the bathroom. Noise levels were quite high. Customer service was not up to expectations. I felt they could have been more hospitable and understanding to complaints.",3.0,NEG,1,English(Romanian),False,False,hotel location city center convenient unfortunate experience room service ordered meal arrived late cold also room seemed generally unkempt found uncleaned parts especially bathroom noise levels quite high customer service expectations felt could hospitable understanding complaints
94,English,Ankara,Raymar Hotels Ankara,"Everything about the Raymar Hotels Ankara was top-notch. The rooms were spacious and clean, the staff was friendly and always ready to help, and the food was simply delicious. The location was also a major plus, with easy accessibility to major tourist spots.","Honestly, I struggle to find any major downsides to this hotel. It surpassed all my expectations.",10.0,POS,1,English(Russian),False,False,everything raymar hotels ankara top notch rooms spacious clean staff friendly always ready help food simply delicious location also major plus easy accessibility major tourist spots honestly struggle find major downsides hotel surpassed expectations
439,English,Madrid,NH Barajas Airport,It was close to the airport. And they had a free shuttle that was nice. TV and bed was nice,Bathroom had a smell to it like the toilet was backed up. Rooms were tiny. No real view of anything. I feel for the same price I could have got better accommodations at the Marriott close by.,4.0,NEG,0,,False,False,close airport free shuttle nice tv bed nice bathroom smell like toilet backed rooms tiny real view anything feel price could got better accommodations marriott close
341,English,Bucharest,"Central Hotel, Trademark Collection by Wyndham","The Central Hotel, Trademark Collection by Wyndham in Bucharest provided a delightful stay. Its central location made exploring the city a breeze, the rooms were spacious and impeccably clean, and the hotel's staff was remarkably courteous and helpful.","The Wi-Fi connection was occasionally patchy in the room, which could be improved for a seamless experience.",8.0,POS,1,English(Italian),False,False,central hotel trademark collection wyndham bucharest provided delightful stay central location made exploring city breeze rooms spacious impeccably clean hotel staff remarkably courteous helpful wi fi connection occasionally patchy room could improved seamless experience
179,English,Beijing,Guo Ji Yi Yuan Hotel,Location,"Service bad, Clean bad, Property very old",5.0,NEG,0,,False,False,location service bad clean bad property old
583,English,New Delhi,Andaz Delhi Aerocity- Concept by Hyatt,"The hotel stood out due to its exquisite interior design and world-class facilities. Its close proximity to the Aerocity provides excellent convenience for travelers, while the staff consistently delivered top-notch service, making me feel genuinely cared for.",,9.0,POS,1,English(Korean),False,True,hotel stood due exquisite interior design world class facilities close proximity aerocity provides excellent convenience travelers staff consistently delivered top notch service making feel genuinely cared
799,English,Rome,Hotel Villa Pamphili Roma,The scenery around the Hotel Villa Pamphili Roma is quite picturesque. The pool area is a real asset and the staff members there were gracious.,"However, the rooms feel dated and could do with a revamp. Also, the shuttle service to the city center is unreliable and infrequent making it a hassle to commute. The room service menu lacks variety and the food was uninspiring.",4.0,NEG,1,English(Chinese),False,False,scenery around hotel villa pamphili roma quite picturesque pool area real asset staff members gracious however rooms feel dated could revamp also shuttle service city center unreliable infrequent making hassle commute room service menu lacks variety food uninspiring
306,English,Bucharest,Moxy Bucharest Old Town,The hotel has modern decor and is in a great location near the old town. The staff was friendly and the rooms were clean on arrival.,"The sound-proofing was poor, I could hear noise from the street and people in the hallways of the hotel. The small elevator was inadequate for the number of guests, causing long waits at peak hours. The bathroom had poor lighting making it difficult to get ready in the mornings.",4.0,NEG,1,Italian,False,False,hotel modern decor great location near old town staff friendly rooms clean arrival sound proofing poor could hear noise street people hallways hotel small elevator inadequate number guests causing long waits peak hours bathroom poor lighting making difficult get ready mornings
170,English,Beijing,Guo Ji Yi Yuan Hotel,"The Guo Ji Yi Yuan Hotel in Beijing had a truly outstanding service, with a very warm and welcoming staff. The rooms were clean, spacious, and well furnished. Located in the heart of Beijing, it was an amazing experience exploring the city with ease due to the hotel's convenient location.",,9.0,POS,1,German,False,True,guo ji yi yuan hotel beijing truly outstanding service warm welcoming staff rooms clean spacious well furnished located heart beijing amazing experience exploring city ease due hotel convenient location
176,English,Beijing,Guo Ji Yi Yuan Hotel,Location is great. Room was clean.,Location is great. Room was clean but furniture was old style.,6.0,NEG,0,,False,False,location great room clean location great room clean furniture old style
206,English,Berlin,AMANO East Side,"Area was very nice with good restaurants close by, breakfast was good but not worth the price they were charging, just 5-10 min from the hotel were a lot of better alternatives","Beds were horribly uncomfortable and hard, it also made a sound like crunch wrap when you were moving which woke us up during the night, we told the front desk but they didn't care at all about our complaints",3.0,NEG,0,,False,False,area nice good restaurants close breakfast good worth price charging 5 10 min hotel lot better alternatives beds horribly uncomfortable hard also made sound like crunch wrap moving woke us night told front desk care complaints
221,English,Berlin,numa I Arc Rooms & Apartments,"Located next to a metro that can take you anywhere you need to be in Berlin. Checking in was very easy and the room was very clean, with extra gifts inside. Warm lighting options were appreciated as well.",Nothing comes to mind.,9.0,POS,0,,False,False,located next metro take anywhere need berlin checking easy room clean extra gifts inside warm lighting options appreciated well nothing comes mind
303,English,Bucharest,Moxy Bucharest Old Town,Good location. Friendly and helpful staff. Great breakfast.,Nothing,9.0,POS,0,,False,False,good location friendly helpful staff great breakfast nothing
607,English,Paris,Hotel Eiffel Seine,Prime location next to the Eiffel Tower and Seine river.,"Rooms were quite small and claustrophobic, making it nearly impossible to move around comfortably. Supply of toiletries was not adequate and the reception staff lacked manners and a welcoming attitude.",3.0,NEG,1,English(Turkish),False,False,prime location next eiffel tower seine river rooms quite small claustrophobic making nearly impossible move around comfortably supply toiletries adequate reception staff lacked manners welcoming attitude
462,English,Madrid,Eurostars Casa de la Lírica,"Excellent location, helpful staff and comfortable rooms.",Breakfast could be improved.,8.0,POS,1,Spanish,False,False,excellent location helpful staff comfortable rooms breakfast could improved
171,English,Beijing,Guo Ji Yi Yuan Hotel,"The Guo Ji Yi Yuan Hotel in Beijing offered excellent service and exhibited tremendous hospitality. The location was quite convenient and central, making sightseeing an easy task. I was impressed with the cleanliness and modern amenities provided in the rooms, they made my stay extra comfortable.",There weren't any significant drawbacks during my stay but I thought the variety in breakfast menu could've been more.,7.0,POS,1,English(Romanian),False,False,guo ji yi yuan hotel beijing offered excellent service exhibited tremendous hospitality location quite convenient central making sightseeing easy task impressed cleanliness modern amenities provided rooms made stay extra comfortable significant drawbacks stay thought variety breakfast menu could
964,English,Washington,Hamilton Hotel - Washington DC,overall it is great! The location is perfect.,The room is kind of small and the two beds are full bed size. The front desk told us they are running out of free bottled water which is commonly provided in large hotels.,9.0,POS,0,,False,False,overall great location perfect room kind small two beds full bed size front desk told us running free bottled water commonly provided large hotels
87,English,Ankara,ibis Ankara Airport Hotel,Location and not much else. The closeness of the property to the Ankara Esenboğa Airport was the only good thing about this hotel. It wasn't too dirty either. But that's it.,"Staff was professional but not friendly. This hotel, being an ""airport hotel"" doesn't offer a ride to its guests to the airport which is about 1.5 km (about a mile) away. Not only that the hotel doesn't have an arrangement with a taxi rank to provide a facility for its guests to find transport to the airport. We tried to order a large transport to the airport very early in the morning (5:00 AM), no taxi company was taking reservations and the staff was not interested in finding us a solution. They merely said that they could call the taxi rank at the airport and if they didn't have a big car then we should get a second cab to carry out large number of big suitcases. In the end, the cabs we requested didn't arrive in time either, so a kind van driver agreed to take is to the airport whom we tipped generously. The hotel staff tried to prevent the van driver from taking us to the airport, fortunately the driver ignored them.",3.0,NEG,0,,False,False,location much else closeness property ankara esenboğa airport good thing hotel dirty either staff professional friendly hotel airport hotel offer ride guests airport 1 5 km mile away hotel arrangement taxi rank provide facility guests find transport airport tried order large transport airport early morning 5 00 taxi company taking reservations staff interested finding us solution merely said could call taxi rank airport big car get second cab carry large number big suitcases end cabs requested arrive time either kind van driver agreed take airport tipped generously hotel staff tried prevent van driver taking us airport fortunately driver ignored
995,English,Washington,Beacon Hotel & Corporate Quarters,"We had a later flight, they were able to hold our bags after we check out.",The property does that look like it’s images. Very old and outdated. No fridge or microwave in the room. There is one community microwave for everyone to use. We we’re having difficulties with our keys and tv. Parking is $69 per night. Location is somewhat far from metro entrances.,3.0,NEG,0,,False,False,later flight able hold bags check property look like images old outdated fridge microwave room one community microwave everyone use difficulties keys tv parking 69 per night location somewhat far metro entrances
755,English,Rome,NH Collection Roma Centro,"Our experience could have been influenced by the circumstances. 
The location is great! Centrally located and a lovely-looking hotel. We were not staying at the hotel under the best circumstances as there were power outages in the area and the location we were supposed to stay in had automatic locks that ceased and stopped working after the power outage around 10pm. The RH Collection hotel also had experienced this power outage which might be why the front desk staff was not welcoming and was flustered.
We were happy that RH Collection could accommodate us but when we arrived they could not find our reservation nor could they honor what we had booked on Booking.com. In the end, we paid more than we agreed and did not get the rooms we reserved. The front desk staff could not figure out the book.com reservation and disregarded it completely. The front desk staff was not welcoming and was flustered. 
At this point, we were so tired, that we just took what was available.","The hotel services were basic and the beds were not very comfortable. I was happy that we were not staying longer than overnight. 
We tried to speak to management but we were told they were available. We were also told that the booking.com reservation could not be honored. So, make sure to follow up with a phone call after you book.",4.0,NEG,0,,False,False,experience could influenced circumstances location great centrally located lovely looking hotel staying hotel best circumstances power outages area location supposed stay automatic locks ceased stopped working power outage around 10pm rh collection hotel also experienced power outage might front desk staff welcoming flustered happy rh collection could accommodate us arrived could find reservation could honor booked booking com end paid agreed get rooms reserved front desk staff could figure book com reservation disregarded completely front desk staff welcoming flustered point tired took available hotel services basic beds comfortable happy staying longer overnight tried speak management told available also told booking com reservation could honored make sure follow phone call book
667,English,Paris,citizenM Paris Champs-Élysées,location,rooms were smaller then what I booked and paid for,4.0,NEG,0,,False,False,location rooms smaller booked paid
722,English,Rome,Hotel 87 eighty-seven - Maison d'Art Collection,"Great location situated betweek spanish steps & trevi fountains. Get to these sites super early in peak season as they are rammed with tourists.Wish we had stayed a few nights, although a little pricey for us, did compare favourably with other hotels in the area regarding facilities, hot tuv plunge pool & rooftop terrace. Staff quite friendly. Breakfast was Fantastic, continental as well as sausages bacon & scrambled eggs and very plentiful which is what made the hotel and location ( good area) value for money. I would recommend the hotel, but please check your room is the correct one before settling.",they insisted on us paying cash (no receipt) for city tax - a bit suspicious. We had a great room byt my son and daughter in las had a tiny room even though both rooms booked should have been the same as our room,9.0,POS,0,,False,False,great location situated betweek spanish steps trevi fountains get sites super early peak season rammed tourists wish stayed nights although little pricey us compare favourably hotels area regarding facilities hot tuv plunge pool rooftop terrace staff quite friendly breakfast fantastic continental well sausages bacon scrambled eggs plentiful made hotel location good area value money would recommend hotel please check room correct one settling insisted us paying cash receipt city tax bit suspicious great room byt son daughter las tiny room even though rooms booked room
941,English,Washington,Courtyard by Marriott Washington Downtown/Convention Center,"The hotel is centrally located, making most major attractions just a short walk or metro ride away. Rooms were clean and tidy with comfortable beds. The staff were extremely friendly and helpful. The on-site restaurant served hearty and tasty meals.",,9.0,POS,1,Korean,False,True,hotel centrally located making major attractions short walk metro ride away rooms clean tidy comfortable beds staff extremely friendly helpful site restaurant served hearty tasty meals
900,English,Washington,Generator Hotel Washington DC,"Found the Generator Hotel to be a gem in the heart of Washington DC. The location alone is exceptional, with plenty of sights and restaurants within walking distance. The hotel staff went above and beyond to offer friendly and efficient service. Our room was clean, comfortable and surprisingly quiet for a city hotel. The in-house restaurant served a variety of delicious options which made meal times something to look forward to.","The only downside was the somewhat expensive parking, but this is more a reflection of the area than the hotel itself.",8.0,POS,1,English(Italian),False,False,found generator hotel gem heart washington dc location alone exceptional plenty sights restaurants within walking distance hotel staff went beyond offer friendly efficient service room clean comfortable surprisingly quiet city hotel house restaurant served variety delicious options made meal times something look forward downside somewhat expensive parking reflection area hotel
512,English,New Delhi,Hotel Opera New Delhi,"The Hotel Opera was a great choice. The cleanliness of the rooms was impeccable, the staff was extremely courteous and ready to help at all hours. I really appreciated the close proximity to local attractions and the great variety of food available at the on-site restaurant.",Nothing to complain about.,8.0,POS,1,English(Russian),False,False,hotel opera great choice cleanliness rooms impeccable staff extremely courteous ready help hours really appreciated close proximity local attractions great variety food available site restaurant nothing complain
504,English,New Delhi,Hotel Krishna Deluxe-By RCG Hotels,"Exceptional service, delightful meals and the rooms are immaculate.",Not a thing,10.0,POS,1,English(Korean),False,False,exceptional service delightful meals rooms immaculate thing
879,English,Seoul,Ibis Styles Ambassador Seoul Myeong-dong,"Location is good, near to Myeongdong shopping district.","The room is too small and not enough space for luggage. The soundproofing is bad, can hear noise from the hallway and the nearby rooms. Also, the breakfast lacks variety and it’s the same every day.",4.0,NEG,1,Romanian,False,False,location good near myeongdong shopping district room small enough space luggage soundproofing bad hear noise hallway nearby rooms also breakfast lacks variety every day
895,English,Seoul,Hotel Skypark Myeongdong 1,"The hotel's location is excellent, right in the bustling heart of Myeongdong.",Felt very shabby and dated. The photos are not representative of the actual condition of the rooms. The room smelled musty and the mattress was uncomfortably hard. The AC did not work properly and the Wi-Fi signal was spotty at best. Toiletries were not replenished regularly and housekeeping felt very rushed and superficial. Lack of customer focus was keenly felt and we were rudely treated by most of the staff. Breakfast selection was poor and the food was unappetising. Left a lot to be desired for a hotel of this price point.,3.0,NEG,1,English(Chinese),False,False,hotel location excellent right bustling heart myeongdong felt shabby dated photos representative actual condition rooms room smelled musty mattress uncomfortably hard ac work properly wi fi signal spotty best toiletries replenished regularly housekeeping felt rushed superficial lack customer focus keenly felt rudely treated staff breakfast selection poor food unappetising left lot desired hotel price point
191,English,Beijing,New World Beijing Hotel,"Nice staff, clean, great breakfast",,9.0,POS,0,,False,True,nice staff clean great breakfast
454,English,Madrid,Axel Hotel Madrid - Adults Only,"The vibe was amazing and at night there was a live show on the rooftop.
Everyone is so friendly and helpful in this hotel.","The welcome drink is only champagne, why not just one alcoholic drink.",10.0,POS,0,,False,False,vibe amazing night live show rooftop everyone friendly helpful hotel welcome drink champagne one alcoholic drink
262,English,Berlin,Hotel Vivaldi Berlin am Kurfürstendamm,Clean and great location.,WiFi is bad,9.0,POS,0,,False,False,clean great location wifi bad
489,English,Madrid,Hotel Avenida Gran Vía,Good location to the centre.,"There was a construction work being done in the next room, a lot of noise at 7am! Rooms being not fully cleaned, dusty. Small room, old tv",3.0,NEG,0,,False,False,good location centre construction work done next room lot noise 7am rooms fully cleaned dusty small room old tv
682,English,Paris,Courtyard by Marriott Paris Gare de Lyon,"The hotel is conveniently located next to the Gare de Lyon station, which made commuting a breeze. The rooms are clean, the beds are very comfortable and the staff were friendly and always willing to help.","While the hotel itself does provide a decent selection for breakfast, the amount of healthy food options could be improved. Also, the noise from the train station might be a bit of a trouble if you value silence.",8.0,POS,1,English(French),False,False,hotel conveniently located next gare de lyon station made commuting breeze rooms clean beds comfortable staff friendly always willing help hotel provide decent selection breakfast amount healthy food options could improved also noise train station might bit trouble value silence
304,English,Bucharest,Moxy Bucharest Old Town,"Moxy Bucharest Old Town is a gracious delight in Bucharest; the hotel is centrally located making it easy to explore Old Town. The quirky, modern design of the hotel attracted me. The rooms are immaculate and comfortable. A wide array of delectable selection for breakfast is available. The staff was courteous and helpful.","A minor issue - the lighting system in the rooms could be improved. It was a bit dark for my preference. Besides, the hotel could benefit from a gym or spa facilities.",8.0,POS,1,Italian,False,False,moxy bucharest old town gracious delight bucharest hotel centrally located making easy explore old town quirky modern design hotel attracted rooms immaculate comfortable wide array delectable selection breakfast available staff courteous helpful minor issue lighting system rooms could improved bit dark preference besides hotel could benefit gym spa facilities
596,English,New Delhi,Bloomrooms @ New Delhi Railway Station,Easy access to the train station,"The room was exceptionally small with no cupboard or space to keep luggage. The bathroom was very small too and didn't seem very clean. The Wi-Fi connection was poor and often disconnected. Additionally, the hotel is in a very noisy and busy area, so it was difficult to enjoy a peaceful night's sleep.",2.0,NEG,1,Russian,False,False,easy access train station room exceptionally small cupboard space keep luggage bathroom small seem clean wi fi connection poor often disconnected additionally hotel noisy busy area difficult enjoy peaceful night sleep
794,English,Rome,Hotel Villa Pamphili Roma,"Very quiet, in the middle of a Park with a lot of Plants around, very easy to arrive quicly to Vatican & all major attractions.
In the evening getting cooled by the pool was a Great asset.
The stuff very patient and helpful with getting tickets for visiting Vatican.
For us was just perfect!",🤷‍♂️,10.0,POS,0,,False,False,quiet middle park lot plants around easy arrive quicly vatican major attractions evening getting cooled pool great asset stuff patient helpful getting tickets visiting vatican us perfect ‍ ️
580,English,New Delhi,Andaz Delhi Aerocity- Concept by Hyatt,"Everything ! Food, Vibes, Hospitality !",Nothing,10.0,POS,0,,False,False,everything food vibes hospitality nothing
153,English,Beijing,Grand Millennium Beijing,"The room and toilet were very big and spacious, bed were super comfy and the breakfast had a good variety",,9.0,POS,0,,False,True,room toilet big spacious bed super comfy breakfast good variety
930,English,Washington,State Plaza Hotel,"State Plaza Hotel provides spacious suites, a super convenient location close to many landmarks, and very efficient and friendly staff. The in-house dining was also quite delightful.",Nothing noteworthy.,8.0,POS,1,English(Italian),False,False,state plaza hotel provides spacious suites super convenient location close many landmarks efficient friendly staff house dining also quite delightful nothing noteworthy
61,English,Ankara,Inn 14 Hostel,"The hostel staff was incredibly friendly and helpful. The location was superb, right in the heart of the city. The rooms were clean and well-maintained.","The beds were a bit hard, but still manageable.",8.0,POS,1,English(Russian),False,False,hostel staff incredibly friendly helpful location superb right heart city rooms clean well maintained beds bit hard still manageable
365,English,Bucharest,Hotel Michelangelo,The location is good and quiet.,The room was old fashioned and tired looking. The shower cubicle was leaking badly. The breakfast was underwhelming with limited selection.,4.0,NEG,1,Turkish,False,False,location good quiet room old fashioned tired looking shower cubicle leaking badly breakfast underwhelming limited selection
913,English,Washington,Motto by Hilton Washington DC City Center,"Stylish and modern design coupled with attentive staff enhanced my stay at the Motto by Hilton Washington DC City Center. Conveniently located in a lively area, surrounded by numerous eateries catering for all tastes.",Cannot fault anything about this place.,10.0,POS,1,Korean,False,False,stylish modern design coupled attentive staff enhanced stay motto hilton washington dc city center conveniently located lively area surrounded numerous eateries catering tastes cannot fault anything place
809,English,Seoul,Hotel Skypark Central Myeongdong,Location was central.,"They gave me a twin room that didn't even have windows. It was a room they carved out in the middle of the floor and had a fake window. It was hot and stuffy because there was no ventilation. I saw a smoking lounge near us so I asked to be transferred out of that room. To their credit, they finally gave me a real room with an actual window that looks to the outside. 
Every afternoon, I don't know if it was insecticide or some other product they use to clean -- but there would be a very strong odor of insecticide in the hallways.",3.0,NEG,0,,False,False,location central gave twin room even windows room carved middle floor fake window hot stuffy ventilation saw smoking lounge near us asked transferred room credit finally gave real room actual window looks outside every afternoon know insecticide product use clean would strong odor insecticide hallways
21,English,Ankara,New Park Hotel,The hotel was located conveniently and offered decent amenities. Staff were cordial and helpful.,The breakfast could do with a little more variety.,8.0,POS,1,German,False,False,hotel located conveniently offered decent amenities staff cordial helpful breakfast could little variety
751,English,Rome,NH Collection Roma Centro,The staff was very friendly. Good location. Yummy food.,"I wish that the coffee station in the room would be refilled. Cleanliness was a 9/10. Some corners of the room had lots of dust, but overall I would come back to this hotel.",9.0,POS,0,,False,False,staff friendly good location yummy food wish coffee station room would refilled cleanliness 9 10 corners room lots dust overall would come back hotel
591,English,New Delhi,Bloomrooms @ New Delhi Railway Station,"Great place to stay if you have to catch a train early in the morning! Very clean, lovely comfortable bed. Very simple but functional and safe.",I think the breakfast could be included in the current price,9.0,POS,0,,False,False,great place stay catch train early morning clean lovely comfortable bed simple functional safe think breakfast could included current price
522,English,New Delhi,UDS Villa - Scandinavian B&B,"The beds are comfortable, the breakfast is delicious, and the service is top-tier. Not to mention, the location is perfect - you can walk to most of the popular landmarks.",Nothing significant that I can mention.,9.0,POS,1,Spanish,False,False,beds comfortable breakfast delicious service top tier mention location perfect walk popular landmarks nothing significant mention
560,English,New Delhi,Hotel International Inn - Near Delhi Airport,very good i really enjoyed my stay here thanku mahesh we definitely come here again,,10.0,POS,0,,False,True,good really enjoyed stay thanku mahesh definitely come
717,English,Rome,The Hive Hotel,"The location of the hotel is decent, with shopping options nearby.","Unimpressive service, I found the staff at reception quite rude. The room was small, hardly any space to move around, and the cleanliness left a lot to be desired. The beds were not comfortable and the breakfast had limited options.",2.0,NEG,1,Spanish,False,False,location hotel decent shopping options nearby unimpressive service found staff reception quite rude room small hardly space move around cleanliness left lot desired beds comfortable breakfast limited options
171,English,Beijing,Guo Ji Yi Yuan Hotel,Very nice interior and location.,"The wifi almost didn't work, but I realized it wasn't the hotel fault. Internet has restrictions in China and doesn't work good with western apps and web's.",9.0,POS,0,,False,False,nice interior location wifi almost work realized hotel fault internet restrictions china work good western apps web
275,English,Berlin,The Westin Grand Berlin,great location,"hotel felt very dated, rooms were not clean to satisfaction, toilet had a constant running water sound, the room was too hot and HVAC did not work properly, staff was indifferent to complaints",2.0,NEG,1,Russian,False,False,great location hotel felt dated rooms clean satisfaction toilet constant running water sound room hot hvac work properly staff indifferent complaints
735,English,Rome,NH Roma Villa Carpegna,The peaceful location away from the city hustle and bustle.,"1. Hotel is in serious need of an overhaul, both exterior and interior.
2. The food served at the breakfast buffet is not fresh and limited in choice.
3. WiFi is chargeable and even then, it performs poorly.
4. Air conditioning in the rooms isn't strong enough for summer temperatures.",4.0,NEG,1,Spanish,False,False,peaceful location away city hustle bustle 1 hotel serious need overhaul exterior interior 2 food served breakfast buffet fresh limited choice 3 wifi chargeable even performs poorly 4 air conditioning rooms strong enough summer temperatures
977,English,Washington,Riggs Washington DC,Hotel room and location,Riggs Cafe staff and service,3.0,NEG,0,,False,False,hotel room location riggs cafe staff service
687,English,Paris,Courtyard by Marriott Paris Gare de Lyon,"Centrally located to shops, subway, and cafes.",Staff failed to address refrigerator and ice maker issue. Toilet seat lid was broken on toilet. No care from staff after several reports to attend issues.,4.0,NEG,0,,False,False,centrally located shops subway cafes staff failed address refrigerator ice maker issue toilet seat lid broken toilet care staff several reports attend issues
423,English,Madrid,Eurostars Madrid Tower,"I love it! Staff, facility, comfort, location, overall stay, level of professionalism, attention to detail....everything!!!",,10.0,POS,0,,False,True,love staff facility comfort location overall stay level professionalism attention detail everything
461,English,Madrid,Eurostars Casa de la Lírica,"Absolutely superb experience during my stay. The service was exceptional, the staff were kind and very attentive. Loved the spacious rooms, elegantly furnished and impeccably clean. Excellent location, walking distance from Madrid's main attractions, restaurants, and shopping areas. The breakfast was diverse, plentiful, and delicious too.","WiFi could be slightly better, had a few connection drops. Also, it could be a bit noisy outside during the night due to the central location.",9.0,POS,1,English(Romanian),False,False,absolutely superb experience stay service exceptional staff kind attentive loved spacious rooms elegantly furnished impeccably clean excellent location walking distance madrid main attractions restaurants shopping areas breakfast diverse plentiful delicious wifi could slightly better connection drops also could bit noisy outside night due central location
625,English,Paris,Hotel Nation Montmartre,Not much at all!,One staff member was so lazy. I upset him because I wanted to go outside for fresh air at midnight. I had to wake him up and he stood at the door until I came back inside. Aircon was terrible and room was way too small for 3 people. Waited ages for breakfast as he said he didn't know we were waiting to be given a seat. A very dodgy area too.,3.0,NEG,0,,False,False,much one staff member lazy upset wanted go outside fresh air midnight wake stood door came back inside aircon terrible room way small 3 people waited ages breakfast said know waiting given seat dodgy area
597,English,New Delhi,Bloomrooms @ New Delhi Railway Station,"The bed was comfortable and the location is good, near the railway station.","The noise from the railway station was unbearable, impossible to sleep. When we asked to change the room, the staff was not understanding and very unhelpful. Also, the cleanliness of the room was very poor.",2.0,NEG,1,Turkish,False,False,bed comfortable location good near railway station noise railway station unbearable impossible sleep asked change room staff understanding unhelpful also cleanliness room poor
159,English,Beijing,Grand Millennium Beijing,The size and layout of the room was good. Breakfast was fine and the pool looked lovely.,The facilities were limited during our short stay because of ‘government regulations’ yet the hotel over the road was not restricted. We were told at breakfast that we were unable to sit together because of Covid regulations also. The rooms was uncomfortably hot and we couldn’t change the thermostat (not due to Covid).,4.0,NEG,0,,False,False,size layout room good breakfast fine pool looked lovely facilities limited short stay government regulations yet hotel road restricted told breakfast unable sit together covid regulations also rooms uncomfortably hot change thermostat due covid
218,English,Berlin,BlnCty Hotel,"Central location was the only positive,","The room was too small and had no amenities at all. Also, the noise from the hallway is too loud in the rooms. The breakfast selection was extremely limited.",3.0,NEG,1,Italian,False,False,central location positive room small amenities also noise hallway loud rooms breakfast selection extremely limited
571,English,New Delhi,"The Ashok, New Delhi","The Ashok, New Delhi stands out with its exceptional service and hospitality. From the moment I stepped foot into the hotel, I was greeted with warm, welcoming staff. The rooms were of excellent standard, well cleaned and beautifully furnished. The dining experience was also outstanding, offering a variety of delicious options for every taste.","However, the wifi connectivity was slightly inconsistent during peak hours, which was a minor inconvenience compared to the overall pleasant stay.",9.0,POS,1,English(French),False,False,ashok new delhi stands exceptional service hospitality moment stepped foot hotel greeted warm welcoming staff rooms excellent standard well cleaned beautifully furnished dining experience also outstanding offering variety delicious options every taste however wifi connectivity slightly inconsistent peak hours minor inconvenience compared overall pleasant stay
303,English,Bucharest,Moxy Bucharest Old Town,"Location is perfect, right in the heart of the city. The staff were fantastic and couldn't do enough to help. The room was modern, clean and comfortable.",Breakfast could use more variety,8.0,POS,1,English(Romanian),False,False,location perfect right heart city staff fantastic enough help room modern clean comfortable breakfast could use variety
440,English,Madrid,Catalonia Gran Vía Madrid,location/ staff / clean / nice room,,10.0,POS,0,,False,True,location staff clean nice room
208,English,Berlin,AMANO East Side,Not much good to say about this place. Very disappointing compared to what I've experienced at other Booking.com destinations with the same rating.,"The room was tiny, claustrophobic and smelled like the windows had not been opened for a month. Ventilation was non existent so after having taken a shower, the entire room would be stuffy for hours. Impossible to vent out with privacy, since there are neighbors across who can look right into the room. A/C was not working at all. The hallways appear dirty and old.
They have an automated checkin system that doesn't work, and upon asking the person at the desk for help, they only very reluctantly spent the 20 seconds registering a key card which made it feel like you were being a hassle in their day instead of a valued guest. Not a great welcome.",4.0,NEG,0,,False,False,much good say place disappointing compared experienced booking com destinations rating room tiny claustrophobic smelled like windows opened month ventilation non existent taken shower entire room would stuffy hours impossible vent privacy since neighbors across look right room c working hallways appear dirty old automated checkin system work upon asking person desk help reluctantly spent 20 seconds registering key card made feel like hassle day instead valued guest great welcome
914,English,Washington,Motto by Hilton Washington DC City Center,"Clean, functional, close to convention center",No coffee maker in room,9.0,POS,0,,False,False,clean functional close convention center coffee maker room
634,English,Paris,Adveniat Paris,"Very nice staff and clean room, clean bed.",The shower smelled very bad and may need cleaning.,9.0,POS,0,,False,False,nice staff clean room clean bed shower smelled bad may need cleaning
701,English,Rome,Hotel 77 Seventy-Seven - Maison D'Art Collection,Location,Very small bed,9.0,POS,0,,False,False,location small bed
744,English,Rome,The Spanish Suite Campo de' Fiori,"Location and staff were fabulous. Shower was great, everything lovely and very clean.",Space is tight and there are some steps in the room which are aesthetically interesting but easy to trip on. Not a big deal if you are careful.,9.0,POS,0,,False,False,location staff fabulous shower great everything lovely clean space tight steps room aesthetically interesting easy trip big deal careful
311,English,Bucharest,"The Marmorosch Bucharest, Autograph Collection",This hotel was absolutely stunning with excellent service and an amazing location in the heart of Bucharest. The rooms were beautifully decorated and the food was outstanding.,"A minor downside was that the hotel didn't have a swimming pool, otherwise everything was perfect.",8.0,POS,1,Chinese,False,False,hotel absolutely stunning excellent service amazing location heart bucharest rooms beautifully decorated food outstanding minor downside hotel swimming pool otherwise everything perfect
696,English,Paris,Sofitel Le Scribe Paris Opera,"Centrally located, within walking distance to Opera.","Room wasn’t particularly clean, encountered dust and grime in various spots. Service was underwhelming as well, considering the price and reputation of the hotel. Quite a disappointment overall.",5.0,NEG,1,English(Chinese),False,False,centrally located within walking distance opera room particularly clean encountered dust grime various spots service underwhelming well considering price reputation hotel quite disappointment overall
757,English,Rome,NH Collection Roma Centro,"The location was quite good, within walking distance to most historic sites.",The rooms were small and the air conditioning didn't work properly. The staff were not as helpful as I expected. The hotel simply did not live up to the standard of a four-star hotel as advertised. I would suggest prospective tourists to reconsider before booking.,2.0,NEG,1,Russian,False,False,location quite good within walking distance historic sites rooms small air conditioning work properly staff helpful expected hotel simply live standard four star hotel advertised would suggest prospective tourists reconsider booking
927,English,Washington,Hilton Garden Inn Washington DC Downtown,location,"noisy overall - street noise very loud on 2nd floor, group of students in the hall until late at night",4.0,NEG,0,,False,False,location noisy overall street noise loud 2nd floor group students hall late night
694,English,Paris,Sofitel Le Scribe Paris Opera,The room was incredible and the breakfast is definitely worth trying. Staff very professional and great room service,,10.0,POS,0,,False,True,room incredible breakfast definitely worth trying staff professional great room service
908,English,Washington,Generator Hotel Washington DC,"Located quite centrally, a short walk from all the popular monuments and museums. The bar area downstairs was comfortable and a nice gathering place.","The room was extremely small and cramped. The air conditioning was either freezing or suffocating, no middle ground. Breakfast not included and the option available was overpriced and not tasty. The Wi-Fi was incredibly slow and kept disconnecting. No room service.",3.0,NEG,1,English(German),False,False,located quite centrally short walk popular monuments museums bar area downstairs comfortable nice gathering place room extremely small cramped air conditioning either freezing suffocating middle ground breakfast included option available overpriced tasty wi fi incredibly slow kept disconnecting room service
156,English,Beijing,Grand Millennium Beijing,The location of the Grand Millennium in Beijing was quite convenient for my travel needs.,"The service, however, left much to be desired. From unhelpful staff to cleanliness issues in the room, my experience was below par for a hotel of this standing. Additionally, the room amenities were not as advertised and the food service was mediocre at best.",3.0,NEG,1,Spanish,False,False,location grand millennium beijing quite convenient travel needs service however left much desired unhelpful staff cleanliness issues room experience par hotel standing additionally room amenities advertised food service mediocre best
872,English,Seoul,Ibis Styles Ambassador Seoul Myeong-dong,Location is good. Near the subway and bus stop. Easy to travel to any places of interest. Shopping is near. You can find good food around as well.,There are two Ibis hotels around the area. Make sure you find the correct one. :),9.0,POS,0,,False,False,location good near subway bus stop easy travel places interest shopping near find good food around well two ibis hotels around area make sure find correct one
308,English,Bucharest,Moxy Bucharest Old Town,"Comfortable bed, lovely spacious hot shower, toiletries that were provided, bottle of water in room. Breakfast was lovely and plentiful.","The noise, the noise, the noise!! Kept me awake for hours both Friday and Saturday night. Very loud music until about 4-5am. No drawers or wardrobe for clothing, no safe or fridge in room.",4.0,NEG,0,,False,False,comfortable bed lovely spacious hot shower toiletries provided bottle water room breakfast lovely plentiful noise noise noise kept awake hours friday saturday night loud music 4 5am drawers wardrobe clothing safe fridge room
873,English,Seoul,Ibis Styles Ambassador Seoul Myeong-dong,"location, breakfast and service were very nice",shower area might not suite all types of clients as the shower area was a glass-type enclosed room and the mirror was opposite the shower door (lack of privacy),9.0,POS,0,,False,False,location breakfast service nice shower area might suite types clients shower area glass type enclosed room mirror opposite shower door lack privacy
669,English,Paris,citizenM Paris Champs-Élysées,Good location,"The lack of basic amenities in the room such as kettle and coffee was disappointing. In addition, the Wifi connection was weak, and the staff seemed uninterested and were not very helpful. I had high expectations but was let down.",3.0,NEG,1,English(Russian),False,False,good location lack basic amenities room kettle coffee disappointing addition wifi connection weak staff seemed uninterested helpful high expectations let
829,English,Seoul,Orakai Insadong Suites,The location of the Orakai Insadong Suites in Seoul was pretty convenient and central to most attractions in the city.,"Unfortunately, my overall stay at the Orakai Insadong Suites in Seoul was quite underwhelming and disappointing. Firstly, the rooms were quite outdated and needed urgent modernization. The furniture and equipment seemed old, making the room feel dull and uninviting. Secondly, the cleanliness of the rooms was not up to par. I found dust on the furniture and the bathroom needed a good deep cleaning. Lastly, the services provided by the staff were poor. The staff seemed unprofessional and lacked adequate training. They were not able to provide prompt and efficient service, making my stay even less pleasant.",3.0,NEG,1,English(Italian),False,False,location orakai insadong suites seoul pretty convenient central attractions city unfortunately overall stay orakai insadong suites seoul quite underwhelming disappointing firstly rooms quite outdated needed urgent modernization furniture equipment seemed old making room feel dull uninviting secondly cleanliness rooms par found dust furniture bathroom needed good deep cleaning lastly services provided staff poor staff seemed unprofessional lacked adequate training able provide prompt efficient service making stay even less pleasant
499,English,Madrid,Generator Madrid,location,"noise, small rooms and poor customer service from receptionist",4.0,NEG,0,,False,False,location noise small rooms poor customer service receptionist
117,English,Beijing,"Holiday Inn Express Beijing Dongzhimen, an IHG Hotel",The location was quite handy to get around the city,The staff was unprofessional and the hotel seemed outdated. Breakfast variety was ridiculous and the same food was served every day. Room cleanliness was also an issue. I would not recommend this hotel for stay in Beijing.,2.0,NEG,1,English(Russian),False,False,location quite handy get around city staff unprofessional hotel seemed outdated breakfast variety ridiculous food served every day room cleanliness also issue would recommend hotel stay beijing
253,English,Berlin,Ballhaus Berlin Hostel,"Check-in was super easy. Loved that I didn’t need a key just passcodes and it was super duper safe. Didn’t actually meet or interact with a single staff member besides a cleaner which shows how this hostel is a well oiled machine. This hostel is Probably aimed less at the social side and more at just a place to sleep which is perfect for Berlin in my opinion, there are so many places outside in the city to socialise it was nice to have a quiet, clean and relaxed hostel for night time.",Tbh I loved this hostel and didn’t have many problems with it at all. I normally prefer beds that are built in so that they don’t squeak and are solid compared to the metal free standing bunks that this hostel has. But not a big deal at all.,9.0,POS,0,,False,False,check super easy loved need key passcodes super duper safe actually meet interact single staff member besides cleaner shows hostel well oiled machine hostel probably aimed less social side place sleep perfect berlin opinion many places outside city socialise nice quiet clean relaxed hostel night time tbh loved hostel many problems normally prefer beds built squeak solid compared metal free standing bunks hostel big deal
206,English,Berlin,AMANO East Side,The hotel's location was convenient for accessing various parts of Berlin,"My experience at AMANO East Side was relatively disappointing. Firstly, the room's acoustics were not up to par, with external street noise prominently audible. Secondly, the service fell short of expectations - particularly in terms of housekeeping and reception staff responsiveness. Lastly, the Wi-Fi connection was underwhelming, providing subpar speeds which hindered my ability to work seamlessly.",4.0,NEG,1,Italian,False,False,hotel location convenient accessing various parts berlin experience amano east side relatively disappointing firstly room acoustics par external street noise prominently audible secondly service fell short expectations particularly terms housekeeping reception staff responsiveness lastly wi fi connection underwhelming providing subpar speeds hindered ability work seamlessly
373,English,Bucharest,Tomis Garden Aparthotel Bucuresti,The room was very nice and comfortable. It was exactly as the pictures. The location is very good as there is a metro station very close getting you to the main train station and there are a lot of buses for the old town too. The bed was comfortable and the breakfast had a lot of options. I would recommend it.,"The only issue is that although the room was non-smoking, it had a smell of smoke especially in the bathroom. We could not understand if it was from another room and somehow from the window or vents came to us or if the previous guest smoked in the room but as non-smokers, the smell was annoying. However, I guess this was a very specific situation and does not apply to all rooms. Also the view of the town was actually a construction area.",9.0,POS,0,,False,False,room nice comfortable exactly pictures location good metro station close getting main train station lot buses old town bed comfortable breakfast lot options would recommend issue although room non smoking smell smoke especially bathroom could understand another room somehow window vents came us previous guest smoked room non smokers smell annoying however guess specific situation apply rooms also view town actually construction area
803,English,Seoul,Hotel Skypark Central Myeongdong,"Fantastic location right in the heart of Myeongdong, surrounded by shopping and food. Room was clean and comfortable, staff were friendly and helpful. Appreciated the free shuttle to tourist attractions.",,9.0,POS,1,German,False,True,fantastic location right heart myeongdong surrounded shopping food room clean comfortable staff friendly helpful appreciated free shuttle tourist attractions
338,English,Bucharest,Upstairs Boutique,Comfortable bed and well-situated in the city centre.,Staff was not very amiable. Room was facing a very noisy street and the soundproofing was poor. The bathroom had a few issues with cleanliness.,3.0,NEG,1,English(Korean),False,False,comfortable bed well situated city centre staff amiable room facing noisy street soundproofing poor bathroom issues cleanliness
338,English,Bucharest,Upstairs Boutique,The location was excellent. AC worked well.,"The building has construction works in the main entrance, it’s hard to find what is the correct staircase you need to take.
Even though I mentioned at what time I was arriving in the afternoon, it took a while for them to open and no one was answering the phone.
The staff communication in English is very poor.
I found mold on one of the room’s walls, stains in the carpet and the shower was broken so it wouldn’t stay up, making it hard to wash my hair.
The toilet seat is an extremely tight spot.
Breakfast is very limited and is served in a “lounge area” where there are few tables and some couches that make for a very uncomfortable eating experience.",5.0,NEG,0,,False,False,location excellent ac worked well building construction works main entrance hard find correct staircase need take even though mentioned time arriving afternoon took open one answering phone staff communication english poor found mold one room walls stains carpet shower broken stay making hard wash hair toilet seat extremely tight spot breakfast limited served lounge area tables couches make uncomfortable eating experience
213,English,Berlin,BlnCty Hotel,"The BlnCty Hotel is a modern and sleek accommodation in the heart of Berlin. The location is simply perfect, very central and close to the main attractions. The staff are extremely helpful and friendly and the rooms, while not overly spacious, are clean, modern, and well-equipped with all the necessities.","The only minor issue was the wall insulation between rooms which wasn't perfect, as we could hear some noise from the adjacent room. But it wasn't a major problem and didn't significantly impact our stay.",9.0,POS,1,English(Korean),False,False,blncty hotel modern sleek accommodation heart berlin location simply perfect central close main attractions staff extremely helpful friendly rooms overly spacious clean modern well equipped necessities minor issue wall insulation rooms perfect could hear noise adjacent room major problem significantly impact stay
957,English,Washington,Glover Park Hotel Georgetown,The hotel location was close to the Georgetown.,"The room fell far below our expectations considering its price and the reviews we had read. Throughout our trip, we had to stay at two different places, and upon arriving at the golver park hotel, we were genuinely shocked. The facilities were outdated, and it was disappointing to find that it did not meet the standards of a 4-star hotel or justify the high ratings it had received. The size of the toilet was notably small, and the bathroom lacked a proper door for closure.",4.0,NEG,0,,False,False,hotel location close georgetown room fell far expectations considering price reviews read throughout trip stay two different places upon arriving golver park hotel genuinely shocked facilities outdated disappointing find meet standards 4 star hotel justify high ratings received size toilet notably small bathroom lacked proper door closure
176,English,Beijing,Guo Ji Yi Yuan Hotel,Convenient location,"- Poor breakfast selection 
- Washrooms need refurbishing 
- Staff had limited English skills 
- The rooms didn't feel clean",4.0,NEG,1,Korean,False,False,convenient location poor breakfast selection washrooms need refurbishing staff limited english skills rooms feel clean
861,English,Seoul,Stay Hotel Gangnam,The staff are really nice! Location perfect!,The shower place does not have curtain. Water will spill all over the place.,9.0,POS,0,,False,False,staff really nice location perfect shower place curtain water spill place
621,English,Paris,Hotel Nation Montmartre,"Very clean, very comfy, good value for money, staff were great",Still haven’t got 200 euro bond back yet but that could be due to the bank,9.0,POS,0,,False,False,clean comfy good value money staff great still got 200 euro bond back yet could due bank
860,English,Seoul,Stay Hotel Gangnam,"We loved how big the room was and how comfortable the beds were! the location is very close to the metro but also most of the Gangnam area which made it very easy to walk everywhere. fantastic staff, very friendly and helpful!",,10.0,POS,0,,False,True,loved big room comfortable beds location close metro also gangnam area made easy walk everywhere fantastic staff friendly helpful
90,English,Ankara,Raymar Hotels Ankara,Very well located in the city center. Plenty of nice restaurants nearby. Friendly staff.,Something sweet at breakfast would have made it perfect!,10.0,POS,0,,False,False,well located city center plenty nice restaurants nearby friendly staff something sweet breakfast would made perfect
41,English,Ankara,Grand Mercure Ankara,"Grand Mercure Ankara exhibits a beautiful blend of traditional styles and modern comforts to guarantee a fulfilling stay. Situated in an excellent location, this hotel features spacious, stylistic rooms, and warm, welcoming staff who are ready to meet your every need. Its proximity to a variety of attractions makes it an ideal choice for both leisure and business travelers.","Despite its marked beauty, I noted a bit of traffic noise due to its location. But this was only during peak hours and didn’t affect the overall charm of the hotel.",9.0,POS,1,Spanish,False,False,grand mercure ankara exhibits beautiful blend traditional styles modern comforts guarantee fulfilling stay situated excellent location hotel features spacious stylistic rooms warm welcoming staff ready meet every need proximity variety attractions makes ideal choice leisure business travelers despite marked beauty noted bit traffic noise due location peak hours affect overall charm hotel
106,English,Beijing,Novotel Beijing Peace,The location of Novotel Beijing Peace is commendable. It is in close proximity to the subway and shopping district. The lobby staff were welcoming and tried to help in any way they could.,"The hotel experience was less than satisfactory. The rooms were drab, poorly lit and not properly cleaned. The in-room amenities were severely lacking – the WiFi connectivity was poor, and the television had very limited English channels. Furthermore, communication with the majority of staff was quite challenging due to barriers in language. The dining options in the hotel were not satisfactory - the food was bland and undercooked. The price was not reflective of both the service and the accommodations provided.",3.0,NEG,1,English(Chinese),False,False,location novotel beijing peace commendable close proximity subway shopping district lobby staff welcoming tried help way could hotel experience less satisfactory rooms drab poorly lit properly cleaned room amenities severely lacking wifi connectivity poor television limited english channels furthermore communication majority staff quite challenging due barriers language dining options hotel satisfactory food bland undercooked price reflective service accommodations provided
37,English,Ankara,The Green Park Ankara,The lobby was beautifully designed.,"The room was extremely outdated with an uncomfortable bed, the customer service was unresponsive, and the amenities promised were not as they claimed.",2.0,NEG,1,Chinese,False,False,lobby beautifully designed room extremely outdated uncomfortable bed customer service unresponsive amenities promised claimed
542,English,New Delhi,The Prime Delhi,"The location is central and easy to access, making travel around the city a breeze. The rooms are clean, well-maintained, and comfortable - a nice retreat after a day out exploring. Staff are warm, welcoming, and ready to cater to every need with a smile. They truly make the stay special. Dining at the in-house restaurant is also a delight, with a diverse menu and tasty dishes.","A minor point - the noise from the street can sometimes carry into the rooms, but this is understandable being located in a busy city.",8.0,POS,1,English(Italian),False,False,location central easy access making travel around city breeze rooms clean well maintained comfortable nice retreat day exploring staff warm welcoming ready cater every need smile truly make stay special dining house restaurant also delight diverse menu tasty dishes minor point noise street sometimes carry rooms understandable located busy city
882,English,Seoul,Hotel Skypark Dongdaemun I,Location was great.,Beds were made but seemed to be same sheets and comforters.,9.0,POS,0,,False,False,location great beds made seemed sheets comforters
921,English,Washington,Hilton Garden Inn Washington DC Downtown,"location: right across from the silver line stop at McPherson square. Room was well appointed. Coffee machine, iron and ironing board, etc.",,9.0,POS,0,,False,True,location right across silver line stop mcpherson square room well appointed coffee machine iron ironing board etc
398,English,Bucharest,The Embassy Nord,The room had everything promised and it was near the train station.,"There were 2 cockroaches in our room! One in bathroom and other in bedroom, hopefully it was just the two. As the room seemed clean in general, it's hard to comprehend why the hotel doesn't pay any attention to such things, cockroaches are common in Romania but they should have used some repellents! In addition, the check in and check out is automated so there is no person in reception, so even if there were kore cockroaches and we would need to change a room, we would have no one to ask.",5.0,NEG,0,,False,False,room everything promised near train station 2 cockroaches room one bathroom bedroom hopefully two room seemed clean general hard comprehend hotel pay attention things cockroaches common romania used repellents addition check check automated person reception even kore cockroaches would need change room would one ask
123,English,Beijing,The Great Wall Hotel Beijing,"The hotel is conveniently located in the heart of Beijing, in close proximity to major attractions and business districts. Rooms are spacious and tastefully decorated, with all the modern amenities that one could need. The staff was incredibly helpful and the service was top-notch. The on-site restaurants offer a variety of cuisines that cater to all taste buds. A very enjoyable stay!",,10.0,POS,1,English(German),False,True,hotel conveniently located heart beijing close proximity major attractions business districts rooms spacious tastefully decorated modern amenities one could need staff incredibly helpful service top notch site restaurants offer variety cuisines cater taste buds enjoyable stay
34,English,Ankara,The Green Park Ankara,The location of the hotel is good. There are many restaurants around the area and Migros was a few minutes away from the hotel. The room was spacious and clean. I stayed on the 17th floor and had really good views of the city.,The staff were not fluent in English but they were welcoming and helpful. The wifi was not strong.,9.0,POS,0,,False,False,location hotel good many restaurants around area migros minutes away hotel room spacious clean stayed 17th floor really good views city staff fluent english welcoming helpful wifi strong
984,English,Washington,Hilton Washington DC Capitol Hill,It is a great location and the restaurant food was very good.,The hotel is undergoing remodeling.,9.0,POS,0,,False,False,great location restaurant food good hotel undergoing remodeling
801,English,Seoul,Hotel Skypark Central Myeongdong,The property is in the best location in Seoul. It’s right next to a metro station for the tourist attractions and is set in the bustling neighbourhood of Myeondong so is perfect for late evening strolls to take in some culture and shopping.,,9.0,POS,0,,False,True,property best location seoul right next metro station tourist attractions set bustling neighbourhood myeondong perfect late evening strolls take culture shopping
608,English,Paris,Hotel Eiffel Seine,"The Hotel Eiffel Seine is in a prime location, right in the heart of Paris with easy access to local attractions and amenities.","However, the overall cleanliness of the hotel was quite disappointing. Our room wasn't cleaned properly, there were stains on the carpet and the linens, and the general atmosphere was one of neglect. Additionally, the staff didn't seem particularly engaged or eager to assist guests. The cost of the hotel didn't match the quality that was offered.",2.0,NEG,1,French,False,False,hotel eiffel seine prime location right heart paris easy access local attractions amenities however overall cleanliness hotel quite disappointing room cleaned properly stains carpet linens general atmosphere one neglect additionally staff seem particularly engaged eager assist guests cost hotel match quality offered
336,English,Bucharest,Upstairs Boutique,The location of the hotel was quite central which made sightseeing easier.,"The room was extremely small, barely any room to move around. The staff was not very helpful and had a dismissive attitude. The noise level in the hotel was also very high, which made it difficult to get a good night's sleep. Moreover, the breakfast options were limited and not very appetizing.",2.0,NEG,1,German,False,False,location hotel quite central made sightseeing easier room extremely small barely room move around staff helpful dismissive attitude noise level hotel also high made difficult get good night sleep moreover breakfast options limited appetizing
833,English,Seoul,Imperial Palace Boutique Hotel,"Comfortable room, especially bathroom. Charger for devices is provided. Close to many attractions- Leeum Museum of Art.",Very limited level of English. Eggslut- very expensive and not tasty restaurant- bakeries around are much better choice for breakfast,9.0,POS,0,,False,False,comfortable room especially bathroom charger devices provided close many attractions leeum museum art limited level english eggslut expensive tasty restaurant bakeries around much better choice breakfast
947,English,Washington,Courtyard by Marriott Washington Downtown/Convention Center,It was okay,"The bed was way too soft and caved in the middle so we couldn't sleep well. This was true for both beds in our twin room. The WiFi only worked on one phone and nobody elses. I reported this to the front desk, they said they'd send someone. I waited in on Friday night for 2 hours, the person never arrived. Not professional",4.0,NEG,0,,False,False,okay bed way soft caved middle sleep well true beds twin room wifi worked one phone nobody elses reported front desk said send someone waited friday night 2 hours person never arrived professional
408,English,Madrid,Pestana CR7 Gran Vía Madrid,location,staff was inexperienced and unpleasant. Shocking enough one of the rooms was so small that the bed was “placed” between three walls. Strongly recommend the advertisement is replaced and pictures are loyal to the actual space.,4.0,NEG,0,,False,False,location staff inexperienced unpleasant shocking enough one rooms small bed placed three walls strongly recommend advertisement replaced pictures loyal actual space
252,English,Berlin,Ballhaus Berlin Hostel,This hostel holds a charming old world aura with modern amenities. Great location with attentive staff.,,8.0,POS,1,English(Romanian),False,True,hostel holds charming old world aura modern amenities great location attentive staff
372,English,Bucharest,Tomis Garden Aparthotel Bucuresti,The accommodation is very nice with a beautifully decorated room and lobby area.,Our window view were towards a construction site.,10.0,POS,0,,False,False,accommodation nice beautifully decorated room lobby area window view towards construction site
992,English,Washington,Beacon Hotel & Corporate Quarters,The hotel is centrally located with easy access to many of DC's attractions. The rooms were quite spacious and comfortable.,"The in-room dining options could have been more. Also, the Wi-Fi connection was patchy at times.",8.0,POS,1,French,False,False,hotel centrally located easy access many dc attractions rooms quite spacious comfortable room dining options could also wi fi connection patchy times
616,English,Paris,Motel One Paris-Porte Dorée,The hotel staff were polite and there's easy access to public transportation.,"My experience at the Motel One Paris-Porte Dorée was less than favorable. The room was rather small and cramped, and the noise from the outside roads was quite disturbing, making it difficult to sleep. The breakfast was lackluster, not offering the variety I've seen at other hotels at a similar price point. The daily housekeeping was inconsistent in terms of bringing fresh towels and refilling amenities. Sadly, the WiFi was so slow it barely worked. I think there are better options for the cost in this city.",4.0,NEG,1,Russian,False,False,hotel staff polite easy access public transportation experience motel one paris porte dorée less favorable room rather small cramped noise outside roads quite disturbing making difficult sleep breakfast lackluster offering variety seen hotels similar price point daily housekeeping inconsistent terms bringing fresh towels refilling amenities sadly wifi slow barely worked think better options cost city
592,English,New Delhi,Bloomrooms @ New Delhi Railway Station,"Convenient location, neat and clean rooms, friendly staff",Nothing significant to report,8.0,POS,1,Turkish,False,False,convenient location neat clean rooms friendly staff nothing significant report
484,English,Madrid,Hotel Avenida Gran Vía,The receptionist was super nice. The location was ideal and the bed was super comfortable.,,9.0,POS,0,,False,True,receptionist super nice location ideal bed super comfortable
488,English,Madrid,Hotel Avenida Gran Vía,The location was amazing as it was close to city center and accessible to public transportation. The staff at the front desk were quite friendly and tried their best to assist.,"The hotel was very noisy, with thin walls and it was hardly possible to have a good night sleep. The room was very small, the climate control system was not satisfactory and it was stuffy in the room. The cleanliness in the bathroom was questionable. As for the price, I think it is overrated compared to the facilities and service provided.",3.0,NEG,1,German,False,False,location amazing close city center accessible public transportation staff front desk quite friendly tried best assist hotel noisy thin walls hardly possible good night sleep room small climate control system satisfactory stuffy room cleanliness bathroom questionable price think overrated compared facilities service provided
375,English,Bucharest,Tomis Garden Aparthotel Bucuresti,"1. The location of the hotel is quite convenient.
2. The rooms are reasonably sized.
3. Some members of the staff were friendly and cooperative.","1. The rooms were not cleaned regularly.
2. The bathroom fixtures were outdated and not properly maintained.
3. The breakfast offered was very basic, with not much variation from day to day.
4. The WiFi connection in the rooms was inconsistent and often extremely slow.",4.0,NEG,1,Spanish,False,False,1 location hotel quite convenient 2 rooms reasonably sized 3 members staff friendly cooperative 1 rooms cleaned regularly 2 bathroom fixtures outdated properly maintained 3 breakfast offered basic much variation day day 4 wifi connection rooms inconsistent often extremely slow
664,English,Paris,citizenM Paris Champs-Élysées,"What a wonderful experience we had! I must commend the staff at CitizenM Paris Champs-Élysées - they're so polite and accommodating. The rooms are uniquely designed and efficiently use all the available space. Also, the location of the hotel couldn't be better - it's just a short stroll away from the iconic Champs-Élysées and the Arc de Triomphe.","Only downside was the pricey breakfast. For the rates charged, we expected more variety and choices.",8.0,POS,1,German,False,False,wonderful experience must commend staff citizenm paris champs élysées polite accommodating rooms uniquely designed efficiently use available space also location hotel better short stroll away iconic champs élysées arc de triomphe downside pricey breakfast rates charged expected variety choices
348,English,Bucharest,"Central Hotel, Trademark Collection by Wyndham",Centrally located,"Mattresses were too hard and uncomfortable, also the wifi was erratic and kept on dropping",2.0,NEG,1,English(Spanish),False,False,centrally located mattresses hard uncomfortable also wifi erratic kept dropping
194,English,Beijing,New World Beijing Hotel,"The New World Beijing Hotel is stunning. It's exceptionally clean, tastefully decorated, and the staff is beyond accommodating. It has a strategic location close to major Beijing attractions. The breakfast spread is a culinary delight with a diverse selection of delicious Eastern and Western foods.","The only small complaint was our room was a bit small and dark, but it was more than compensated for by the comfortable bed and sleek bathroom.",8.0,POS,1,English(Chinese),False,False,new world beijing hotel stunning exceptionally clean tastefully decorated staff beyond accommodating strategic location close major beijing attractions breakfast spread culinary delight diverse selection delicious eastern western foods small complaint room bit small dark compensated comfortable bed sleek bathroom
318,English,Bucharest,"The Marmorosch Bucharest, Autograph Collection","I love the location, clean","While checking out of the hotel the lady at the front desk did not provide the correct excess on purpose.
When my wife pointed this out to her, her face was filled with rage and she laughed with the Romanian colleague
Luckily my wife speaks the language and is a local. We travel regularly in Romania. Because of this disdain for the customer we will not return.
thanks.",3.0,NEG,0,,False,False,love location clean checking hotel lady front desk provide correct excess purpose wife pointed face filled rage laughed romanian colleague luckily wife speaks language local travel regularly romania disdain customer return thanks
968,English,Washington,Hamilton Hotel - Washington DC,The primary plus for this hotel is its location,"It has a serious maintenance problem and needs a major refurbishment. Our room was dusty and fairly old. The service at the reception could also use some improvement, as we were given little help during check-in.",5.0,NEG,1,English(Italian),False,False,primary plus hotel location serious maintenance problem needs major refurbishment room dusty fairly old service reception could also use improvement given little help check
102,English,Beijing,Novotel Beijing Peace,"Fantastic stay at the Novotel Beijing Peace. The rooms were spacious and very clean, and the staff were super friendly and helpful. The location is superb, in the heart of the city, making access to major attractions a breeze. I particularly enjoyed the breakfast with a broad selection to cater to all tastes.","The only small issue would be the limited English channels on the TV, but honestly, with so much to see and do in Beijing, we barely turned it on.",9.0,POS,1,English(French),False,False,fantastic stay novotel beijing peace rooms spacious clean staff super friendly helpful location superb heart city making access major attractions breeze particularly enjoyed breakfast broad selection cater tastes small issue would limited english channels tv honestly much see beijing barely turned
649,English,Paris,Hôtel Lodge In Paris 13,Polite and friendly staff,"Room was a little dated and could be cleaner. The bathroom had some mildew in the corners, and there wasn't enough light in the room",4.0,NEG,1,Turkish,False,False,polite friendly staff room little dated could cleaner bathroom mildew corners enough light room
866,English,Seoul,Stay Hotel Gangnam,staff was not helpful,front desk staff,3.0,NEG,0,,False,False,staff helpful front desk staff
59,English,Ankara,Esila Hotel,"The location was good, close to metro.","The guy in the reception was not cool or helpful. He was rude and unhappy with us. Moreover, the room was not that clean, it had a weird smell.",4.0,NEG,0,,False,False,location good close metro guy reception cool helpful rude unhappy us moreover room clean weird smell
993,English,Washington,Beacon Hotel & Corporate Quarters,"The Beacon Hotel provided a fantastic stay - the location is perfect for sightseeing, the staff were always friendly and helpful, and our room was comfortable and clean. The fitness center was also a bonus!","The in-room coffee could be improved and the bathrooms could be updated, but overall these were minor issues in an otherwise great stay.",8.0,POS,1,English(French),False,False,beacon hotel provided fantastic stay location perfect sightseeing staff always friendly helpful room comfortable clean fitness center also bonus room coffee could improved bathrooms could updated overall minor issues otherwise great stay
949,English,Washington,Courtyard by Marriott Washington Downtown/Convention Center,"good rooms, clean","very poor breakfast, if you choose this hotel you will wait you breakfast 1 hour or more and as a result you will get poor breakfast!!! restaurant staff service very slow and not professional. my kids were hungry. no fruits, no cheese, poor limit of foods, the first time I want to change hotel in first day of our stay, the locations not so perfect, you need spend 30 min to get to the attractions.",3.0,NEG,0,,False,False,good rooms clean poor breakfast choose hotel wait breakfast 1 hour result get poor breakfast restaurant staff service slow professional kids hungry fruits cheese poor limit foods first time want change hotel first day stay locations perfect need spend 30 min get attractions
724,English,Rome,Hotel 87 eighty-seven - Maison d'Art Collection,"The location of Hotel 87 eighty-seven is brilliant - just a few minutes' walk from some of Rome's major attractions. The staff were particularly helpful and friendly. Further, the rooms are clean and air-conditioned, and the rooftop bar offers an excellent view of the city.",Gym facilities could be improved.,8.0,POS,1,Italian,False,False,location hotel 87 eighty seven brilliant minutes walk rome major attractions staff particularly helpful friendly rooms clean air conditioned rooftop bar offers excellent view city gym facilities could improved
479,English,Madrid,Emperador,Rooftop bar and pool,"When we arrived at reception the female staff member was very unfriendly and unhelpful, ruined our stay actually.",4.0,NEG,0,,False,False,rooftop bar pool arrived reception female staff member unfriendly unhelpful ruined stay actually
996,English,Washington,Beacon Hotel & Corporate Quarters,The location is ideal for exploring the city with several main attractions within walking distance.,The room was cramped and the furniture was quite worn. The hotel also didn't offer any parking service and the internet connection was poor and unreliable throughout my stay.,4.0,NEG,1,English(Italian),False,False,location ideal exploring city several main attractions within walking distance room cramped furniture quite worn hotel also offer parking service internet connection poor unreliable throughout stay
659,English,Paris,Hotel Mimosa Paris,location. many restaurants and bars just outside.,it was too minimal for what we paid for it. bathroom didn’t feel very clean. one of the lights flickered. no lift.,3.0,NEG,0,,False,False,location many restaurants bars outside minimal paid bathroom feel clean one lights flickered lift
684,English,Paris,Courtyard by Marriott Paris Gare de Lyon,"Proximity to the train station, fine dining, and helpful staff.",Somewhat noisy due to close location to the train station.,8.0,POS,1,English(Turkish),False,False,proximity train station fine dining helpful staff somewhat noisy due close location train station
61,English,Ankara,Inn 14 Hostel,"the terace had amazing view and the staff were really helpful, they let me in the common rooms earlier than the check in time and they let me stay in the common rooms after I checked out the room. They also looked after my baggage :) 
the location is the best location in Ankara. safe and easy to get around :)","Im not sure if it was clean enough 🙈
I especially didnt like the bathroom and toilets (I mean it was not Too dirty but facility-vise the bathroom and toilets could be better! also the rooms floor was not too clean …",9.0,POS,0,,False,False,terace amazing view staff really helpful let common rooms earlier check time let stay common rooms checked room also looked baggage location best location ankara safe easy get around im sure clean enough especially didnt like bathroom toilets mean dirty facility vise bathroom toilets could better also rooms floor clean
403,English,Madrid,Pestana CR7 Gran Vía Madrid,"The hotel’s location is central and convenient, the staff are friendly, and the rooftop bar has an amazing view. I also appreciated the thoughtfully designed rooms.",None.,10.0,POS,1,Turkish,False,False,hotel location central convenient staff friendly rooftop bar amazing view also appreciated thoughtfully designed rooms none
300,English,Bucharest,Moxy Bucharest Old Town,"Situated in the heart of the old town, Moxy Bucharest Old Town provides a fantastic base to explore the city. The staff were extremely friendly and helpful, and the rooms were modern, clean, and comfortable. The included breakfast contained a wide variety of options, and the hotel's bar was an excellent place to unwind after a long day of sightseeing.",,9.0,POS,1,English(German),False,True,situated heart old town moxy bucharest old town provides fantastic base explore city staff extremely friendly helpful rooms modern clean comfortable included breakfast contained wide variety options hotel bar excellent place unwind long day sightseeing
355,English,Bucharest,Vitan ApartHotel,Ease of check-in was a plus.,"The apartment was not well equipped. Shortage of plates and bowls and lack of utensils. Plus, Wifi signal strength is so poor, seems like there is no internet at all. The location is off from centre and no shops are around for urgent needs. Made comfort and accessibility a major concern.",3.0,NEG,1,Romanian,False,False,ease check plus apartment well equipped shortage plates bowls lack utensils plus wifi signal strength poor seems like internet location centre shops around urgent needs made comfort accessibility major concern
299,English,Berlin,Generator Berlin Mitte,"Modern decor, centrally located","Very noisy, lack of air conditioning, uncomfortable bed.",4.0,NEG,1,Italian,False,False,modern decor centrally located noisy lack air conditioning uncomfortable bed
745,English,Rome,The Spanish Suite Campo de' Fiori,The location is fairly central and there are lots of restaurants and historical sites nearby.,"The rooms are tiny with practically no space to move. The lack of natural light gives the room a depressing feel. The soundproofing was also inadequate; every sound from the corridor and neighboring rooms was audible. The Wi-Fi, although free, was unreliable and kept disconnecting.",4.0,NEG,1,Turkish,False,False,location fairly central lots restaurants historical sites nearby rooms tiny practically space move lack natural light gives room depressing feel soundproofing also inadequate every sound corridor neighboring rooms audible wi fi although free unreliable kept disconnecting
546,English,New Delhi,The Prime Delhi,Breakfast was good,"Cleaning: we found a pair of slip in the toilet, and they then put them in our backpack when we were out.
Organisation: we had to change room during the second night",4.0,NEG,0,,False,False,breakfast good cleaning found pair slip toilet put backpack organisation change room second night
931,English,Washington,State Plaza Hotel,Super clean and super friendly and informative staff!,,10.0,POS,0,,False,True,super clean super friendly informative staff
402,English,Madrid,Pestana CR7 Gran Vía Madrid,"The location was fantastic. The AC worked well, and the bed was comfortable.",,10.0,POS,0,,False,True,location fantastic ac worked well bed comfortable
188,English,Beijing,Peking Youth Hostel,"Location was brilliant, and the cafe was very nice.","The airconditioning did not work very well in my room and it was +40 degrees. And the shared bathroom could often be blocked. 
Lastly, the receptionists, although helpful, could not speak any english- which is fine but inconvenient especially as the hostel is a place for international travellers",6.0,NEG,0,,False,False,location brilliant cafe nice airconditioning work well room 40 degrees shared bathroom could often blocked lastly receptionists although helpful could speak english fine inconvenient especially hostel place international travellers
340,English,Bucharest,"Central Hotel, Trademark Collection by Wyndham","The hotel staff were incredibly accommodating and friendly. The location of the Central Hotel was excellent, close to many of the city's attractions. The rooms were clean and comfortable, providing a good night's sleep.","The breakfast selection could use more variety, and the WiFi had a tendency to drop out intermittently.",8.0,POS,1,English(Korean),False,False,hotel staff incredibly accommodating friendly location central hotel excellent close many city attractions rooms clean comfortable providing good night sleep breakfast selection could use variety wifi tendency drop intermittently
502,English,New Delhi,Hotel Krishna Deluxe-By RCG Hotels,"Lovely accommodation and pleasant staff, really enjoyed the Indian breakfast offered.",The area around the hotel was somewhat crowded and noisy.,8.0,POS,1,German,False,False,lovely accommodation pleasant staff really enjoyed indian breakfast offered area around hotel somewhat crowded noisy
84,English,Ankara,ibis Ankara Airport Hotel,"Easy access to the airport, perfect for early flights. Staff were amicable and always ready to assist. The rooms were clean, comfortable and had everything we needed for a comfortable stay.","The restaurant menu could be a bit more varied, but this was a minor issue considering the overall excellent service.",8.0,POS,1,English(Romanian),False,False,easy access airport perfect early flights staff amicable always ready assist rooms clean comfortable everything needed comfortable stay restaurant menu could bit varied minor issue considering overall excellent service
25,English,Ankara,New Park Hotel,"+The location 
+The breakfast","-The cleaners were rather weird: they threw away our sleepers and shower gel every day
-The receptionists didn’t speak English at all: when we called them and asked to bring the sleepers, they didn’t understand the word until we translated it to Turkish (it was twice) 
-There was a terrible blockage in the sink, we asked the receptionists to fix it, but when we came back to our room, nothing changed 
-Very strong smell of sewage from the bathroom",4.0,NEG,0,,False,False,location breakfast cleaners rather weird threw away sleepers shower gel every day receptionists speak english called asked bring sleepers understand word translated turkish twice terrible blockage sink asked receptionists fix came back room nothing changed strong smell sewage bathroom
646,English,Paris,Hôtel Lodge In Paris 13,"Its location in the heart of Paris was convenient. It was within reasonable distance from several tourist spots, making travel arrangements relatively simple.","Unfortunately, the overall experience was less than enjoyable. The rooms were poorly maintained, with the wallpaper peeling in places and an incessant damp smell. The hotel staff exhibited a lack of professionalism, seeming indifferent to our concerns and needs. The amenities offered were also far below what one would expect from a hotel of this category - the wifi was erratic, and the breakfast spread was meagre and lacked variety.",2.0,NEG,1,English(Korean),False,False,location heart paris convenient within reasonable distance several tourist spots making travel arrangements relatively simple unfortunately overall experience less enjoyable rooms poorly maintained wallpaper peeling places incessant damp smell hotel staff exhibited lack professionalism seeming indifferent concerns needs amenities offered also far one would expect hotel category wifi erratic breakfast spread meagre lacked variety
14,English,Ankara,Hotel Cinnah,"The hotel location was fantastic, within walking distance to major attractions and public transport. The room was immaculate with daily cleaning. The staff was always ready with a smile and very helpful in helping us navigate the city. The breakfast spread was also bountiful and delicious!","I enjoyed everything about this hotel, only downside was the noise from the traffic at night but it didn't affect our overall enjoyment of the hotel.",8.0,POS,1,English(Romanian),False,False,hotel location fantastic within walking distance major attractions public transport room immaculate daily cleaning staff always ready smile helpful helping us navigate city breakfast spread also bountiful delicious enjoyed everything hotel downside noise traffic night affect overall enjoyment hotel
902,English,Washington,Generator Hotel Washington DC,"Nice location, friendly staff, very clean and comfortable! Excellent value for money.",Limited food menu for in-room dining.,8.0,POS,1,English(Russian),False,False,nice location friendly staff clean comfortable excellent value money limited food menu room dining
483,English,Madrid,Hotel Avenida Gran Vía,"There's no denying how central Hotel Avenida Gran Vía is - steps away from major attractions and shopping streets. The rooms had a charming, European feel, and were kept spotlessly clean during my stay. The staff were polite, efficient and seemed genuinely committed to ensuring guest comfort.","Wifi signal was not very strong at times, however, it was not a major issue. For the location and service, I believe it's a small drawback.",8.0,POS,1,English(Italian),False,False,denying central hotel avenida gran vía steps away major attractions shopping streets rooms charming european feel kept spotlessly clean stay staff polite efficient seemed genuinely committed ensuring guest comfort wifi signal strong times however major issue location service believe small drawback
248,English,Berlin,Ibis budget Berlin Potsdamer Platz,The location was very good. Close to the event hall and to a lidl and multiple bus and sbahn stations.,Toilette was broke and the water was spilling onto the floor. Only got a replacement after the second time of asking.,4.0,NEG,0,,False,False,location good close event hall lidl multiple bus sbahn stations toilette broke water spilling onto floor got replacement second time asking
261,English,Berlin,Hotel Vivaldi Berlin am Kurfürstendamm,"Conveniently located next to the Ku'damm, the main shopping street in Berlin, Hotel Vivaldi offers clean and comfortable rooms. Staff was courteous and ready to help with any requests.",,9.0,POS,1,English(Turkish),False,True,conveniently located next ku damm main shopping street berlin hotel vivaldi offers clean comfortable rooms staff courteous ready help requests
379,English,Bucharest,Tomis Garden Aparthotel Bucuresti,The hotel's location is convenient and the view was nice.,"The room was dusty, seemed like it was not cleaned well. The bathroom was outdated, it needs renovation. Customer service was not up to par, the staff was not very friendly or helpful. There was a lot of noise in the hallways at night which made sleeping difficult.",4.0,NEG,1,Italian,False,False,hotel location convenient view nice room dusty seemed like cleaned well bathroom outdated needs renovation customer service par staff friendly helpful lot noise hallways night made sleeping difficult
311,English,Bucharest,"The Marmorosch Bucharest, Autograph Collection","A stunning property . The refurbishment of such an impressive building , with so much respect for original features - it is exactly as I needed it to be ! I felt like a queen","The foreigner staff at the bar of the hotel is very rude and disrespectful , she would have been let go if she worked in the country where I live . Hopefully next time I will meet a better staff !",10.0,POS,0,,False,False,stunning property refurbishment impressive building much respect original features exactly needed felt like queen foreigner staff bar hotel rude disrespectful would let go worked country live hopefully next time meet better staff
333,English,Bucharest,Upstairs Boutique,"The Upstairs Boutique was a charming place to stay. The room was spacious and clean with a comfortable bed. The location was perfect too, easy to explore Bucharest from here. Plus, the staff was very helpful and friendly.",The only downside was that the breakfast variety could be slightly improved.,8.0,POS,1,Russian,False,False,upstairs boutique charming place stay room spacious clean comfortable bed location perfect easy explore bucharest plus staff helpful friendly downside breakfast variety could slightly improved
158,English,Beijing,Grand Millennium Beijing,Conveniently located,"Lack of English speaking staff, outdated rooms, poor WiFi connection",3.0,NEG,1,Turkish,False,False,conveniently located lack english speaking staff outdated rooms poor wifi connection
411,English,Madrid,Riu Plaza España,"The Riu Plaza España is a wonderful hotel that boasts a central location, making it an ideal base for exploring Madrid. The rooms are nicely done, spacious and very comfortable. Staff were always helpful and provided excellent service. The cuisine variety in their restaurant was impressive and all dishes were delicious.","The only downside was the occasional queue for the lifts during peak hours, but this minor inconvenience hardly affected my overall experience.",9.0,POS,1,English(German),False,False,riu plaza españa wonderful hotel boasts central location making ideal base exploring madrid rooms nicely done spacious comfortable staff always helpful provided excellent service cuisine variety restaurant impressive dishes delicious downside occasional queue lifts peak hours minor inconvenience hardly affected overall experience
106,English,Beijing,Novotel Beijing Peace,Location very good. Very near the shopping centre.,Toilet water heather is bad. Toilet no water heater and wait for 15 mins . Still no hot water. Finally have to changed the room . After changed the room the toilet shower head is leaking . Air cond is no cool. Very bad . I check out on 20/7 9pm. They still charge me full day . Request to paid half day. But they still not allowed,4.0,NEG,0,,False,False,location good near shopping centre toilet water heather bad toilet water heater wait 15 mins still hot water finally changed room changed room toilet shower head leaking air cond cool bad check 20 7 9pm still charge full day request paid half day still allowed
810,English,Seoul,Hamilton Hotel,"Centrally located in Itaewon, the Hamilton Hotel is a bustling hub of activity and an ideal landing spot for first-time visitors to Seoul. The proximity to the subway station and the bevy of local restaurants and shops make exploring the city easy and convenient. The rooftop pool offers a phenomenal vista of the city sky-line, providing relaxation amidst the city rush. Moreover, the cleanliness and modern amenities within the rooms themselves offers a comfortable abode after a day spent out exploring.","The hotel can feel busy at times due to its popularity. However, staff always handle the influx of guests proficiently.",8.0,POS,1,English(French),False,False,centrally located itaewon hamilton hotel bustling hub activity ideal landing spot first time visitors seoul proximity subway station bevy local restaurants shops make exploring city easy convenient rooftop pool offers phenomenal vista city sky line providing relaxation amidst city rush moreover cleanliness modern amenities within rooms offers comfortable abode day spent exploring hotel feel busy times due popularity however staff always handle influx guests proficiently
81,English,Ankara,ibis Ankara Airport Hotel,Good place for a break during a long travel,,9.0,POS,0,,False,True,good place break long travel
481,English,Madrid,Hotel Avenida Gran Vía,"The Hotel Avenida Gran Vía in Madrid offered a truly delightful stay. The location was incredibly convenient, located right in the heart of the city. The room was clean and comfortable, providing a great place to rest after a long day exploring Madrid. The hotel's staff were friendly and always willing to assist in making our stay even better.",,8.0,POS,1,English(Italian),False,True,hotel avenida gran vía madrid offered truly delightful stay location incredibly convenient located right heart city room clean comfortable providing great place rest long day exploring madrid hotel staff friendly always willing assist making stay even better
92,English,Ankara,Raymar Hotels Ankara,"I liked that the staff was really helpful and nice. Great location, clean and value for money",,9.0,POS,0,,False,True,liked staff really helpful nice great location clean value money
282,English,Berlin,Estrel Berlin,The hotel's conference centre and location are outstanding.,Some rooms need a bit of a refurbishment.,8.0,POS,1,Turkish,False,False,hotel conference centre location outstanding rooms need bit refurbishment
473,English,Madrid,Emperador,"The location 
The cleanness 
Very quiet and spacious room
Super international hotel 
Easy access to anything
The staff 
The super pool 
The breakfast",Nothing,10.0,POS,0,,False,False,location cleanness quiet spacious room super international hotel easy access anything staff super pool breakfast nothing
132,English,Beijing,"Holiday Inn Express Beijing Temple of Heaven, an IHG Hotel","The Holiday Inn Express in Beijing was top notch! Comfortable beds, clean and modern rooms, and the breakfast spread had a variety of Western and Chinese options. It was conveniently located to the Temple of Heaven and within easy access to public transportation.",The only issue was the language barrier with some staff but they always tried their best to assist.,8.0,POS,1,Romanian,False,False,holiday inn express beijing top notch comfortable beds clean modern rooms breakfast spread variety western chinese options conveniently located temple heaven within easy access public transportation issue language barrier staff always tried best assist
389,English,Bucharest,AT Central Apartments,"The location of the AT Central Apartments was quite convenient, placing me in the heart of Bucharest.","Unfortunately, the overall experience was lacking. The rooms were fairly underwhelming and lacked a homely feel. The bedding was uncomfortable and the provided kitchen utilities were subpar at best. My room was not properly cleaned upon arrival and it made the entire stay uncomfortable. The customer service was unsatisfactory, with my complaints seemingly falling on deaf ears.",3.0,NEG,1,Russian,False,False,location central apartments quite convenient placing heart bucharest unfortunately overall experience lacking rooms fairly underwhelming lacked homely feel bedding uncomfortable provided kitchen utilities subpar best room properly cleaned upon arrival made entire stay uncomfortable customer service unsatisfactory complaints seemingly falling deaf ears
288,English,Berlin,Estrel Berlin,Ideal location for travel convenience.,The rooms are very outdated and not clean. The TV was not working. Wifi connection was poor and the breakfast was subpar for the price.,2.0,NEG,1,English(Korean),False,False,ideal location travel convenience rooms outdated clean tv working wifi connection poor breakfast subpar price
498,English,Madrid,Generator Madrid,Centrally located with good amenities.,"Front desk staff seemed disinterested and were not very helpful. The rooms were poorly cleaned - there was dust and hair in various places. The noise from the bar downstairs was unbearable at night, making it very difficult to get a good night's sleep.",3.0,NEG,1,Russian,False,False,centrally located good amenities front desk staff seemed disinterested helpful rooms poorly cleaned dust hair various places noise bar downstairs unbearable night making difficult get good night sleep
412,English,Madrid,Riu Plaza España,The location was fantastic and the access to the roof top bar and priority to staff was really unquestionable.,"The pool is a bit small but the idea is excellent. I think having the bar the otherside with music and sun loungers would be a really good idea, you could even have a smaller splash area for younger kids to use the space a bit better",10.0,POS,0,,False,False,location fantastic access roof top bar priority staff really unquestionable pool bit small idea excellent think bar otherside music sun loungers would really good idea could even smaller splash area younger kids use space bit better
269,English,Berlin,Hotel Vivaldi Berlin am Kurfürstendamm,Easy access to public transport links,"Insufficient heating in the room, had to sleep with my coat. The staff were also not particularly friendly or helpful.",3.0,NEG,1,English(Korean),False,False,easy access public transport links insufficient heating room sleep coat staff also particularly friendly helpful
43,English,Ankara,Grand Mercure Ankara,Everything is great,At midnight we couldn’t sleep due to loud music coming from restaurants beside the hotel.,9.0,POS,0,,False,False,everything great midnight sleep due loud music coming restaurants beside hotel
372,English,Bucharest,Tomis Garden Aparthotel Bucuresti,"Amazing hotel with spacious rooms and great amenities. The staff were exceptionally helpful, and the central location made exploring the city incredibly easy.",Breakfast was a bit limited and could benefit from more variety.,8.0,POS,1,English(Korean),False,False,amazing hotel spacious rooms great amenities staff exceptionally helpful central location made exploring city incredibly easy breakfast bit limited could benefit variety
183,English,Beijing,Peking Youth Hostel,"Peking Youth Hostel is a wonderful hotel to stay in with a welcoming and warm environment. The location of the Hostel is brilliant, right in the heart of Beijing which made sightseeing very convenient. The Staff were simply amazing, they were always ready to assist, making the stay even more comfortable.","However, it would have benefitted from a more diverse breakfast menu, as it remained somewhat unvaried throughout my stay.",8.0,POS,1,English(Turkish),False,False,peking youth hostel wonderful hotel stay welcoming warm environment location hostel brilliant right heart beijing made sightseeing convenient staff simply amazing always ready assist making stay even comfortable however would benefitted diverse breakfast menu remained somewhat unvaried throughout stay
845,English,Seoul,LOTTE City Hotel Myeongdong,It’s clean,The language barrier and no fitness room and swimming pool and the restaurant has less variety and no international food,4.0,NEG,0,,False,False,clean language barrier fitness room swimming pool restaurant less variety international food
268,English,Berlin,Hotel Vivaldi Berlin am Kurfürstendamm,"The location is good, the facility is very old. Below average experience",,4.0,NEG,0,,False,True,location good facility old average experience
32,English,Ankara,The Green Park Ankara,Loved the spacious and comfortable rooms along with the fantastic view. The hotel was very clean and well maintained.,"The staff could improve their English skills to provide better service for international guests. Ideally, they should have clear instructions in English for the buffet, pool and other facilities.",8.0,POS,1,Turkish,False,False,loved spacious comfortable rooms along fantastic view hotel clean well maintained staff could improve english skills provide better service international guests ideally clear instructions english buffet pool facilities
923,English,Washington,Hilton Garden Inn Washington DC Downtown,"Hilton Garden Inn Washington DC Downtown has been a wonderful experience. The staff was always courteous and quick to assist. The room was very accommodating, equipped with all necessary amenities, and provided a comfortable stay. The locality is great too, nearby major attractions, and easy access to transportation.","There was minor noise from the street during peak hours, however, it didn't affect our stay, and the hotel can't control it. Other than that, our experience was delightful.",8.0,POS,1,Italian,False,False,hilton garden inn washington dc downtown wonderful experience staff always courteous quick assist room accommodating equipped necessary amenities provided comfortable stay locality great nearby major attractions easy access transportation minor noise street peak hours however affect stay hotel control experience delightful
593,English,New Delhi,Bloomrooms @ New Delhi Railway Station,"Bloomrooms has an ideal location, extremely close to the New Delhi railway station. The rooms are modern, clean and comfortable. You can definitely expect great cuisine with a vast variety of choice, and to top it all off, the staff are hospitable and efficient.","I wish they had a swimming pool and a fitness center, but for the price, the amenities offered were superb and more than enough for a comfortable stay.",8.0,POS,1,English(Romanian),False,False,bloomrooms ideal location extremely close new delhi railway station rooms modern clean comfortable definitely expect great cuisine vast variety choice top staff hospitable efficient wish swimming pool fitness center price amenities offered superb enough comfortable stay
723,English,Rome,Hotel 87 eighty-seven - Maison d'Art Collection,"location was excellent, the roof top bar was also great - bar staff were lovely. Bed was comfortable and room was clean. Really good value for money",Nothing.,9.0,POS,0,,False,False,location excellent roof top bar also great bar staff lovely bed comfortable room clean really good value money nothing
846,English,Seoul,LOTTE City Hotel Myeongdong,Location,"Early check in subject to 80,000 won surcharge, no pool, Netflix remote faulty on day 1, TV remote was ‘accidentally’ taken from room by staff and was ‘accused’ of losing it by front desk. Their ‘rethink’ movement is too much as no toothpaste or brushes were provided, you had to buy them, which defeats the purpose of the movement as it seems to be pushing the cost and responsibility to the guests and their rooms are not cheap, even basic toiletries were never topped up throughout our 6 nights stay.",3.0,NEG,0,,False,False,location early check subject 80 000 surcharge pool netflix remote faulty day 1 tv remote accidentally taken room staff accused losing front desk rethink movement much toothpaste brushes provided buy defeats purpose movement seems pushing cost responsibility guests rooms cheap even basic toiletries never topped throughout 6 nights stay
678,English,Paris,Hotel Minerve,,"It was very noisy, felt like staying at a hostel and sharing a room with everyone staying on the same floor. Walls were very thin and you could hear everything..",4.0,NEG,0,,True,False,noisy felt like staying hostel sharing room everyone staying floor walls thin could hear everything
741,English,Rome,The Spanish Suite Campo de' Fiori,"We love the location, room was nice , and comfortable, love to have a safe deposit box.our check inn by an argentinian lady was easy and informative. But overall kind",Didn't like being scolded by Nestor on our Check out for leaving our luggage at 8:10 at their other building ( fifth floor) no elevator working,9.0,POS,0,,False,False,love location room nice comfortable love safe deposit box check inn argentinian lady easy informative overall kind like scolded nestor check leaving luggage 8 10 building fifth floor elevator working
485,English,Madrid,Hotel Avenida Gran Vía,The location was great,"Noise from outside was unbearable. The cleanliness was not up to par, found hair on sheets. The bathroom lacked basic amenities. The breakfast was very minimal and not of good quality.",3.0,NEG,1,Turkish,False,False,location great noise outside unbearable cleanliness par found hair sheets bathroom lacked basic amenities breakfast minimal good quality
594,English,New Delhi,Bloomrooms @ New Delhi Railway Station,The workers were very kind and helpful. The breakfast was delicious. The rooms had everything we needed and the water was hot. We work online and didn’t have any problems with the internet.,"The location wasn’t our favourite, but that’s about what is expected for that price point. For how affordable the place is, we can’t complain",9.0,POS,0,,False,False,workers kind helpful breakfast delicious rooms everything needed water hot work online problems internet location favourite expected price point affordable place complain
741,English,Rome,The Spanish Suite Campo de' Fiori,"I was impressed with the superb location and the charming, thoughtful decor. Staff were attentive and helpful, making the entire stay a pleasure.",Hard to pick faults but the rooms are a tad small.,8.0,POS,1,Turkish,False,False,impressed superb location charming thoughtful decor staff attentive helpful making entire stay pleasure hard pick faults rooms tad small
897,English,Seoul,Hotel Skypark Myeongdong 1,"The location of the Hotel Skypark Myeongdong 1 is unbeatable. Right in the center of the buzzing Myeongdong area, it provides easy access to public transportation and various shopping and dining outlets.","However, the room was quite small and cramped. The cleanliness was an issue and the hotel could use a significant update in terms of facilities and decor. An unexpected annoyance was the constant noise of street vendors and shoppers since it's located in a busy neighborhood. The staff could also do with some customer service training. Our concerns weren't addressed promptly which left us feeling rather neglected during our stay.",4.0,NEG,1,English(Chinese),False,False,location hotel skypark myeongdong 1 unbeatable right center buzzing myeongdong area provides easy access public transportation various shopping dining outlets however room quite small cramped cleanliness issue hotel could use significant update terms facilities decor unexpected annoyance constant noise street vendors shoppers since located busy neighborhood staff could also customer service training concerns addressed promptly left us feeling rather neglected stay
388,English,Bucharest,AT Central Apartments,The location was very good and check in was easy,There is a lot of noise outside this room when the window is open (construction during the day and a rooster that starts crowing at 2am) and the room was too warm to keep the windows closed. There was no air conditioning available. Some of the dishes were also dirty,5.0,NEG,0,,False,False,location good check easy lot noise outside room window open construction day rooster starts crowing 2am room warm keep windows closed air conditioning available dishes also dirty
693,English,Paris,Sofitel Le Scribe Paris Opera,Friendly and helpful staff,,9.0,POS,0,,False,True,friendly helpful staff
460,English,Madrid,Eurostars Casa de la Lírica,An excellent hotel in an excellent location! The rooms were spacious and clean with super comfy beds. The staff were helpful and attentive without being intrusive. The breakfast buffet was a delight with plenty of choice!,Haven't noticed anything substantial.,9.0,POS,1,English(Turkish),False,False,excellent hotel excellent location rooms spacious clean super comfy beds staff helpful attentive without intrusive breakfast buffet delight plenty choice noticed anything substantial
923,English,Washington,Hilton Garden Inn Washington DC Downtown,"Staff,am once and location",Nothing I can think of,9.0,POS,0,,False,False,staff location nothing think
170,English,Beijing,Guo Ji Yi Yuan Hotel,"The hotel is great, comfy, clean and in an excellent location. But I give such an outstanding review mainly because of the helpfulness of the staff. Now in Beijing it is very difficult for tourists without a Chinese sim card to reserve places in tourist attractions or for shows. Entrance to most tourist attractions and sights in Beijing is severely limited. The hotel staff, and especially the manager with the business suit and black tie (I do not remember his name) went out of their way to help me. I am deeply thankful and will recommend this hotel to anyone.","It would be nice to have breakfast and/or restaurant in the hotel. But there are plenty of good eating options outside, especially in that super nice pedestrian street.",10.0,POS,0,,False,False,hotel great comfy clean excellent location give outstanding review mainly helpfulness staff beijing difficult tourists without chinese sim card reserve places tourist attractions shows entrance tourist attractions sights beijing severely limited hotel staff especially manager business suit black tie remember name went way help deeply thankful recommend hotel anyone would nice breakfast restaurant hotel plenty good eating options outside especially super nice pedestrian street
149,English,Beijing,SonGy Hundred-year Courtyard Hotel,"good price, nice location.",there is no such thing as ‘sound insulation’. you can hear everything your neighbors are doing.,6.0,NEG,0,,False,False,good price nice location thing sound insulation hear everything neighbors
441,English,Madrid,Catalonia Gran Vía Madrid,"Great location in the heart of Madrid. Excellent service, lovely room",,8.0,POS,1,French,False,True,great location heart madrid excellent service lovely room
429,English,Madrid,Eurostars Madrid Tower,The hotel has a modern and stylish look.,"My experience at Eurostars Madrid Tower wasn't favorable. The room was not cleaned daily, the water pressure in the bathroom was poor and the WiFi connection was extremely weak, which made communication difficult. Furthermore, the customer service was subpar, with staff members who seemed uninterested in addressing guest concerns.",3.0,NEG,1,English(Korean),False,False,hotel modern stylish look experience eurostars madrid tower favorable room cleaned daily water pressure bathroom poor wifi connection extremely weak made communication difficult furthermore customer service subpar staff members seemed uninterested addressing guest concerns
204,English,Berlin,AMANO East Side,"Very chic hotel with a modern Art Deco inspired interior. The breakfast was fabulous with a wide range of food from different international cuisines. The location was absolutely perfect, with a lot of shops, cafes, bars, and attractions within walking distance!","I wish the windows in the rooms could be opened for fresh air. However, the hotel did have a good AC system.",9.0,POS,1,Romanian,False,False,chic hotel modern art deco inspired interior breakfast fabulous wide range food different international cuisines location absolutely perfect lot shops cafes bars attractions within walking distance wish windows rooms could opened fresh air however hotel good ac system
350,English,Bucharest,Vitan ApartHotel,"Beautiful, spacious, clean room with all necessary amenities. Cozy green place. There is a supermarket nearby with good prices. Nice hotel staff.",,10.0,POS,0,,False,True,beautiful spacious clean room necessary amenities cozy green place supermarket nearby good prices nice hotel staff
342,English,Bucharest,"Central Hotel, Trademark Collection by Wyndham","The hotel location is very central with all major attractions within walking distance. Sleek modern decorations in the room, very vibrant. Staff was extremely helpful and kind. Good value for money.",Breakfast could be improved.,8.0,POS,1,Korean,False,False,hotel location central major attractions within walking distance sleek modern decorations room vibrant staff extremely helpful kind good value money breakfast could improved
566,English,New Delhi,Hotel International Inn - Near Delhi Airport,Nothing,Everything was over charged and didn’t meet the expectations,4.0,NEG,0,,False,False,nothing everything charged meet expectations
516,English,New Delhi,Hotel Opera New Delhi,Liked · The room was very tidy and very well furnished. Everything worked an I the rate was good,"The hotel somehow wrote their own review of themselves and put my name on it. I was upset and disappointed by this and had to call up to edit and leave this review. Beware the location on the booking.com map incorrectly shows this practically walking distance to the the airport but it’s actual location is well outside the airport. Check the address before booking. I also checked before I arrived if I could pay by card, they said yes but when I got there they said the machine was broken and had to pay cash. the room itself was good for the money though.",4.0,NEG,0,,False,False,liked room tidy well furnished everything worked rate good hotel somehow wrote review put name upset disappointed call edit leave review beware location booking com map incorrectly shows practically walking distance airport actual location well outside airport check address booking also checked arrived could pay card said yes got said machine broken pay cash room good money though
404,English,Madrid,Pestana CR7 Gran Vía Madrid,By far the friendliest hotel I’ve ever stayed in. Location is terrific access to all the best places in Madrid. Rooftop bar is a real bonus.,Coming home,10.0,POS,0,,False,False,far friendliest hotel ever stayed location terrific access best places madrid rooftop bar real bonus coming home
574,English,New Delhi,"The Ashok, New Delhi","The Ashok, New Delhi provides comfortable, spacious rooms and excellent service. The staff is courteous and prompt. The breakfast was delicious and offers a variety of choices. Furthermore, with its prime location in the heart of New Delhi, it's quite convenient for sightseeing.","A minor downside was the slightly outdated decor in the rooms. Also, the WiFi could be stronger.",8.0,POS,1,English(Spanish),False,False,ashok new delhi provides comfortable spacious rooms excellent service staff courteous prompt breakfast delicious offers variety choices furthermore prime location heart new delhi quite convenient sightseeing minor downside slightly outdated decor rooms also wifi could stronger
562,English,New Delhi,Hotel International Inn - Near Delhi Airport,Nice experience while short stay. The rooms are good and price are reasonable r its ok because the rooms are well maintained. Behaviour of the staff is quite nice.,,9.0,POS,0,,False,True,nice experience short stay rooms good price reasonable r ok rooms well maintained behaviour staff quite nice
152,English,Beijing,Grand Millennium Beijing,"The moment I set foot in Grand Millennium Beijing, I knew I was in for a treat. The elegance and sophistication of the hotel lobby immediately struck me, and this carried through for the entirety of the stay. The staff are incredibly gracious, always going above and beyond to ensure that your stay is comfortable and enjoyable. The rooms are exquisitely decorated, with a touch of traditional Chinese charm that adds to the overall luxurious feel. The bed was one of the most comfortable I've slept in, and the inclusion of a high-quality espresso machine was a delightful addition to my morning routine. The hotel restaurant is top-notch, serving a variety of international and traditional Chinese dishes, all expertly prepared. For relaxation, the spa and indoor swimming pool facilities are world-class and were a fantastic way to wind down after a long day of exploring Beijing.",The WiFi was a tad slow in my room.,9.0,POS,1,English(French),False,False,moment set foot grand millennium beijing knew treat elegance sophistication hotel lobby immediately struck carried entirety stay staff incredibly gracious always going beyond ensure stay comfortable enjoyable rooms exquisitely decorated touch traditional chinese charm adds overall luxurious feel bed one comfortable slept inclusion high quality espresso machine delightful addition morning routine hotel restaurant top notch serving variety international traditional chinese dishes expertly prepared relaxation spa indoor swimming pool facilities world class fantastic way wind long day exploring beijing wifi tad slow room
485,English,Madrid,Hotel Avenida Gran Vía,Nothing,To noisy !! Walls are to slim so you can hear next room in your ear! Dated!,4.0,NEG,0,,False,False,nothing noisy walls slim hear next room ear dated
38,English,Ankara,The Green Park Ankara,Nothing significant that worth remembering,"I asked for housekeeping staff to come to the room, it took them 2 hours. I was given a room overlooking the highway with traffic noise but I was told the hotel is fully booked while there were other people still to be checked in at the reception. So they were not telling me the truth. The room needed electrical maintenance because the switches were not functioning well.",3.0,NEG,0,,False,False,nothing significant worth remembering asked housekeeping staff come room took 2 hours given room overlooking highway traffic noise told hotel fully booked people still checked reception telling truth room needed electrical maintenance switches functioning well
784,English,Rome,Exe International Palace,The location was excellent- within walking distance to most attractions and Roma termini. The room was clean and well serviced!! Breakfast was definitely value for money!!,The shower was very tiny- could not move around too freely.,9.0,POS,0,,False,False,location excellent within walking distance attractions roma termini room clean well serviced breakfast definitely value money shower tiny could move around freely
317,English,Bucharest,"The Marmorosch Bucharest, Autograph Collection",The location is convenient and the building itself is historic and pleasant to look at.,"The service was unfortunately lacking, there was no phone in the room to get hold of housekeeping or room service, the amenities were not up to the mark for a hotel claiming such high standards, the food was mediocre, and it was extremely noisy due to nearby construction work.",3.0,NEG,1,Russian,False,False,location convenient building historic pleasant look service unfortunately lacking phone room get hold housekeeping room service amenities mark hotel claiming high standards food mediocre extremely noisy due nearby construction work
906,English,Washington,Generator Hotel Washington DC,Check in person was very helpful. My card didn't work at first and she was able to fix it. Common areas of the hotel were comfortable and well designed. The pool looked nice but I didn't get a chance to swim. Great breakfast spot in the lobby.,"I paid for a superior king and on their website it is described as having a king size bed. However, the mattress was actually two smaller mattresses pushed together which were worn differently so there was a big sink hole in the middle that I kept falling into all night. I did not get a good nights sleep and feel ripped off. If you're thinking of staying here, I would suggest a queen bed instead.",3.0,NEG,0,,False,False,check person helpful card work first able fix common areas hotel comfortable well designed pool looked nice get chance swim great breakfast spot lobby paid superior king website described king size bed however mattress actually two smaller mattresses pushed together worn differently big sink hole middle kept falling night get good nights sleep feel ripped thinking staying would suggest queen bed instead
736,English,Rome,NH Roma Villa Carpegna,We enjoyed the look of the hotel and the pool area was relaxing,"Of all the hotels we stayed in Italy, this hotel was the worst value for money. Staff was unhelpful, Wi-Fi was unreliable and the room was not very clean",4.0,NEG,1,Spanish,False,False,enjoyed look hotel pool area relaxing hotels stayed italy hotel worst value money staff unhelpful wi fi unreliable room clean
526,English,New Delhi,UDS Villa - Scandinavian B&B,"I like the support from Rahul and Rohith, they were excellent. They always were supportive, informative and made all they could to make our stay comfortable. 
The helper at breakfast location was also very good.","The service given by the lady at front desk was awful, she did not want to make our stay facilitated. Due to her wrong information we were inconvenience in getting a SIM card and shopping as well. It was a disaster.
Breakfast was not on time. Also the content was minimum, appeared to be sort of cutting corners.",4.0,NEG,0,,False,False,like support rahul rohith excellent always supportive informative made could make stay comfortable helper breakfast location also good service given lady front desk awful want make stay facilitated due wrong information inconvenience getting sim card shopping well disaster breakfast time also content minimum appeared sort cutting corners
125,English,Beijing,The Great Wall Hotel Beijing,Location was all right.,"It is hard to find a satisfactory hotel where the foreigners can also state in China. So, there are not as many options as it should be. The service was not so good. The housekeeper forgot to provide all of the daily included stuff in the room every day. She did provide stuff but always forgot at least something. Even though I called and asked in the reception every evening after I came back, the stuff was too late to provide the necessary stuff despite the fact that I called and reminded several times (every day). Besides, the facilities were not in a good condition. For example, the fridge did not work at all. After enquiry, they checked and said it should work, the second day it was still not working. Finally they had to change the fridge at all. All these details made my stay unpleasant.",4.0,NEG,0,,False,False,location right hard find satisfactory hotel foreigners also state china many options service good housekeeper forgot provide daily included stuff room every day provide stuff always forgot least something even though called asked reception every evening came back stuff late provide necessary stuff despite fact called reminded several times every day besides facilities good condition example fridge work enquiry checked said work second day still working finally change fridge details made stay unpleasant
74,English,Ankara,Güvenay Business Hotel,Everything was very good,,9.0,POS,0,,False,True,everything good
143,English,Beijing,SonGy Hundred-year Courtyard Hotel,SonGy Hundred-year Courtyard Hotel is an oasis of tranquility in the bustling city of Beijing. The traditional architecture coupled with the modern amenities and first-rate guest service makes for an unforgettable stay. The hotel's location in the cultural heart of the city makes it conducive for an immersive local experience.,Just a little bit hard to find at first because it's tucked away in an alley. But the experience once you're in more than compensates.,8.0,POS,1,English(Romanian),False,False,songy hundred year courtyard hotel oasis tranquility bustling city beijing traditional architecture coupled modern amenities first rate guest service makes unforgettable stay hotel location cultural heart city makes conducive immersive local experience little bit hard find first tucked away alley experience compensates
239,English,Berlin,Eurostars Berlin,Central location with easy access to public transportation. Comfy beds.,"Despite the central location, the overall experience was underwhelming. The staff at the reception desk were rather cold and seemed to be disinterested. Room service was quite slow and the food was mediocre at best. The room itself, although clean, was very basic and lacked the charm you would expect from a hotel of this caliber in a city like Berlin.",5.0,NEG,1,English(Romanian),False,False,central location easy access public transportation comfy beds despite central location overall experience underwhelming staff reception desk rather cold seemed disinterested room service quite slow food mediocre best room although clean basic lacked charm would expect hotel caliber city like berlin
233,English,Berlin,Eurostars Berlin,"Eurostars Berlin hotel defines comfort and luxury. The rooms are well-furnished, clean and spacious. The service was impeccable, and the staff was eager to assist. Located in the heart of the city, the hotel offers easy access to popular tourist spots.","While overall excellent, the wifi connection in my room did lag at times",8.0,POS,1,French,False,False,eurostars berlin hotel defines comfort luxury rooms well furnished clean spacious service impeccable staff eager assist located heart city hotel offers easy access popular tourist spots overall excellent wifi connection room lag times
430,English,Madrid,NH Barajas Airport,"Perfect sray before you hit the Airport. Supernice sraff . Excellent beds and matresses. Sometimes airport hotels are in terrible places, but the surroundings here are beautiful. I want to especially thank the staff of April 18th/ 23 bc they were so helpful and lovely after i missed my flight.",,10.0,POS,0,,False,True,perfect sray hit airport supernice sraff excellent beds matresses sometimes airport hotels terrible places surroundings beautiful want especially thank staff april 18th 23 bc helpful lovely missed flight
361,English,Bucharest,Hotel Michelangelo,"Staff!!! So very helpful and went out of their way to meet our needs! Gave great advice on restaurants and how to navigate the city. 
Location",,10.0,POS,0,,False,True,staff helpful went way meet needs gave great advice restaurants navigate city location
453,English,Madrid,Axel Hotel Madrid - Adults Only,"I really loved the location of Axel Hotel Madrid - right in the heart of the city. The staff was incredibly welcoming and helpful, the rooftop bar had a spectacular view, and the room was modern and clean.","The only downside was the slightly noisy street outside, but it didn't really affect our stay too much.",8.0,POS,1,Spanish,False,False,really loved location axel hotel madrid right heart city staff incredibly welcoming helpful rooftop bar spectacular view room modern clean downside slightly noisy street outside really affect stay much
653,English,Paris,Hotel Mimosa Paris,The location of the hotel was perfect for my needs. It made it easy for us to travel around Paris and do the things we wanted to do. Every time we came back the hotel the staff were friendly and helpful and we really enjoyed our stay there.,,10.0,POS,0,,False,True,location hotel perfect needs made easy us travel around paris things wanted every time came back hotel staff friendly helpful really enjoyed stay
297,English,Berlin,Generator Berlin Mitte,"The location is good, right in the city center and near the subway station","The room was cramped. The beds were uncomfortable, making it almost impossible to get a good night's sleep. Also, the customer service was far from satisfactory.",2.0,NEG,1,English(Chinese),False,False,location good right city center near subway station room cramped beds uncomfortable making almost impossible get good night sleep also customer service far satisfactory
854,English,Seoul,"Four Points by Sheraton Josun, Seoul Station","It was our third visit to the hotel and as usual all suited our expectations - very convenient location close to the central station, cleanness of the room as well as the city view and the morning very good breakfast.",all was fine,9.0,POS,0,,False,False,third visit hotel usual suited expectations convenient location close central station cleanness room well city view morning good breakfast fine
557,English,New Delhi,FabHotel White Klove Paharganj,Staff was very nice,There is food totally bad and room is very bad smelly and the bathroom was also not good,3.0,NEG,0,,False,False,staff nice food totally bad room bad smelly bathroom also good
9,English,Ankara,Hotel Ickale,,The sound of the aircondition was terrible,4.0,NEG,0,,True,False,sound aircondition terrible
572,English,New Delhi,"The Ashok, New Delhi","The hotel is nestled in the diplomatic enclave of the city and is conveniently located. The staff is cordial and hospitable. The Ashok has a variety of restaurants to choose from, all serving excellent cuisine. The rooms are spacious and clean, and the bed is very comfortable.",The wifi connection in the rooms was a bit slow at times,9.0,POS,1,English(German),False,False,hotel nestled diplomatic enclave city conveniently located staff cordial hospitable ashok variety restaurants choose serving excellent cuisine rooms spacious clean bed comfortable wifi connection rooms bit slow times
611,English,Paris,Motel One Paris-Porte Dorée,"The Motel One Paris-Porte Dorée was fantastic! From its stunning interiors to its wonderful staff, everything was top-notch. The location was superb, right at the heart of the city. The breakfast was delicious with a wide variety of choices.","Honestly, it was hard to find any faults. Just a little nitpick - the WiFi connection was quite unstable.",9.0,POS,1,Korean,False,False,motel one paris porte dorée fantastic stunning interiors wonderful staff everything top notch location superb right heart city breakfast delicious wide variety choices honestly hard find faults little nitpick wifi connection quite unstable
495,English,Madrid,Generator Madrid,The location of the hotel was good. It was right in the heart of Madrid,"The main issue was the excessive noise in the rooms. This hotel is poorly soundproofed, I could hear everything going on in the hallway and adjoining rooms. There is no privacy at all. Also, the rooms were small and the bathroom was not clean. It's not good value for the cost",3.0,NEG,1,Russian,False,False,location hotel good right heart madrid main issue excessive noise rooms hotel poorly soundproofed could hear everything going hallway adjoining rooms privacy also rooms small bathroom clean good value cost
50,English,Ankara,Esila Hotel,"Everything was very good, people of this hotel are very friendly. I liked this hotel's atmosfere. Thanks very much",Nothing,10.0,POS,0,,False,False,everything good people hotel friendly liked hotel atmosfere thanks much nothing
663,English,Paris,citizenM Paris Champs-Élysées,"The vibe of the hotel was modern and cool. The rooms, albeit a bit compact, were tech-savvy. The mattress was remarkably comfortable.",Service at the breakfast was a bit slow. A bit noisy in the evening due to close proximity to bars. Lighting in the room was a tad confusing to control.,8.0,POS,1,English(Italian),False,False,vibe hotel modern cool rooms albeit bit compact tech savvy mattress remarkably comfortable service breakfast bit slow bit noisy evening due close proximity bars lighting room tad confusing control
889,English,Seoul,Hotel Skypark Dongdaemun I,,The space is too small. I have to wait for my spouse to move before I can get through every part of the room,4.0,NEG,0,,True,False,space small wait spouse move get every part room
880,English,Seoul,Hotel Skypark Dongdaemun I,"room was very comfortable and clean. Great location, for this price point you couldn’t ask for any more tbh","Everything was great, staff were neither friendly nor unfriendly. They just did their jobs with the utmost professionalism.",10.0,POS,0,,False,False,room comfortable clean great location price point ask tbh everything great staff neither friendly unfriendly jobs utmost professionalism
981,English,Washington,Hilton Washington DC Capitol Hill,"Excellent service from the moment we walked in. Indeed, Hilton upholds its reputation. The rooms were clean, location is superb as it's close to many attractions. The breakfast menu is diverse and high-quality. Staff were very friendly and accommodating, which significantly contributed to our positive experience",No major downsides noted during our stay.,9.0,POS,1,French,False,False,excellent service moment walked indeed hilton upholds reputation rooms clean location superb close many attractions breakfast menu diverse high quality staff friendly accommodating significantly contributed positive experience major downsides noted stay
468,English,Madrid,Eurostars Casa de la Lírica,"Rooms were comfortable, clean and spacious",Bar staff didn't exist so couldn't get a drink. Breakfast staff seemed like they didn't want you to be there,4.0,NEG,0,,False,False,rooms comfortable clean spacious bar staff exist get drink breakfast staff seemed like want
874,English,Seoul,Ibis Styles Ambassador Seoul Myeong-dong,"Extremely clean and OMG...the world's most comfortable bed. I still dream about that bed. It was like a cloud. Room is small but that's typical of SK hotel rooms and to be honest, you won't be spending time in your room other than to shower and sleep anyway. Great location - very close to two subway stations.","Wish there was more than one washer/dryer. Front desk staff were extremely nice, but never seemed to be able to help us with any of our questions. So, if you're wanting a hotel with an actual concierge type front desk, this might not be your best bet, but if you are able to use the internet to answer your own questions, then would highly recommend this hotel for your Myeongdong stay.",9.0,POS,0,,False,False,extremely clean omg world comfortable bed still dream bed like cloud room small typical sk hotel rooms honest spending time room shower sleep anyway great location close two subway stations wish one washer dryer front desk staff extremely nice never seemed able help us questions wanting hotel actual concierge type front desk might best bet able use internet answer questions would highly recommend hotel myeongdong stay
926,English,Washington,Hilton Garden Inn Washington DC Downtown,"The location of Hilton Garden Inn Washington DC Downtown is fairly decent, being located close to several major attractions.","My experience at Hilton Garden Inn Washington DC Downtown was unfortunately disappointing. The staff were generally unhelpful and often seemed disinterested in their guests. The quality of the room was subpar with uncomfortable beds and outdated bathrooms. To add to this, the hotel seems to be struggling with cleanliness issues with the common areas often being left untidy. The noise level was also a frequent problem, causing significant disturbances during evenings and early mornings.",3.0,NEG,1,English(Italian),False,False,location hilton garden inn washington dc downtown fairly decent located close several major attractions experience hilton garden inn washington dc downtown unfortunately disappointing staff generally unhelpful often seemed disinterested guests quality room subpar uncomfortable beds outdated bathrooms add hotel seems struggling cleanliness issues common areas often left untidy noise level also frequent problem causing significant disturbances evenings early mornings
514,English,New Delhi,Hotel Opera New Delhi,"The hotel rooms are very comfortable and very well equipped. The rest of the hotel is beautiful and The staff at the reception in the morning could not have been more pleasant or more friendly. It is a stunning hotel and lots of facilities and useful extras in the room and the bed was super comfortable, so once we were in a quiet room, we had a good night sleep",,9.0,POS,0,,False,True,hotel rooms comfortable well equipped rest hotel beautiful staff reception morning could pleasant friendly stunning hotel lots facilities useful extras room bed super comfortable quiet room good night sleep
210,English,Berlin,BlnCty Hotel,"The BlnCty Hotel in Berlin was simply exceptional. The rooms were spotless, the staff was cordial and went out of their way to aid in any way possible. Furthermore, the location was perfect, right in the heart of Berlin with easy access to various transportation options and local attractions.","Honestly, there was nothing to complain about.",10.0,POS,1,Korean,False,False,blncty hotel berlin simply exceptional rooms spotless staff cordial went way aid way possible furthermore location perfect right heart berlin easy access various transportation options local attractions honestly nothing complain
391,English,Bucharest,The Embassy Nord,Location was very suitable for Old Town walk and other activities.,,9.0,POS,0,,False,True,location suitable old town walk activities
738,English,Rome,NH Roma Villa Carpegna,The pool was nice,There is not much to walk to in close proximity. Common areas were not clean and well lit (esp hallways) bar/restaurant understaffed. My room was overcharged for lunch (I did not order and eat three sandwiches as a solo traveler) and getting the charges reversed was neither straightforward nor transparent.,4.0,NEG,0,,False,False,pool nice much walk close proximity common areas clean well lit esp hallways bar restaurant understaffed room overcharged lunch order eat three sandwiches solo traveler getting charges reversed neither straightforward transparent
369,English,Bucharest,Hotel Michelangelo,"The location of the Hotel Michelangelo is fantastic, within walking distance to Bucharest's old town and main attractions. The front desk staff were accommodating and readily provided information about restaurants and tourist spots.","Despite its excellent location, Hotel Michelangelo fell short on the amenities. The rooms felt outdated with poor lighting and slightly uncomfortable beds. The bathroom had plumbing issues throughout my stay, with inconsistent hot water availability. The breakfast spread was quite limited with no much variety, and often items were not refilled timely. The noise from neighboring rooms was also clearly audible, thus undermining privacy and quietness.",4.0,NEG,1,English(Romanian),False,False,location hotel michelangelo fantastic within walking distance bucharest old town main attractions front desk staff accommodating readily provided information restaurants tourist spots despite excellent location hotel michelangelo fell short amenities rooms felt outdated poor lighting slightly uncomfortable beds bathroom plumbing issues throughout stay inconsistent hot water availability breakfast spread quite limited much variety often items refilled timely noise neighboring rooms also clearly audible thus undermining privacy quietness
107,English,Beijing,Novotel Beijing Peace,It has convenient location close to shopping district.,"Despite its prime location, the hotel rooms were extremely outdated. The WiFi was almost non-existent and the hotel staff was not cooperative. Room service was tardy and menu was not impressive. Overall, a disappointing stay.",2.0,NEG,1,English(Russian),False,False,convenient location close shopping district despite prime location hotel rooms extremely outdated wifi almost non existent hotel staff cooperative room service tardy menu impressive overall disappointing stay
543,English,New Delhi,The Prime Delhi,"Nice clean rooms, very prompt & helpful staff, good breakfast, food taste was excellent, convenient location walking distance from metro station and close to New Delhi station also, overall excellent stay","Room was bit small, some construction making path from metro to hotel bit inconvenient, food variety for dinner could be increased",9.0,POS,0,,False,False,nice clean rooms prompt helpful staff good breakfast food taste excellent convenient location walking distance metro station close new delhi station also overall excellent stay room bit small construction making path metro hotel bit inconvenient food variety dinner could increased
561,English,New Delhi,Hotel International Inn - Near Delhi Airport,"Very neat clean and spacious hotel..... The hotel is at main road, at a location visible from all around. Nice entrance, rooms were very good. The manager and the staff was helpful. Nice Cozy place, in house restaurant Good Food.",,9.0,POS,0,,False,True,neat clean spacious hotel hotel main road location visible around nice entrance rooms good manager staff helpful nice cozy place house restaurant good food
229,English,Berlin,numa I Arc Rooms & Apartments,"Excellent location, in the heart of the city.","Housekeeping service was poor, didn't replace toiletries and room wasn't vacuumed during our stay. Bit of a let down for the price we paid.",3.0,NEG,1,Spanish,False,False,excellent location heart city housekeeping service poor replace toiletries room vacuumed stay bit let price paid
979,English,Washington,Riggs Washington DC,good location clean room,"small bathroom so narrow 
you can’t get inside 
I forced to change the up gerad room oom with extra money",8.0,POS,0,,False,False,good location clean room small bathroom narrow get inside forced change gerad room oom extra money
224,English,Berlin,numa I Arc Rooms & Apartments,Charming aesthetic and prime location.,Minor glitches with room automation.,8.0,POS,1,English(Korean),False,False,charming aesthetic prime location minor glitches room automation
80,English,Ankara,ibis Ankara Airport Hotel,Well located and overall a good place to stay for a decent rest before the airport,,10.0,POS,0,,False,True,well located overall good place stay decent rest airport
883,English,Seoul,Hotel Skypark Dongdaemun I,"I was pleased by the room layout and cleanliness. It was relatively near to popular Seoul landmarks, which made my sightseeing explorations much easier.","The breakfast variety could use some improvement, but it wasn't a deal breaker.",8.0,POS,1,English(French),False,False,pleased room layout cleanliness relatively near popular seoul landmarks made sightseeing explorations much easier breakfast variety could use improvement deal breaker
535,English,New Delhi,Hyatt Regency Delhi,Evening entertainment was enjoyable.,"The inconsistent and slow service ruined my stay. In-room dining took an unreasonably long time and had to be followed up numerous times. The housekeeping staff was inefficient as my room wasn't cleaned properly and had to call them multiple times. The condition of the room was also not up to the mark for a luxury hotel. The facilities are getting old and need refurbishment. Lastly, the noise level was too high, could hear from both the outside road traffic and adjoining rooms.",2.0,NEG,1,French,False,False,evening entertainment enjoyable inconsistent slow service ruined stay room dining took unreasonably long time followed numerous times housekeeping staff inefficient room cleaned properly call multiple times condition room also mark luxury hotel facilities getting old need refurbishment lastly noise level high could hear outside road traffic adjoining rooms
483,English,Madrid,Hotel Avenida Gran Vía,"Location was great. Staff were very hospitable, friendly and professional, we were checked-in in no time.","View wasn't good at all (kept curtains closed to avoid seeing it). The aged building came with some quirks, like the sound of water running through the pipes, all day all night; not easy to sleep. You can also hear everything.",9.0,POS,0,,False,False,location great staff hospitable friendly professional checked time view good kept curtains closed avoid seeing aged building came quirks like sound water running pipes day night easy sleep also hear everything
818,English,Seoul,Hamilton Hotel,The hotel is centrally located and near the subway station.,"This hotel is outdated and needs renovation urgently. The customer service was subpar and the staff was not really attentive. The noise from the street made it difficult to get a good night's sleep. Additionally, the Wi-Fi connection was very unstable.",3.0,NEG,1,English(Italian),False,False,hotel centrally located near subway station hotel outdated needs renovation urgently customer service subpar staff really attentive noise street made difficult get good night sleep additionally wi fi connection unstable
840,English,Seoul,LOTTE City Hotel Myeongdong,"Hotel is totally in the center of the city. Next to the metro station, line 2 and 3, so you can travel everywhere to visit the city. Downstairs coffee-shop Angel in us. A lot of small markets around as well as restaurants. Room was big, every day housekeeping: fresh towels, cups, water, etc. Breakfast very testy. Personel was very kind, nice and very helpful; they were always ready to help with changing the money or ordering the taxi or helping with the organizing the tour. When I ordered the morning call because I had to wake up very early next day, and I didn't pick up the phone (unfortunately I was still sleeping ;-), they came to my room to wake me up. Highly recommended !!!",Nothing; everything was perfect.,10.0,POS,0,,False,False,hotel totally center city next metro station line 2 3 travel everywhere visit city downstairs coffee shop angel us lot small markets around well restaurants room big every day housekeeping fresh towels cups water etc breakfast testy personel kind nice helpful always ready help changing money ordering taxi helping organizing tour ordered morning call wake early next day pick phone unfortunately still sleeping came room wake highly recommended nothing everything perfect
541,English,New Delhi,The Prime Delhi,"Really nice welcoming reception, nice staff, good breakfast, nothing else to Say, clean sheets, nice room.
Wonderful stay",,9.0,POS,0,,False,True,really nice welcoming reception nice staff good breakfast nothing else say clean sheets nice room wonderful stay
492,English,Madrid,Generator Madrid,Amazing location for visiting Madrid also very safe and clean rooms,one criticism i have is price of the beer,9.0,POS,0,,False,False,amazing location visiting madrid also safe clean rooms one criticism price beer
994,English,Washington,Beacon Hotel & Corporate Quarters,Great,"Close to everything 
Spacious rooms
Fast housekeeping and room service",10.0,POS,0,,False,False,great close everything spacious rooms fast housekeeping room service
400,English,Madrid,Pestana CR7 Gran Vía Madrid,The location of Pestana CR7 Gran Vía Madrid in central Madrid is unbeatable. The rooms are trendy and well-maintained with comfortable beds. The staff is friendly and always ready to assist.,"The price of the drinks at the rooftop bar were a bit higher than expected, but the view more than made up for it.",8.0,POS,1,English(Romanian),False,False,location pestana cr7 gran vía madrid central madrid unbeatable rooms trendy well maintained comfortable beds staff friendly always ready assist price drinks rooftop bar bit higher expected view made
211,English,Berlin,BlnCty Hotel,The location was excellent and the hotel room was relatively small but it had everything I needed. It is a fantastic option if you want to be a tourist in Berlin!,"The bed sheets were washed but they had some old stains. They looked like bed bugs stains, but the room was free of bedbugs, I inspected thoroughly.",9.0,POS,0,,False,False,location excellent hotel room relatively small everything needed fantastic option want tourist berlin bed sheets washed old stains looked like bed bugs stains room free bedbugs inspected thoroughly
71,English,Ankara,Güvenay Business Hotel,Güvenay Business Hotel in Ankara provided a wonderful experience. I found the staff to be exceptionally friendly and the rooms clean and comfortable. The location in the business district was also quite convenient. I would highly recommend this hotel.,,9.0,POS,1,German,False,True,güvenay business hotel ankara provided wonderful experience found staff exceptionally friendly rooms clean comfortable location business district also quite convenient would highly recommend hotel
633,English,Paris,Adveniat Paris,Great location,One shower and the toilet for three shared rooms,9.0,POS,0,,False,False,great location one shower toilet three shared rooms
380,English,Bucharest,AT Central Apartments,"Charming decor, helpful staff, and prime location.",Nothing significant to mention.,8.0,POS,1,English(Italian),False,False,charming decor helpful staff prime location nothing significant mention
207,English,Berlin,AMANO East Side,"The proximity of the hotel to the main train station was very handy, also the physical appearance of the hotel and room was quite appealing.","The room was very noisy, we could hear the traffic from the main road all day and night, making it very hard to sleep or relax. Also the staff was not very friendly or helpful. Room service was also poor, with the room not cleaned properly, and amenities not replaced regularly. The breakfast selection was basic and not worth the price.",4.0,NEG,1,Russian,False,False,proximity hotel main train station handy also physical appearance hotel room quite appealing room noisy could hear traffic main road day night making hard sleep relax also staff friendly helpful room service also poor room cleaned properly amenities replaced regularly breakfast selection basic worth price
528,English,New Delhi,UDS Villa - Scandinavian B&B,The B&B’s exterior design was eye-catching and its close proximity to many tourist attractions in New Delhi was a definite plus point.,"Unfortunately, the rooms were not as clean as expected, with dust in quite a few places. The promised Scandinavian minimalism missed the mark, coming off more as bare and less as chic. The breakfast was also not up to the mark with limited options and questionable quality. Service was rather slow, making the overall experience less enjoyable.",2.0,NEG,1,Italian,False,False,b b exterior design eye catching close proximity many tourist attractions new delhi definite plus point unfortunately rooms clean expected dust quite places promised scandinavian minimalism missed mark coming bare less chic breakfast also mark limited options questionable quality service rather slow making overall experience less enjoyable
536,English,New Delhi,Hyatt Regency Delhi,location,front desk staff. very rude. no customer service.,3.0,NEG,0,,False,False,location front desk staff rude customer service
328,English,Bucharest,Central Guesthouse,The location was fairly central and easy to access main attractions,"The room was supposed to be a non-smoking room, however, there was a strong smell of cigarette smoke. The mattress was uncomfortable and had visible signs of wear and tear. The bathroom wasn't very clean, and there was a constant noise from the ventilation system. The staff was unresponsive to our complaints about these issues, which made our stay quite unpleasant.",2.0,NEG,1,French,False,False,location fairly central easy access main attractions room supposed non smoking room however strong smell cigarette smoke mattress uncomfortable visible signs wear tear bathroom clean constant noise ventilation system staff unresponsive complaints issues made stay quite unpleasant
701,English,Rome,Hotel 77 Seventy-Seven - Maison D'Art Collection,Loved the location in heart of Rome. Comfortable rooms with beautiful art work. Staff was phenomenally helpful.,A minor issue with lighting in the room which was promptly fixed.,8.0,POS,1,French,False,False,loved location heart rome comfortable rooms beautiful art work staff phenomenally helpful minor issue lighting room promptly fixed
990,English,Washington,Beacon Hotel & Corporate Quarters,"Had a wonderful stay at the Beacon Hotel. The staff were friendly and the location was fantastic, close to major attractions and local restaurants.",The bathroom could use a bit of an upgrade but it didn't hinder the overall positive experience.,8.0,POS,1,English(Romanian),False,False,wonderful stay beacon hotel staff friendly location fantastic close major attractions local restaurants bathroom could use bit upgrade hinder overall positive experience
437,English,Madrid,NH Barajas Airport,Its proximity to the airport is definite plus. The shuttle service provided by the hotel was frequent and very helpful.,The rooms were not kept well. There were spots on the sheets and the towels provided were frayed. The air conditioning was not working properly and the rooms felt stuffy. Service in the restaurant was lacking in appeal with a disappointing choice of food in the buffet.,5.0,NEG,1,Spanish,False,False,proximity airport definite plus shuttle service provided hotel frequent helpful rooms kept well spots sheets towels provided frayed air conditioning working properly rooms felt stuffy service restaurant lacking appeal disappointing choice food buffet
31,English,Ankara,The Green Park Ankara,"Maybe thanks to the good exchange currency rate, the quality was excellent for money. The spa was nice (you have to pay for it but just once), the structure was very clean and comfortable. Everything is very modern and working well.","The only downside were some of the clerks not speaking great English as I expected - I guess not many tourists pass by. Also, that part of Ankara is a strange mixture of super modern hotels and roads that are more like suburban dusty neighborhoods. But this is just how it works there I guess.",9.0,POS,0,,False,False,maybe thanks good exchange currency rate quality excellent money spa nice pay structure clean comfortable everything modern working well downside clerks speaking great english expected guess many tourists pass also part ankara strange mixture super modern hotels roads like suburban dusty neighborhoods works guess
761,English,Rome,Hotel 55 Fifty-Five - Maison d'Art Collection,"Location, hygiene, bathroom was spacious and breakfast",Small rooms,9.0,POS,0,,False,False,location hygiene bathroom spacious breakfast small rooms
47,English,Ankara,Grand Mercure Ankara,"During my stay I enjoyed the size of the room and the bed, it's really the confort I was looking for. The amenities and the cleanliness were also as expected. On top of that the calmness and configuration of the swimming pool was amazing.","The devil is in the details, and I was disappointed by quite some during my stay. I really did not enjoy the very poor Wifi and the AC was really bad. The check-in was not smooth, it was very difficult to have vegan milk during the breakfast, every day. I had to call several times for the room service to have bottles of water. These are details, but all of them together made the experience not really enjoyable. I would not recommend this hotel for now.",4.0,NEG,0,,False,False,stay enjoyed size room bed really confort looking amenities cleanliness also expected top calmness configuration swimming pool amazing devil details disappointed quite stay really enjoy poor wifi ac really bad check smooth difficult vegan milk breakfast every day call several times room service bottles water details together made experience really enjoyable would recommend hotel
546,English,New Delhi,The Prime Delhi,"The location was convenient, close to a few attractions.","The shower was cold, the room was not as clean as expected, and the noise from the street was clearly audible.",3.0,NEG,1,English(Chinese),False,False,location convenient close attractions shower cold room clean expected noise street clearly audible
260,English,Berlin,Hotel Vivaldi Berlin am Kurfürstendamm,"The location was excellent, right in the heart of the city. The staff were super friendly and helpful. I also appreciated the clean and comfortable rooms.",The availability of parking was a bit of an issue.,8.0,POS,1,Italian,False,False,location excellent right heart city staff super friendly helpful also appreciated clean comfortable rooms availability parking bit issue
256,English,Berlin,Ballhaus Berlin Hostel,The location of the hostel is convenient to public transport.,Hardly any facilities to make use of. The hostel is old and requires a major renovation. The staff are not welcoming and the customer service is well below standard. My room was cold during my stay in winter and the heater was not working adequately. The price paid is not worth the amenities provided.,2.0,NEG,1,Romanian,False,False,location hostel convenient public transport hardly facilities make use hostel old requires major renovation staff welcoming customer service well standard room cold stay winter heater working adequately price paid worth amenities provided
270,English,Berlin,The Westin Grand Berlin,"Very nice, clean and relaxing atmosphere!",Can’t think of anything.,10.0,POS,0,,False,False,nice clean relaxing atmosphere think anything
236,English,Berlin,Eurostars Berlin,Location is great,"Dusty even it is a suite room 
Floor wasn’t mopped properly 
Under the bed was covered with dust 
Bathtub… okay but the thing that protects shower splash water wasn’t clean enough…
I asked the reception to clean it properly. First time, they gave me a different room that was actually dirtier than the original one. Then I asked them again to change the room. They upgraded the room to suite but even the suite wasn’t clean enough but I didn’t want to ruin my trip anymore so I decided to take the offer. Next day I ordered room clean and after I got from sightseeing, dusty again. Probably they wanted me to leave. However I thought it was better to clean the room by myself so I asked a mop to the reception, but they didn’t let me and said ask someone to clean. Well they didn’t do it eventually. I just had to stand the dust. On the second day they sent a fruit dish though.",3.0,NEG,0,,False,False,location great dusty even suite room floor mopped properly bed covered dust bathtub okay thing protects shower splash water clean enough asked reception clean properly first time gave different room actually dirtier original one asked change room upgraded room suite even suite clean enough want ruin trip anymore decided take offer next day ordered room clean got sightseeing dusty probably wanted leave however thought better clean room asked mop reception let said ask someone clean well eventually stand dust second day sent fruit dish though
612,English,Paris,Motel One Paris-Porte Dorée,"The bed in the room was very comfortable and the whole hotel was very clean. The location was excellent, having access to a museum, a park and a range of shops and bakeries.",,9.0,POS,0,,False,True,bed room comfortable whole hotel clean location excellent access museum park range shops bakeries
602,English,Paris,Hotel Eiffel Seine,good location and traffic transportation,Sound insulation effect,9.0,POS,0,,False,False,good location traffic transportation sound insulation effect
243,English,Berlin,Ibis budget Berlin Potsdamer Platz,"The hotel is located in a quiet place, in 15 minutes you can be in the touristic spot and there are a lot of services around.",The shower is to small and makes you feel like if you are sailing with not enough space. Be careful if you don't want to get seen by neighbors.,9.0,POS,0,,False,False,hotel located quiet place 15 minutes touristic spot lot services around shower small makes feel like sailing enough space careful want get seen neighbors
796,English,Rome,Hotel Villa Pamphili Roma,The hotel's serene environment,"The hotel is rather far from the city centre, and the shuttle service is not consistent. Rooms are quite outdated with malfunctioning air conditioning. The staff did not seem very accommodating, and the quality of the food in the restaurant was underwhelming. Also, the pool was not well-maintained and the Wi-Fi connection was very poor throughout my stay.",3.0,NEG,1,Russian,False,False,hotel serene environment hotel rather far city centre shuttle service consistent rooms quite outdated malfunctioning air conditioning staff seem accommodating quality food restaurant underwhelming also pool well maintained wi fi connection poor throughout stay
905,English,Washington,Generator Hotel Washington DC,Location in close proximity to Hilton conference I was attending; staff were very responsive and helpful.,Had to have room keys re-keyed as they didn't work to get into our room. No washcloths in room; had to request them. No ice machine working on our floor,4.0,NEG,0,,False,False,location close proximity hilton conference attending staff responsive helpful room keys keyed work get room washcloths room request ice machine working floor
604,English,Paris,Hotel Eiffel Seine,"The Air Conditioning was great, must have in July! Very clean and comfortable, staff very friendly. A great location.. great restaurants within a few minutes walk. The Eiffel Tower was a few blocks away. Highly recommend!",,9.0,POS,0,,False,True,air conditioning great must july clean comfortable staff friendly great location great restaurants within minutes walk eiffel tower blocks away highly recommend
805,English,Seoul,Hotel Skypark Central Myeongdong,The location of Hotel Skypark Central Myeongdong in Seoul is conveniently close to many restaurants and shopping districts.,"However, the room cleanliness was not up to par, with dust found in corners and a sense of general disarray. Service was also lacking, often with long waits for assistance and room service items sometimes not arriving. Also, the noise from the streets late at night made it difficult to get a good night's sleep. It didn't live up to my expectations.",4.0,NEG,1,French,False,False,location hotel skypark central myeongdong seoul conveniently close many restaurants shopping districts however room cleanliness par dust found corners sense general disarray service also lacking often long waits assistance room service items sometimes arriving also noise streets late night made difficult get good night sleep live expectations
952,English,Washington,Glover Park Hotel Georgetown,"Great staff, very friendly and accommodating. Room was clean and quiet. The location is perfect, safe neighborhood and very close to Metro.",There is room for improvement with the breakfast options. A wider selection would have been appreciated.,8.0,POS,1,Spanish,False,False,great staff friendly accommodating room clean quiet location perfect safe neighborhood close metro room improvement breakfast options wider selection would appreciated
740,English,Rome,The Spanish Suite Campo de' Fiori,"Great location, only 5 min walk to Piazza Novona! Very clean, spacious room, great A/C, access higher level with a lift",,9.0,POS,0,,False,True,great location 5 min walk piazza novona clean spacious room great c access higher level lift
92,English,Ankara,Raymar Hotels Ankara,"Incredibly comfortable rooms, exquisite cuisine, and friendly staff that's always willing to help. The hotel is located in the Central Business District, making it highly convenient.","Sometimes, the high number of guests can cause the elevators to get a bit crowded. But nothing too bothersome.",8.0,POS,1,English(Romanian),False,False,incredibly comfortable rooms exquisite cuisine friendly staff always willing help hotel located central business district making highly convenient sometimes high number guests cause elevators get bit crowded nothing bothersome
886,English,Seoul,Hotel Skypark Dongdaemun I,The location is in close proximity to numerous shopping malls.,"The hotel room and bathrooms were much smaller than what I was led to believe. Additionally, some of the staff members were not exactly welcoming or particularly friendly. The room walls were quite thin, allowing noise from adjacent rooms to filter through easily. The breakfast selection could also be improved and diversified.",4.0,NEG,1,Chinese,False,False,location close proximity numerous shopping malls hotel room bathrooms much smaller led believe additionally staff members exactly welcoming particularly friendly room walls quite thin allowing noise adjacent rooms filter easily breakfast selection could also improved diversified
901,English,Washington,Generator Hotel Washington DC,"Well-designed, modern, and close to the most touristic attractions. Staff is friendly.",The price of food and drinks at the hotel was a bit expensive.,8.0,POS,1,Turkish,False,False,well designed modern close touristic attractions staff friendly price food drinks hotel bit expensive
404,English,Madrid,Pestana CR7 Gran Vía Madrid,"Fantastic central location, room was very modern and clean. Staff were all friendly and going extra mile in customer service. Breakfast was delicious. View from the rooftop bar was spectacular.","Everything was good, no downside.",10.0,POS,1,Turkish,False,False,fantastic central location room modern clean staff friendly going extra mile customer service breakfast delicious view rooftop bar spectacular everything good downside
590,English,New Delhi,Bloomrooms @ New Delhi Railway Station,"perfect location , staff is very kind and helpful, very clean",all was wonderful,10.0,POS,0,,False,False,perfect location staff kind helpful clean wonderful
840,English,Seoul,LOTTE City Hotel Myeongdong,"Beautiful hotel with a fantastic location near shopping and food areas. The room was modern, beautiful and clean. It was quiet and I slept very well. Staff were really helpful and kind. Breakfast was fantastic. The transport links were great as it was near a subway station.","Really, nothing to complain about. Perhaps, the rooms are a bit small.",9.0,POS,1,English(Romanian),False,False,beautiful hotel fantastic location near shopping food areas room modern beautiful clean quiet slept well staff really helpful kind breakfast fantastic transport links great near subway station really nothing complain perhaps rooms bit small
865,English,Seoul,Stay Hotel Gangnam,"The location of the Stay Hotel Gangnam is its only redeeming quality. It's nearby to several restaurants, shops, and the subway station.","I had a very disappointing stay at the Stay Hotel Gangnam. The room was small, the bed uncomfortable, and the bathroom was in need of serious refurbishing. The staff seemed uninterested and lacked the helpfulness one usually expects from hotel personnel. While the hotel rooms were technically clean, they felt run-down and not particularly well-maintained. The furnishings and decor were outdated and the room lacked basic, expected amenities. There was a lingering odor of smoke throughout my entire stay, further worsening the experience. Because of these extensive issues, I wouldn't recommend the Stay Hotel Gangnam to anyone.",2.0,NEG,1,German,False,False,location stay hotel gangnam redeeming quality nearby several restaurants shops subway station disappointing stay stay hotel gangnam room small bed uncomfortable bathroom need serious refurbishing staff seemed uninterested lacked helpfulness one usually expects hotel personnel hotel rooms technically clean felt run particularly well maintained furnishings decor outdated room lacked basic expected amenities lingering odor smoke throughout entire stay worsening experience extensive issues recommend stay hotel gangnam anyone
668,English,Paris,citizenM Paris Champs-Élysées,bed and tech,"cleaning, smell from the toilet, no cleaning and not enough information",3.0,NEG,0,,False,False,bed tech cleaning smell toilet cleaning enough information
848,English,Seoul,LOTTE City Hotel Myeongdong,"The location of the hotel is convenient, being situated near Lotte Department Store and Myeongdong Shopping Street. The views from the hotel rooms are also fairly nice.","Unfortunately, my experience at the LOTTE City Hotel Myeongdong was far from ideal. My room was not well-cleaned when I checked in, with visible dust and stains on the furniture. Furthermore, there was a constant noise coming from the ventilation system which made it difficult for me to sleep well. Customer service was also sorely lacking, the staff was not attentive to guest needs and requests were not handled promptly. The breakfast buffet was very lackluster with a limited variety of options and often out of common items. Regrettably, the quality of the hotel did not match its price.",3.0,NEG,1,English(German),False,False,location hotel convenient situated near lotte department store myeongdong shopping street views hotel rooms also fairly nice unfortunately experience lotte city hotel myeongdong far ideal room well cleaned checked visible dust stains furniture furthermore constant noise coming ventilation system made difficult sleep well customer service also sorely lacking staff attentive guest needs requests handled promptly breakfast buffet lackluster limited variety options often common items regrettably quality hotel match price
867,English,Seoul,Stay Hotel Gangnam,location,"very dark room, no furniture for clothes, no sunlight at all",3.0,NEG,0,,False,False,location dark room furniture clothes sunlight
620,English,Paris,Hotel Nation Montmartre,"I stayed in Hotel Nation Montmartre for 3 nights with my teenage son. 
The Hotel is clean and stuff was always friendly
Breakfast consisted of one Baguette and One Croissant for each person as well as Cereals, coffee, juice etc.
There is a machine for bottled water, Coke etc next to the reception
It is very close to a metro station so you can get anywhere easily!
There is no decent Supermarkt close by so make sure that you get everything sorted somewhere else.",,10.0,POS,0,,False,True,stayed hotel nation montmartre 3 nights teenage son hotel clean stuff always friendly breakfast consisted one baguette one croissant person well cereals coffee juice etc machine bottled water coke etc next reception close metro station get anywhere easily decent supermarkt close make sure get everything sorted somewhere else
780,English,Rome,Exe International Palace,The room was very clean and the staff was very friendly. The breakfast was delicious with a variety of options to choose from. The hotel is also located conveniently near several attractions and restaurants.,"The only downside was that the room was a bit small, but that's to be expected in a city hotel.",8.0,POS,1,Spanish,False,False,room clean staff friendly breakfast delicious variety options choose hotel also located conveniently near several attractions restaurants downside room bit small expected city hotel
449,English,Madrid,Catalonia Gran Vía Madrid,ok location.,the staff leave your room doors open after they are done cleaning and they don’t know how to fix basic internet/tv issues.,4.0,NEG,0,,False,False,ok location staff leave room doors open done cleaning know fix basic internet tv issues
177,English,Beijing,Guo Ji Yi Yuan Hotel,It was in an accessible location,The room condition was poor and the staff were not accommodating,2.0,NEG,1,German,False,False,accessible location room condition poor staff accommodating
815,English,Seoul,Hamilton Hotel,comfortable bed,"dirty bathroom
whole night (every night) EXTREME ambient noise
old and dirty bathroom
non friendly staff",4.0,NEG,0,,False,False,comfortable bed dirty bathroom whole night every night extreme ambient noise old dirty bathroom non friendly staff
948,English,Washington,Courtyard by Marriott Washington Downtown/Convention Center,The location of the hotel was excellent. It was right in downtown Washington with several points of interest within walking distance. The lobby was chic and the common areas were tidy.,"The room had a strange musty smell, and unfortunately, despite bringing it up with the staff, it was never addressed. The rooms were not as clean as expected and some parts of the room had visible dust and dirt. The service staff were inconsistent in their approach to customer service. Some were very friendly whereas others were quite rude and unhelpful. The Wi-Fi also kept disconnecting, which made working from the room a nightmare. Additionally, the hotel restaurant was overpriced for the quality of food served.",4.0,NEG,1,English(Chinese),False,False,location hotel excellent right downtown washington several points interest within walking distance lobby chic common areas tidy room strange musty smell unfortunately despite bringing staff never addressed rooms clean expected parts room visible dust dirt service staff inconsistent approach customer service friendly whereas others quite rude unhelpful wi fi also kept disconnecting made working room nightmare additionally hotel restaurant overpriced quality food served
493,English,Madrid,Generator Madrid,"Generator Madrid is ideally situated within walking distance to many of Madrid's attractions. The rooms are very clean, and they also offer lots of communal areas to relax and socialize. The rooftop bar area was fantastic with a great vibe and a nice selection of drinks.","The one downside was that breakfast could use a little more variety. Also, the lifts are quite small and slow, which can be a bit inconvenient during peak hours.",8.0,POS,1,English(Italian),False,False,generator madrid ideally situated within walking distance many madrid attractions rooms clean also offer lots communal areas relax socialize rooftop bar area fantastic great vibe nice selection drinks one downside breakfast could use little variety also lifts quite small slow bit inconvenient peak hours
841,English,Seoul,LOTTE City Hotel Myeongdong,"Well-located, and room with a wonderful view! Breakfast was delicious",,8.0,POS,1,Spanish,False,True,well located room wonderful view breakfast delicious
273,English,Berlin,The Westin Grand Berlin,"This hotel really worked for me. The location of The Westin Grand Berlin was unparalleled, close to several city sights, so I felt like I could really soak in Berlin's vibrant culture. The rooms were clean and well-maintained, providing me a comfortable place to rest after busy exploration days. Staff were hospitable and always ready to assist.",The hotel could probably improve on their breakfast offerings as they lacked variety.,8.0,POS,1,German,False,False,hotel really worked location westin grand berlin unparalleled close several city sights felt like could really soak berlin vibrant culture rooms clean well maintained providing comfortable place rest busy exploration days staff hospitable always ready assist hotel could probably improve breakfast offerings lacked variety
567,English,New Delhi,Hotel International Inn - Near Delhi Airport,The staff support,The bathroom,4.0,NEG,0,,False,False,staff support bathroom
558,English,New Delhi,FabHotel White Klove Paharganj,,"- The rooms did not look the same as the pictures
- condition of bedding / towels was not good
- general room condition was poor",3.0,NEG,0,,True,False,rooms look pictures condition bedding towels good general room condition poor
550,English,New Delhi,FabHotel White Klove Paharganj,It was quite good location and staff was very friendly.,Nothing at all.,10.0,POS,0,,False,False,quite good location staff friendly nothing
954,English,Washington,Glover Park Hotel Georgetown,The hotel is uber luxurious and is surrounded by vibrant city life. It's very close to various tourist locations. Comfortable rooms and commendable service by the staff made our stay a memorable one.,There is nothing to note for the downside.,9.0,POS,1,English(Romanian),False,False,hotel uber luxurious surrounded vibrant city life close various tourist locations comfortable rooms commendable service staff made stay memorable one nothing note downside
148,English,Beijing,SonGy Hundred-year Courtyard Hotel,"Good stable Wi-Fi, helpful staff, they even gave a towel, although this is not provided for accommodation in a hostel.","1 toilet and 1 shower, for 24 people. The shower is clogged all the time. Slippers are common, they are not even washed.",6.0,NEG,0,,False,False,good stable wi fi helpful staff even gave towel although provided accommodation hostel 1 toilet 1 shower 24 people shower clogged time slippers common even washed
802,English,Seoul,Hotel Skypark Central Myeongdong,"Nice location, rooms are clean and comfortable.",Can’t think of anything negative,9.0,POS,0,,False,False,nice location rooms clean comfortable think anything negative
116,English,Beijing,"Holiday Inn Express Beijing Dongzhimen, an IHG Hotel","Location of hotel is good enough and close to the tourist attractions by metro. 
Clean, quite, non-smoking rooms, comfy and with all amenities provided
Amazing Peking duck restaurant across the street",Staff speaks 0 English. This is an international hotel chain and I booked it especially for that reason - thinking that in China (where majority does not speak English) at least these international chain hotels will hire people that can speak English. That was definitely not the case. And especially when there is a problem that would help to deal with any possible issues. Reception staff need to speak fair English as the minimum.,4.0,NEG,0,,False,False,location hotel good enough close tourist attractions metro clean quite non smoking rooms comfy amenities provided amazing peking duck restaurant across street staff speaks 0 english international hotel chain booked especially reason thinking china majority speak english least international chain hotels hire people speak english definitely case especially problem would help deal possible issues reception staff need speak fair english minimum
244,English,Berlin,Ibis budget Berlin Potsdamer Platz,"The Ibis Budget Berlin Potsdamer Platz is a highly convenient option for those on a city trip to Berlin. The hotel's stand-out feature is its location - walking distance to numerous city attractions including the Checkpoint Charlie and the Brandenburg Gate. Public transport is also easily accessible. The rooms, while basic, were clean, functional and remarkably quiet, ample for a restful sleep after a taxing day of sightseeing. The hotel staff were professional and accommodating, always ready to assist and guide with directions and suggestions.","The downside would be the breakfast which, while enjoyable, does not vary much day by day. An addition of some more hot options would be appreciated. Also, more closet space won't be amiss, especially for longer stays. The WiFi, though mostly steady, did have some temporary lags.",8.0,POS,1,English(Chinese),False,False,ibis budget berlin potsdamer platz highly convenient option city trip berlin hotel stand feature location walking distance numerous city attractions including checkpoint charlie brandenburg gate public transport also easily accessible rooms basic clean functional remarkably quiet ample restful sleep taxing day sightseeing hotel staff professional accommodating always ready assist guide directions suggestions downside would breakfast enjoyable vary much day day addition hot options would appreciated also closet space amiss especially longer stays wifi though mostly steady temporary lags
960,English,Washington,Hamilton Hotel - Washington DC,"This hotel is in a perfect location, just three blocks or so from the White House. The staff was friendly and the rooms were clean and comfortable. I also appreciated the fact that there were many restaurants and shops within walking distance.","The only downside was that the Wi-Fi was spotty at times and the breakfast was average, but these were minor details in an otherwise excellent stay.",8.0,POS,1,English(Russian),False,False,hotel perfect location three blocks white house staff friendly rooms clean comfortable also appreciated fact many restaurants shops within walking distance downside wi fi spotty times breakfast average minor details otherwise excellent stay
164,English,Beijing,"Holiday Inn Temple Of Heaven Beijing, an IHG Hotel","The hotel has a high level service with kind and considerate employees. The rooms are nice and well equipped. Compared with many other hotels in China, this one is very orderly. The Gym is well equipped and quite empty during the day. The indoor swimming pool is nice and clean. The breakfast buffet is rich and the coffee is delicious. The location is quiet and nice for tourists as it is closer to the major attractions, but also not so far from the city center. There are also many restaurants around where you can taste local traditional food.","Sometimes, if unlucky, you might get a room with little cigarette smell.",8.0,POS,1,Romanian,False,False,hotel high level service kind considerate employees rooms nice well equipped compared many hotels china one orderly gym well equipped quite empty day indoor swimming pool nice clean breakfast buffet rich coffee delicious location quiet nice tourists closer major attractions also far city center also many restaurants around taste local traditional food sometimes unlucky might get room little cigarette smell
235,English,Berlin,Eurostars Berlin,"The entrance of the Eurostars Berlin Hotel looks great and the location is very convenient for tourists, being located in the city center.","However, the rooms lacked cleanliness. There was dust on the furniture and the bathrooms had broken fittings. The breakfast was subpar considering the price and the service was not very friendly. Furthermore, the noise from the road was clearly audible making it difficult to have a good night sleep. WiFi was also problematic, with a very weak signal.",2.0,NEG,1,English(French),False,False,entrance eurostars berlin hotel looks great location convenient tourists located city center however rooms lacked cleanliness dust furniture bathrooms broken fittings breakfast subpar considering price service friendly furthermore noise road clearly audible making difficult good night sleep wifi also problematic weak signal
413,English,Madrid,Riu Plaza España,"The hotel is in a prime location, very clean, and has friendly staff.",The breakfast was not included in the package price.,8.0,POS,1,English(Chinese),False,False,hotel prime location clean friendly staff breakfast included package price
465,English,Madrid,Eurostars Casa de la Lírica,,"Under bed filthy, very dusty, all bathroom towels old and greying, air conditioning not working, definitely not a FOUR star hotel. More like a 3",4.0,NEG,0,,True,False,bed filthy dusty bathroom towels old greying air conditioning working definitely four star hotel like 3
349,English,Bucharest,"Central Hotel, Trademark Collection by Wyndham",,"The room was not as clean as expected, I could find dust on the surfaces and corners. The breakfast was unvaried and rather bland. Issues with wifi coverage made working in the room problematic. The heating system was not efficient enough to keep the room comfortable during the night.",3.0,NEG,1,English(German),True,False,room clean expected could find dust surfaces corners breakfast unvaried rather bland issues wifi coverage made working room problematic heating system efficient enough keep room comfortable night
935,English,Washington,State Plaza Hotel,It's in a good location and within walking distance to several local attractions.,"There were several downsides during our stay. The bathroom was not clean upon arrival and the room was damp with an unpleasant odor. The walls seem paper thin as we could hear everything from the other rooms, making it hard to sleep. The customer service is wanting, with staff lacking in professionalism and responsiveness.",3.0,NEG,1,English(German),False,False,good location within walking distance several local attractions several downsides stay bathroom clean upon arrival room damp unpleasant odor walls seem paper thin could hear everything rooms making hard sleep customer service wanting staff lacking professionalism responsiveness
416,English,Madrid,Riu Plaza España,Central location,"Overpriced for what it offers, Customer service is appalling, Internet connection is dreadfully slow",3.0,NEG,1,French,False,False,central location overpriced offers customer service appalling internet connection dreadfully slow
534,English,New Delhi,Hyatt Regency Delhi,"staff at the hotel, 
breakfast (variety and quality)
outdoor swimming pool
quiet hotel and good mattress for sleeping
artworks in the hotel",No USB ports in the room to recharge my phone,9.0,POS,0,,False,False,staff hotel breakfast variety quality outdoor swimming pool quiet hotel good mattress sleeping artworks hotel usb ports room recharge phone
136,English,Beijing,"Holiday Inn Express Beijing Temple of Heaven, an IHG Hotel",,The bed is too small to fit a family.,4.0,NEG,0,,True,False,bed small fit family
859,English,Seoul,"Four Points by Sheraton Josun, Seoul Station",The staffs were generally friendly and responsive.,"The hotel rooms were in dire need of refurbishment. The furniture was old and the carpets damp, giving the room a musty smell. Even though it was a non-smoking room, I found cigarette burns on the carpet. Heating system was very inconsistent, blowing cold air even when we asked for warm. The breakfast buffet was quite disappointing with limited choices for the price. To make matters worse, the view from my room was towards an old building, quite a let down considering their prime location. I expected more from a Four Points by Sheraton.",4.0,NEG,1,English(Spanish),False,False,staffs generally friendly responsive hotel rooms dire need refurbishment furniture old carpets damp giving room musty smell even though non smoking room found cigarette burns carpet heating system inconsistent blowing cold air even asked warm breakfast buffet quite disappointing limited choices price make matters worse view room towards old building quite let considering prime location expected four points sheraton
925,English,Washington,Hilton Garden Inn Washington DC Downtown,,The price is too high within the space.,4.0,NEG,0,,True,False,price high within space
147,English,Beijing,SonGy Hundred-year Courtyard Hotel,Convenient location. Nice staff.,"The bathroom was DISGUSTING! I couldn’t finish my stay, I left because of it! the dorm room had zero space and uncomfortable beds. 
the trash bins are always full and occupy 30% of the yard space! 
Some people are allergic to cats, I wish they didn’t let the cat in the lounge, the only place one can relax in such a place!",4.0,NEG,0,,False,False,convenient location nice staff bathroom disgusting finish stay left dorm room zero space uncomfortable beds trash bins always full occupy 30 yard space people allergic cats wish let cat lounge place one relax place
804,English,Seoul,Hotel Skypark Central Myeongdong,"Solid choice for a hotel; very nearby metro and bus lines, 1 minute walk to shopping areas. You have everything you need nearby.","Table could be a bit bigger because we often have snacks.
Didn't use the breakfast facilities but that's because there's so many options nearby",9.0,POS,0,,False,False,solid choice hotel nearby metro bus lines 1 minute walk shopping areas everything need nearby table could bit bigger often snacks use breakfast facilities many options nearby
718,English,Rome,The Hive Hotel,The architecture of the hotel was somewhat appealing.,"The service was a letdown; it was slow and inefficient. The room that I stayed in was relatively small and lacked necessary amenities. The noise level from the street was also bothersome during the night. Furthermore, the breakfast was below par, with limited options and the food was quite tasteless. I wouldn't recommend this hotel to anyone due to its substandard service and lack of basic facilities.",3.0,NEG,1,German,False,False,architecture hotel somewhat appealing service letdown slow inefficient room stayed relatively small lacked necessary amenities noise level street also bothersome night furthermore breakfast par limited options food quite tasteless recommend hotel anyone due substandard service lack basic facilities
244,English,Berlin,Ibis budget Berlin Potsdamer Platz,Super comfortable room and perfect location.,,9.0,POS,0,,False,True,super comfortable room perfect location
544,English,New Delhi,The Prime Delhi,"The Prime Delhi won me over with its friendly and accommodating staff, fantastic onsite restaurant, and clean, comfortable rooms. The hotel's proximity to numerous popular attractions was a great bonus and the ambience was beautiful.","There is not much to dislike about this hotel. However, some may find the room service a bit too expensive.",8.0,POS,1,German,False,False,prime delhi friendly accommodating staff fantastic onsite restaurant clean comfortable rooms hotel proximity numerous popular attractions great bonus ambience beautiful much dislike hotel however may find room service bit expensive
732,English,Rome,NH Roma Villa Carpegna,"The location was lovely, being in a quiet neighborhood, away from the hustle and bustle of the city center. The staff was friendly and helpful.","The WIFI service was a bit spotty at times, which could be improved.",8.0,POS,1,Korean,False,False,location lovely quiet neighborhood away hustle bustle city center staff friendly helpful wifi service bit spotty times could improved
287,English,Berlin,Estrel Berlin,the property was ok and it had good space,the location was in a very bad area,3.0,NEG,0,,False,False,property ok good space location bad area
31,English,Ankara,The Green Park Ankara,"The Green Park Ankara is truly a jewel of a hotel. The rooms are spacious and well appointed, and the staff is superb. Their kindness and attention to detail really make for a pleasant stay. Furthermore, the location is excellent, providing easy access to the heart of Ankara. Highly recommended for any stay.",,8.0,POS,1,German,False,False,green park ankara truly jewel hotel rooms spacious well appointed staff superb kindness attention detail really make pleasant stay furthermore location excellent providing easy access heart ankara highly recommended stay
963,English,Washington,Hamilton Hotel - Washington DC,"My daughter and I were taking a small getaway. We chose the hotel for the location, which was excellent. The room was clean and the bed was so comfortable. AND the smell in the lobby-WOW. It was fantastic to have something so fragrant every time we entered the lobby. The staff was very helpful, kind and professional.","As is custom for hotels today, the mini-bar was not well-received by us due to it combining snacks and water with alcoholic beverages. It is very tempting for a family to grab without realizing the cost until after the sensor was activated and the room is charged. Providing a mini convenience area in the lobby would have offered variety in terms of snacks and would have had a variety of non-alcoholic drinks. As for the restaurant please have dishes that are non-dairy, my daughter didn't like anything on the adjusted menu and therefore had to settle on Five Guys and Chipolte.",9.0,POS,0,,False,False,daughter taking small getaway chose hotel location excellent room clean bed comfortable smell lobby wow fantastic something fragrant every time entered lobby staff helpful kind professional custom hotels today mini bar well received us due combining snacks water alcoholic beverages tempting family grab without realizing cost sensor activated room charged providing mini convenience area lobby would offered variety terms snacks would variety non alcoholic drinks restaurant please dishes non dairy daughter like anything adjusted menu therefore settle five guys chipolte
60,English,Ankara,Inn 14 Hostel,"Cosy and comfy modern hostel with amazing terrace and perfect location
Stayed twice",,10.0,POS,0,,False,True,cosy comfy modern hostel amazing terrace perfect location stayed twice
985,English,Washington,Hilton Washington DC Capitol Hill,The staff were incredibly kind and sweet. The restaurants inside the hotel when amazing.,"The room had a lot of things wrong with it. Chipped paint, clogged sinks with standing water, broken air conditioner,bathroom shower door was broken also, and mold was inside the bathroom mirror. Those were just a few of the issues.",3.0,NEG,0,,False,False,staff incredibly kind sweet restaurants inside hotel amazing room lot things wrong chipped paint clogged sinks standing water broken air conditioner bathroom shower door broken also mold inside bathroom mirror issues
439,English,Madrid,NH Barajas Airport,The convenient location to the airport.,"The soundproofing of the rooms was very poor - I could hear every conversation and movement from the rooms next door and above. Also, the cleanliness of the room left much to be desired, with noticeable dust and stains on the carpet. Lastly, the service at the hotel restaurant was disappointingly slow and inefficient.",3.0,NEG,1,English(Spanish),False,False,convenient location airport soundproofing rooms poor could hear every conversation movement rooms next door also cleanliness room left much desired noticeable dust stains carpet lastly service hotel restaurant disappointingly slow inefficient
390,English,Bucharest,The Embassy Nord,"Nice comfortable rooms, friendly staff and good breakfast.","The location could be closer to the city center, but it wasn't too much of an inconvenience.",8.0,POS,1,Chinese,False,False,nice comfortable rooms friendly staff good breakfast location could closer city center much inconvenience
85,English,Ankara,ibis Ankara Airport Hotel,The bed was comfortable.,"Despite being close to the airport, the noise levels from the airplanes were intolerable. The staff didn't seem to care about the guests' satisfaction, and customer service was poor. The rooms were also inadequately cleaned, making our stay uncomfortable.",3.0,NEG,1,English(German),False,False,bed comfortable despite close airport noise levels airplanes intolerable staff seem care guests satisfaction customer service poor rooms also inadequately cleaned making stay uncomfortable
126,English,Beijing,The Great Wall Hotel Beijing,location,WiFi connectivity very bad,4.0,NEG,0,,False,False,location wifi connectivity bad
782,English,Rome,Exe International Palace,the hotel is located across the street from a supermarket and next to a variaty of other shops and news stands. a walking distance from all main attractions and the public bus/train station. very nice stuff.,the wi-fi did not work from our room and the hotel couldn't fix it our entire stay.,9.0,POS,0,,False,False,hotel located across street supermarket next variaty shops news stands walking distance main attractions public bus train station nice stuff wi fi work room hotel fix entire stay
969,English,Washington,Hamilton Hotel - Washington DC,location was fabulous,"breakfast choice was very limited. we chose to eat elsewhere.
my credit card was over refunded! the hotel billing system is complicated, apparently my checking out invoice didnt contain all the charged items. unsatisisfactory",3.0,NEG,0,,False,False,location fabulous breakfast choice limited chose eat elsewhere credit card refunded hotel billing system complicated apparently checking invoice didnt contain charged items unsatisisfactory
568,English,New Delhi,Hotel International Inn - Near Delhi Airport,"The Hotel International Inn offered free shuttle service from the airport, which was convenient after a long journey. The staff was friendly and made an effort to help us with our needs.","The room, unfortunately, was not as comfortable as I expected. It was quite small and had little natural light. The air conditioning didn't cool the room enough, which made our stay uncomfortable. The cleanliness was another issue that concerned us during our stay, with the bed sheets and bathroom not being up to standard. Additionally, the hotel's location wasn't the most appealing - there were very few dining and shopping options in the nearby area.",2.0,NEG,1,English(French),False,False,hotel international inn offered free shuttle service airport convenient long journey staff friendly made effort help us needs room unfortunately comfortable expected quite small little natural light air conditioning cool room enough made stay uncomfortable cleanliness another issue concerned us stay bed sheets bathroom standard additionally hotel location appealing dining shopping options nearby area
973,English,Washington,Riggs Washington DC,,very uncomfortable room.,3.0,NEG,0,,True,False,uncomfortable room
99,English,Ankara,Raymar Hotels Ankara,The staff was friendly and the location was conveniently close to the city center.,"However, the hotel's overall cleanliness needs major improvement, particularly in the bathrooms where there were signs of mildew. The noise level was also quite high, resulting in a lack of proper sleep.",3.0,NEG,1,Korean,False,False,staff friendly location conveniently close city center however hotel overall cleanliness needs major improvement particularly bathrooms signs mildew noise level also quite high resulting lack proper sleep
43,English,Ankara,Grand Mercure Ankara,A wonderful stay set in a great location! Service was fantastic and the food was pure culinary brilliance. The room was pristine and comfortable with an unmatched view.,The WiFi was slightly slow and had occasional disconnects.,8.0,POS,1,English(French),False,False,wonderful stay set great location service fantastic food pure culinary brilliance room pristine comfortable unmatched view wifi slightly slow occasional disconnects
129,English,Beijing,The Great Wall Hotel Beijing,Convenient location and nice city views,"Very poor service. The staff didn't seem to care at all about their guests. The rooms were not clean and we were disappointed by the amenities provided. Overall, not a good value for money.",2.0,NEG,1,Korean,False,False,convenient location nice city views poor service staff seem care guests rooms clean disappointed amenities provided overall good value money
722,English,Rome,Hotel 87 eighty-seven - Maison d'Art Collection,"The hotel is beautifully decorated with tasteful artwork, the staff are very friendly and helpful. Rooms are clean, comfortable and well-maintained. It's in an excellent location, walking distance to many tourist attractions and well connected to public transportation.","The only downside would be a little noise from the street, but it's quite minor and expected being in the city center.",9.0,POS,1,English(Turkish),False,False,hotel beautifully decorated tasteful artwork staff friendly helpful rooms clean comfortable well maintained excellent location walking distance many tourist attractions well connected public transportation downside would little noise street quite minor expected city center
329,English,Bucharest,Central Guesthouse,Great location and very clean.,"The apartment had an overpowering smell of damp, and also felt damp as though it had been unused for some time (including the bedding). We were unaware when booking that it was a basement and didn’t have any natural light. The bathroom sink leaked and the shower turned the bathroom into a wet room. Overall very disappointing",4.0,NEG,0,,False,False,great location clean apartment overpowering smell damp also felt damp though unused time including bedding unaware booking basement natural light bathroom sink leaked shower turned bathroom wet room overall disappointing
130,English,Beijing,"Holiday Inn Express Beijing Temple of Heaven, an IHG Hotel","I found Holiday Inn Express Beijing Temple of Heaven to be a very comfy and enjoyable place to stay. It's located not too far from the city centre, providing easy access to popular attractions and public transport. The room was clean, spacious and had a lovely view. The staff were welcoming and helpful, they truly made the stay pleasant. The breakfast buffet had a good choice of local as well as Western dishes, which was a delightful way to start each day.","There were minor communication hiccups given the language barriers, but nothing too major that it affected my overall experience.",8.0,POS,1,Chinese,False,False,found holiday inn express beijing temple heaven comfy enjoyable place stay located far city centre providing easy access popular attractions public transport room clean spacious lovely view staff welcoming helpful truly made stay pleasant breakfast buffet good choice local well western dishes delightful way start day minor communication hiccups given language barriers nothing major affected overall experience
389,English,Bucharest,AT Central Apartments,,"Very unstable internet, not possible to work there",6.0,NEG,0,,True,False,unstable internet possible work
513,English,New Delhi,Hotel Opera New Delhi,Amazing breakfast. Allowed us to start our day perfectly. Each meal was a fun treat of trying different tasty Indian dishes and western. Good work out facility and great pool. Staff was incredibly helpful at every moment. Namaste!,,9.0,POS,0,,False,True,amazing breakfast allowed us start day perfectly meal fun treat trying different tasty indian dishes western good work facility great pool staff incredibly helpful every moment namaste
54,English,Ankara,Esila Hotel,"Esila Hotel offers genuinely friendly staff who are always ready to assist. It's in a great location, within walking distance of local attractions. The rooms are impeccably clean and the food is delicious.","However, the WiFi could be a bit spotty at times, and the soundproofing isn't quite 100%. But overall, these were just minor drawbacks in an otherwise excellent stay.",8.0,POS,1,English(Chinese),False,False,esila hotel offers genuinely friendly staff always ready assist great location within walking distance local attractions rooms impeccably clean food delicious however wifi could bit spotty times soundproofing quite 100 overall minor drawbacks otherwise excellent stay
910,English,Washington,Motto by Hilton Washington DC City Center,"The Motto by Hilton Washington DC City Center is an absolute gem of a hotel. The location was unbeatable, making the heart of the city easily accessible. The rooms were well furnished, comfortable, and impeccably clean. The staff was friendly, welcoming, and always available for help or recommendations.","The only minor inconvenience during my stay was the limited options for food in their in-house restaurant. However, the location compensated for that with many amazing eateries just around the corner.",8.0,POS,1,French,False,False,motto hilton washington dc city center absolute gem hotel location unbeatable making heart city easily accessible rooms well furnished comfortable impeccably clean staff friendly welcoming always available help recommendations minor inconvenience stay limited options food house restaurant however location compensated many amazing eateries around corner
232,English,Berlin,Eurostars Berlin,"Central, clean, modern and great facilities.",My view was non existent but quiet.,9.0,POS,0,,False,False,central clean modern great facilities view non existent quiet
32,English,Ankara,The Green Park Ankara,The view and it was clean,"The staff should learn more english and there should be clearer instructions about the buffet, pool and all facilities",9.0,POS,0,,False,False,view clean staff learn english clearer instructions buffet pool facilities
677,English,Paris,Hotel Minerve,The hotel is nicely located with access to great views of Notre Dame and Seine River. Staff was generally polite.,"Though the location is good, unfortunately, it feels like that's where the good parts ended. The rooms are quite small, which wouldn't be so bad if they were cleaner. It was a non-smoking room, yet there were several cigarette burns on the curtains and bedding. Moreover, WiFi was practically non-existent, and the noise from other rooms and the hall was audible all the time. The hotel is also in need of a proper renovation, everything seemed old and exhausted.",3.0,NEG,1,English(Turkish),False,False,hotel nicely located access great views notre dame seine river staff generally polite though location good unfortunately feels like good parts ended rooms quite small bad cleaner non smoking room yet several cigarette burns curtains bedding moreover wifi practically non existent noise rooms hall audible time hotel also need proper renovation everything seemed old exhausted
487,English,Madrid,Hotel Avenida Gran Vía,"Room was very small and not all that clean.
Very disappointed 😞 
Location was excellent 👌",Most of all the cleanliness,4.0,NEG,0,,False,False,room small clean disappointed location excellent cleanliness
646,English,Paris,Hôtel Lodge In Paris 13,Lounge area and buffet breakfast was fine.,"Room was much smaller than family room looked online. We were expecting a seating area, table and chairs. We got 4 bunk beds as expected and 1 seat at a bench to share!",3.0,NEG,0,,False,False,lounge area buffet breakfast fine room much smaller family room looked online expecting seating area table chairs got 4 bunk beds expected 1 seat bench share
936,English,Washington,State Plaza Hotel,"The location was convenient, close to many tourist attractions.","The rooms were dated and could use some renovations. Additionally, the customer service was lacking and staff were not as responsive or courteous as expected.",3.0,NEG,1,Korean,False,False,location convenient close many tourist attractions rooms dated could use renovations additionally customer service lacking staff responsive courteous expected
169,English,Beijing,"Holiday Inn Temple Of Heaven Beijing, an IHG Hotel","The hotel is well situated near the Temple Of Heaven, which made sightseeing convenient. The hotel also had a lovely interior decor with traditional Chinese elements that enhances its charm.","However, there were several aspects that were quite disappointing. Firstly, the room service was extremely slow, often taking more than an hour to deliver simple orders. The cleaning standards also left a lot to be desired, as I found dust on the furniture in my room. Additionally, the WiFi signal in the room was considerably weak, leading to frequent disconnections, which made it difficult to do some necessary work online.",4.0,NEG,1,English(Italian),False,False,hotel well situated near temple heaven made sightseeing convenient hotel also lovely interior decor traditional chinese elements enhances charm however several aspects quite disappointing firstly room service extremely slow often taking hour deliver simple orders cleaning standards also left lot desired found dust furniture room additionally wifi signal room considerably weak leading frequent disconnections made difficult necessary work online
898,English,Seoul,Hotel Skypark Myeongdong 1,"The location was great, right in the heart of Myeongdong. Close to shopping and the subway. The rooftop view was a nice touch.",The rooms are small and outdated. The WiFi was unreliable at best. The breakfast buffet wasn't worth the cost and the selection was disappointing.,4.0,NEG,1,Romanian,False,False,location great right heart myeongdong close shopping subway rooftop view nice touch rooms small outdated wifi unreliable best breakfast buffet worth cost selection disappointing
67,English,Ankara,Inn 14 Hostel,"The location of the Inn 14 Hostel in Ankara is quite good, being centrally located, and the lobby has a welcoming environment.","It was quite a disappointing experience staying at the Inn 14 Hostel. The rooms were small and not maintained properly. The heating system was not working well, leading to an uncomfortable night. Additionally, the staff seemed unprofessional, and their lack of prompt service was quite disheartening. The noise from the adjacent street was also disturbing, making it difficult to rest properly.",3.0,NEG,1,English(Turkish),False,False,location inn 14 hostel ankara quite good centrally located lobby welcoming environment quite disappointing experience staying inn 14 hostel rooms small maintained properly heating system working well leading uncomfortable night additionally staff seemed unprofessional lack prompt service quite disheartening noise adjacent street also disturbing making difficult rest properly
116,English,Beijing,"Holiday Inn Express Beijing Dongzhimen, an IHG Hotel",Proximity to subway,"The room was barely cleaned, the air conditioning was poor and the breakfast lacked variety",3.0,NEG,1,Italian,False,False,proximity subway room barely cleaned air conditioning poor breakfast lacked variety
108,English,Beijing,Novotel Beijing Peace,"The hotel's location is quite convenient, providing easy access to local attractions and public transportation","My stay at Novotel Beijing Peace was filled with disappointment from the start. The check-in was slow with staff that seemed disinterested. The amenities were not up to par with what you would expect from such a renowned chain - the carpeting in the rooms was old and stained, the TV had a rather limited selection of channels and the air conditioning did not work, which made for some uncomfortable nights. Furthermore, the noise from the street was quite disturbing even during the night. Lastly, the food served for breakfast at the restaurant was bland and lacked variety.",3.0,NEG,1,Italian,False,False,hotel location quite convenient providing easy access local attractions public transportation stay novotel beijing peace filled disappointment start check slow staff seemed disinterested amenities par would expect renowned chain carpeting rooms old stained tv rather limited selection channels air conditioning work made uncomfortable nights furthermore noise street quite disturbing even night lastly food served breakfast restaurant bland lacked variety
887,English,Seoul,Hotel Skypark Dongdaemun I,The location was quite convenient.,"Unfortunately, the room was in an unsatisfactory state with unresponsive staff and inconsistent room service.",2.0,NEG,1,Spanish,False,False,location quite convenient unfortunately room unsatisfactory state unresponsive staff inconsistent room service
231,English,Berlin,Eurostars Berlin,"The Eurostars Berlin is an excellent choice for anyone travelling to the city. The location is prime, close to the busy district but quiet enough to get a good night's sleep. The rooms were clean, and the staff were very kind and accommodating. The breakfast was well worth the price, offering a variety of choices from traditional options to healthier ones.","I can't think of any particularly significant downsides to this hotel. While there's always room for improvement, I found their services to be in line with what one would expect from a hotel of this standard.",9.0,POS,1,Russian,False,False,eurostars berlin excellent choice anyone travelling city location prime close busy district quiet enough get good night sleep rooms clean staff kind accommodating breakfast well worth price offering variety choices traditional options healthier ones think particularly significant downsides hotel always room improvement found services line one would expect hotel standard
868,English,Seoul,Stay Hotel Gangnam,the only good thing about this place is the staff is nice.,it was dirty and gross. there were splatters on the walls and a hole in the wall from a fist. the floors had hair all over them. the wall was crumbling. there was a huge vomit stain on the floor.,3.0,NEG,0,,False,False,good thing place staff nice dirty gross splatters walls hole wall fist floors hair wall crumbling huge vomit stain floor
715,English,Rome,The Hive Hotel,it was clean to be honest,The staff.,4.0,NEG,0,,False,False,clean honest staff
13,English,Ankara,Hotel Cinnah,perfect location,I was quoted in euros when I got to the hotel they charged me Turkish lira which equated to about £7 more. tried to speak to receptionist (a different one from the one that checked me in) He just couldn’t see the problem,9.0,POS,0,,False,False,perfect location quoted euros got hotel charged turkish lira equated 7 tried speak receptionist different one one checked see problem
563,English,New Delhi,Hotel International Inn - Near Delhi Airport,"The proximity to the airport was perfect for our early morning flight and the hotel provided reliable shuttle service. The rooms are comfortable, quiet, and the staff was extremely courteous. The on-site restaurant served appetizing meals that were reasonably priced.",The wifi connectivity was a bit unpredictable and could definitely use some improvement.,8.0,POS,1,English(French),False,False,proximity airport perfect early morning flight hotel provided reliable shuttle service rooms comfortable quiet staff extremely courteous site restaurant served appetizing meals reasonably priced wifi connectivity bit unpredictable could definitely use improvement
533,English,New Delhi,Hyatt Regency Delhi,"I liked the courtesy extended by the staff, one and all, good spread at the breakfast, we dined at the italian restuarant - was a good experience, at first the room was assigned was at the extreme corner of the hotel wit a city view, didn't like it, got it changed to a pool view, though again at the extreme end of the building, still did have a better with the pool view.
Overall was a pleasant experience during our 4 days stay",Nothing that I did not like,9.0,POS,0,,False,False,liked courtesy extended staff one good spread breakfast dined italian restuarant good experience first room assigned extreme corner hotel wit city view like got changed pool view though extreme end building still better pool view overall pleasant experience 4 days stay nothing like
125,English,Beijing,The Great Wall Hotel Beijing,The view from the room was impressive and the location was close to the city center.,"The Great Wall Hotel Beijing was something of a disappointment. Although it's advertised as a luxury hotel, the room decor was outdated and tired. The carpets in the hallways were worn and unclean, and the elevator was sluggish. Furthermore, the staff's English proficiency was limited and it made communication challenging. The WiFi connection was poor and inconsistent. Additionally, the buffet breakfast was repetitive and lacked variety. Rooms were inadequately soundproofed; noise from surrounding rooms and the hallway was easily audible. Lastly, the bathrooms used outdated fixtures and there were constant issues with running hot water.",4.0,NEG,1,English(French),False,False,view room impressive location close city center great wall hotel beijing something disappointment although advertised luxury hotel room decor outdated tired carpets hallways worn unclean elevator sluggish furthermore staff english proficiency limited made communication challenging wifi connection poor inconsistent additionally buffet breakfast repetitive lacked variety rooms inadequately soundproofed noise surrounding rooms hallway easily audible lastly bathrooms used outdated fixtures constant issues running hot water
48,English,Ankara,Grand Mercure Ankara,"The location is quite central, but that's about it.","Unpleasant smell in the rooms and the corridors, slow wifi and not so clean bathrooms.",2.0,NEG,1,English(Turkish),False,False,location quite central unpleasant smell rooms corridors slow wifi clean bathrooms
959,English,Washington,Glover Park Hotel Georgetown,"location is great. clean and nice, little kitchen inside was quite handy for breakfast","we contacted the property couple days in advance and requested a baby crib which wasn’t there at the time of arrival. It was about 11pm the staff couldn’t help us with that since “the room with cribs is locked and keys will be there only at the morning”. My baby is used to sleep by her own in a babybed and that was a very important for us, we payed extra for a hotel with such option. first night was awful and we’ve slept for only about 4hours.
second - garage clearance doesn’t allow big trucks and we had to park 5mins away from the hotel. not a bad thing but it’s very annoying when traveling with kids",4.0,NEG,0,,False,False,location great clean nice little kitchen inside quite handy breakfast contacted property couple days advance requested baby crib time arrival 11pm staff help us since room cribs locked keys morning baby used sleep babybed important us payed extra hotel option first night awful slept 4hours second garage clearance allow big trucks park 5mins away hotel bad thing annoying traveling kids
134,English,Beijing,"Holiday Inn Express Beijing Temple of Heaven, an IHG Hotel","Breakfast was a winner, location perfect near Tian Qiao subway station, Tian Tan Park, Beijing natural History Museum, Tian Qiao Performance Center, many good restaurants, etc. Staff courteous and helpful. Room clean. Price was ok. I will definitely stay there again.",No downsides.,9.0,POS,0,,False,False,breakfast winner location perfect near tian qiao subway station tian tan park beijing natural history museum tian qiao performance center many good restaurants etc staff courteous helpful room clean price ok definitely stay downsides
487,English,Madrid,Hotel Avenida Gran Vía,"The hotel had a great location, easy to find and close to city attractions.","The room was very small and it was impossible to properly open a suitcase. Air conditioning did not work properly and there was no way to ventilate the room. The overall impression was not very clean, for instance the bedding was stained and worn out. The breakfast was poor, with very little choice and hardly any fresh products. The staff was not very helpful and some of them did not speak English.",3.0,NEG,1,Russian,False,False,hotel great location easy find close city attractions room small impossible properly open suitcase air conditioning work properly way ventilate room overall impression clean instance bedding stained worn breakfast poor little choice hardly fresh products staff helpful speak english
785,English,Rome,Exe International Palace,The hotel's location close to some tourist attractions is commendable,"The hotel, Exe International Palace, doesn't live up to the expectations it sets with its grand name. The rooms are outdated, with peeling wallpaper and questionable cleanliness throughout. Requests for room service were met with long wait times and subpar food quality. The internet connection was frustratingly weak, making it impossible to conduct any necessary work or research. The noise levels were also unacceptable due to poor soundproofing and annoying road traffic. The staff lacked warmth and attentiveness, further detracting from the overall experience",2.0,NEG,1,English(German),False,False,hotel location close tourist attractions commendable hotel exe international palace live expectations sets grand name rooms outdated peeling wallpaper questionable cleanliness throughout requests room service met long wait times subpar food quality internet connection frustratingly weak making impossible conduct necessary work research noise levels also unacceptable due poor soundproofing annoying road traffic staff lacked warmth attentiveness detracting overall experience
383,English,Bucharest,AT Central Apartments,"The room, the kitchen, the roof is amazing. Free coffee machine","The living room + kitchen has an air conditioner.
The bedroom doesn't have and it is very hot during the summer",10.0,POS,0,,False,False,room kitchen roof amazing free coffee machine living room kitchen air conditioner bedroom hot summer
441,English,Madrid,Catalonia Gran Vía Madrid,Central place,Loved everything,10.0,POS,0,,False,False,central place loved everything
7,English,Ankara,Hotel Ickale,The location was central,"Unfortunately, the cleanliness was just not up to standard. I spotted dirt in several areas of my room, and the bathroom was not in the best condition either. The service was also lacking, with staff often seeming uninterested or unavailable. In this competitive industry, lack of attention to detail can seriously hinder a hotel's reputation. I cannot recommend this hotel and would advise other travelers to find another place to stay in Ankara.",3.0,NEG,1,German,False,False,location central unfortunately cleanliness standard spotted dirt several areas room bathroom best condition either service also lacking staff often seeming uninterested unavailable competitive industry lack attention detail seriously hinder hotel reputation cannot recommend hotel would advise travelers find another place stay ankara
163,English,Beijing,"Holiday Inn Temple Of Heaven Beijing, an IHG Hotel","The Holiday Inn Temple Of Heaven is a remarkable hotel with exceptional staff. Its location is just a stone's throw away from major attractions, offering convenience. The rooms are modern, spacious and well-furnished, which made my stay very comfortable. The hotel's amenities are also commendable including a well-equipped gym and delightful breakfast spread.",I honestly cannot think of any negatives,9.0,POS,1,English(German),False,False,holiday inn temple heaven remarkable hotel exceptional staff location stone throw away major attractions offering convenience rooms modern spacious well furnished made stay comfortable hotel amenities also commendable including well equipped gym delightful breakfast spread honestly cannot think negatives
938,English,Washington,State Plaza Hotel,"Location was great, within walking distance to several landmarks and sights.","The hotel looks quite tired and needs a lot of refurbishment. The heating system was noisy and we could hear everything from the street, the windows need to be replaced. We also had issues with the plumbing in our bathroom that took two days to fix. The staff were not particularly friendly or helpful and seemed overwhelmed.",2.0,NEG,1,English(Romanian),False,False,location great within walking distance several landmarks sights hotel looks quite tired needs lot refurbishment heating system noisy could hear everything street windows need replaced also issues plumbing bathroom took two days fix staff particularly friendly helpful seemed overwhelmed
241,English,Berlin,Ibis budget Berlin Potsdamer Platz,"Fantastic location and well-priced. 
The rooms were simple, but clean and comfy.",It was a pity that they didn't have many dining options.,8.0,POS,1,Korean,False,False,fantastic location well priced rooms simple clean comfy pity many dining options
335,English,Bucharest,Upstairs Boutique,The hotel is within walking distance to the major attractions.,The bedside lamp was not functioning. Breakfast was lacking variety. Overall customer service needs to be improved; staff need to pay more attention to customer concerns.,4.0,NEG,1,Spanish,False,False,hotel within walking distance major attractions bedside lamp functioning breakfast lacking variety overall customer service needs improved staff need pay attention customer concerns
710,English,Rome,The Hive Hotel,it is modern and very good location and staff,breakfast was not included,10.0,POS,0,,False,False,modern good location staff breakfast included
636,English,Paris,Adveniat Paris,Location was good and close to all the attraction,No AC !! It was a nightmare !! I never got any sleep due to the horrible heat in Paris. With no AC and a fan it was impossible to get a restful sleep. I end up sleeping at a park during morning day. Staying at 6 th floor was awful,3.0,NEG,0,,False,False,location good close attraction ac nightmare never got sleep due horrible heat paris ac fan impossible get restful sleep end sleeping park morning day staying 6 th floor awful
93,English,Ankara,Raymar Hotels Ankara,The property is in perfect location. everything is at walking distance.,,9.0,POS,0,,False,True,property perfect location everything walking distance
422,English,Madrid,Eurostars Madrid Tower,The staff were fantastic and the rooms were spacious with outstanding views.,The downside however was that the WiFi was slow and the heating system was a little noisy.,8.0,POS,1,Chinese,False,False,staff fantastic rooms spacious outstanding views downside however wifi slow heating system little noisy
363,English,Bucharest,Hotel Michelangelo,"The Hotel Michelangelo in Bucharest is a joy to stay at. Staff are welcoming, and the rooms are beautifully furnished and comfortable. The location is excellent, within easy reach to local attractions.","There was occasional noise from traffic, but this was minimal.",8.0,POS,1,English(Romanian),False,False,hotel michelangelo bucharest joy stay staff welcoming rooms beautifully furnished comfortable location excellent within easy reach local attractions occasional noise traffic minimal
628,English,Paris,Hotel Nation Montmartre,"Well, the location was okay",Rooms were really small and the bathroom was not at all living up to standards. Views were blocked by neighboring buildings. Service was not great either.,2.0,NEG,1,Turkish,False,False,well location okay rooms really small bathroom living standards views blocked neighboring buildings service great either
142,English,Beijing,SonGy Hundred-year Courtyard Hotel,Location is perfect,,9.0,POS,0,,False,True,location perfect
251,English,Berlin,Ballhaus Berlin Hostel,"Hostel situated in a great location, staff friendly, rooms clean.",WiFi signal could be stronger.,8.0,POS,1,Chinese,False,False,hostel situated great location staff friendly rooms clean wifi signal could stronger
152,English,Beijing,Grand Millennium Beijing,Rooms and location,Breakfast was ok but not great,9.0,POS,0,,False,False,rooms location breakfast ok great
100,English,Beijing,Novotel Beijing Peace,location can’t be beat! right by a subway station and Wangfujing street.,building showing it’s age in some areas,10.0,POS,0,,False,False,location beat right subway station wangfujing street building showing age areas
679,English,Paris,Hotel Minerve,The hotel has a nice façade and is located in an area with plenty of nearby eateries.,"Unfortunately, my stay at Hotel Minerve was less than pleasant. The hotel rooms seem much smaller than they appear in the pictures. The staff were inconsistent in their service and often seemed disinterested. The most disheartening issue, however, was the cleanliness of the room. The sheets appeared unwashed and I found dust in various spots around the room. To top it all off, the noise levels at night were unbearable with loud street noise and poor sound isolation within the hotel. I would not recommend this hotel to fellow tourists seeking a comfortable and relaxed stay in Paris.",2.0,NEG,1,English(Russian),False,False,hotel nice façade located area plenty nearby eateries unfortunately stay hotel minerve less pleasant hotel rooms seem much smaller appear pictures staff inconsistent service often seemed disinterested disheartening issue however cleanliness room sheets appeared unwashed found dust various spots around room top noise levels night unbearable loud street noise poor sound isolation within hotel would recommend hotel fellow tourists seeking comfortable relaxed stay paris
263,English,Berlin,Hotel Vivaldi Berlin am Kurfürstendamm,"The location is wonderful, everything was just around the corner. I want to thank Anna and Vladimir for hospitality, I really liked my room, it was neat and very quiet during the night. I definitely would like to come back!","We had some issue with the keys that stopped working on the second day, but Anna helped us a lot and the problem was resolved very easily. I also wasn't a fan of a big pillow, but it's a personal preference. Other than that, everything was okay :)",10.0,POS,0,,False,False,location wonderful everything around corner want thank anna vladimir hospitality really liked room neat quiet night definitely would like come back issue keys stopped working second day anna helped us lot problem resolved easily also fan big pillow personal preference everything okay
368,English,Bucharest,Hotel Michelangelo,The staff was friendly and the breakfast was good with a lot of variety.,"The rooms were outdated, the furniture was old and the carpets were dirty. The bathroom had broken tiles and the shower was clogged. The air conditioning was also not working properly and made sleeping uncomfortable. The hotel definitely needs a major renovation.",3.0,NEG,1,Chinese,False,False,staff friendly breakfast good lot variety rooms outdated furniture old carpets dirty bathroom broken tiles shower clogged air conditioning also working properly made sleeping uncomfortable hotel definitely needs major renovation
820,English,Seoul,Orakai Insadong Suites,"Great location, spacious rooms and excellent staff. The kitchen facilities were a plus point too!","A little overhaul in the rooms could make the hotel even better, but it's still pretty good!",8.0,POS,1,Spanish,False,False,great location spacious rooms excellent staff kitchen facilities plus point little overhaul rooms could make hotel even better still pretty good
593,English,New Delhi,Bloomrooms @ New Delhi Railway Station,location. friendly staff and very helpful.,none,9.0,POS,0,,False,False,location friendly staff helpful none
800,English,Seoul,Hotel Skypark Central Myeongdong,"I think the location was excellent, also the request for rooms to be close together was done which was extremely helpful and meant the time at the hotel was more convenient and fun.
When asked if my birthday cake could be put in a larger fridge as the one in the room was too small the staff were very helpful and said yes straight way, also any other requests were very helpful.
Room was cleaned everyday very well.
Eventhough we didn't use it the vending machine in the lobby with all extra toiletries seemed like a very good idea.","Eventhough there were different culture options for breakfast, which was good there were not many of these options so choices were restricted.",10.0,POS,0,,False,False,think location excellent also request rooms close together done extremely helpful meant time hotel convenient fun asked birthday cake could put larger fridge one room small staff helpful said yes straight way also requests helpful room cleaned everyday well eventhough use vending machine lobby extra toiletries seemed like good idea eventhough different culture options breakfast good many options choices restricted
858,English,Seoul,"Four Points by Sheraton Josun, Seoul Station","Location is relatively central, room is clean and they provide refrigerator and safe in the room which is a plus point. The staff at the front desk was friendly and efficient during check-in and check-out.","The rooms are rather small and the walls were thin which makes it hard to get a good night's sleep since you can hear your neighbor's chatter and TV sound. The breakfast was identical every morning with very limited variation which got very boring soon. Addition to this, the hotel service was underwhelming with some of the staff being unresponsive to requests.",3.0,NEG,1,English(German),False,False,location relatively central room clean provide refrigerator safe room plus point staff front desk friendly efficient check check rooms rather small walls thin makes hard get good night sleep since hear neighbor chatter tv sound breakfast identical every morning limited variation got boring soon addition hotel service underwhelming staff unresponsive requests
961,English,Washington,Hamilton Hotel - Washington DC,"The Hamilton Hotel - Washington DC provided an exceptional stay. From the warm welcomes from the friendly staff to the sheer elegance of the architecture, our experience was nothing short of perfection. The rooms were spacious and impeccably clean, offering a stunning view of the cityscape. The convenient location in the heart of Washington DC made sightseeing a breeze, providing easy access to public transportation. The in-hotel restaurant also deserves mention - the diverse menu and fine-dining experience were impressive.","While our overall experience was memorable, I found the Wi-Fi connection to be somewhat spotty at times within the room, which could be inconvenient for business travelers. ",8.0,POS,1,English(French),False,False,hamilton hotel washington dc provided exceptional stay warm welcomes friendly staff sheer elegance architecture experience nothing short perfection rooms spacious impeccably clean offering stunning view cityscape convenient location heart washington dc made sightseeing breeze providing easy access public transportation hotel restaurant also deserves mention diverse menu fine dining experience impressive overall experience memorable found wi fi connection somewhat spotty times within room could inconvenient business travelers
198,English,Beijing,New World Beijing Hotel,Staff was so nice and fast. It was clean,"It doesn’t look like a 5-star hotel. Pool was weak, no good facilities like gym, sauna or even steam room was not working. Nothing in the room to eat no mini bar. It is not like the similar ones in Beijing...",6.0,NEG,0,,False,False,staff nice fast clean look like 5 star hotel pool weak good facilities like gym sauna even steam room working nothing room eat mini bar like similar ones beijing
25,English,Ankara,New Park Hotel,The central location of the New Park Hotel in Ankara could not be beaten. The proximity to local attractions and transportation was ideal for travel purposes and providing some options for venturing out into the city.,"Unfortunately, the hotel's prime location could not make up for the negatives we found. Our stay at the New Park Hotel was marred by unclean rooms, poor service, and uncomfortable beds. The wifi consistently failed and made it difficult to plan our daily excursions. In addition, the breakfast buffet was below average with not much variety and the surroundings weren’t kept clean. Moreover, the staff seemed indifferent to our complaints about the rooms and service, which made our stay more frustrating.",2.0,NEG,1,English(Korean),False,False,central location new park hotel ankara could beaten proximity local attractions transportation ideal travel purposes providing options venturing city unfortunately hotel prime location could make negatives found stay new park hotel marred unclean rooms poor service uncomfortable beds wifi consistently failed made difficult plan daily excursions addition breakfast buffet average much variety surroundings kept clean moreover staff seemed indifferent complaints rooms service made stay frustrating
373,English,Bucharest,Tomis Garden Aparthotel Bucuresti,A hidden gem in Bucharest! Rooms are spacious with modern design and very clean. Close to city centre but in a quiet neighbourhood,Could have had better kitchen equipment,8.0,POS,1,English(Romanian),False,False,hidden gem bucharest rooms spacious modern design clean close city centre quiet neighbourhood could better kitchen equipment
345,English,Bucharest,"Central Hotel, Trademark Collection by Wyndham",The hotel's central location is its only saving grace.,"Room was uncomfortable and quite unclean, lacks basic amenities. The overall service was disappointing with unattentive staff. The noise from the street at night was unbearable and the breakfast was unremarkable.",2.0,NEG,1,English(Korean),False,False,hotel central location saving grace room uncomfortable quite unclean lacks basic amenities overall service disappointing unattentive staff noise street night unbearable breakfast unremarkable
492,English,Madrid,Generator Madrid,"Generator Madrid has a great rooftop bar with a stunning view of Madrid. The staff were really helpful, spoke excellent English and were always on hand to help with any issues. The rooms are clean and modern, and the beds are very comfortable. The location is fantastic - central enough to walk to most attractions, but still quiet enough for a restful night’s sleep. All of these made our stay in Madrid so special, and we will definitely return to this hotel again.",,10.0,POS,1,Russian,False,True,generator madrid great rooftop bar stunning view madrid staff really helpful spoke excellent english always hand help issues rooms clean modern beds comfortable location fantastic central enough walk attractions still quiet enough restful night sleep made stay madrid special definitely return hotel
891,English,Seoul,Hotel Skypark Myeongdong 1,"The hotel was in an impeccable location, right in the heart of Myeongdong. The room was clean, cozy and well-equipped, and the staff were very courteous and helpful. The daily housekeeping was also a nice touch.",There's really nothing to fault.,8.0,POS,1,Romanian,False,False,hotel impeccable location right heart myeongdong room clean cozy well equipped staff courteous helpful daily housekeeping also nice touch really nothing fault
471,English,Madrid,Emperador,Excellent central location. Staff was friendly and helpful. The rooftop swimming pool was a nice bonus.,"Some rooms could use a modern update, but everything was clean and functional.",7.0,POS,1,Romanian,False,False,excellent central location staff friendly helpful rooftop swimming pool nice bonus rooms could use modern update everything clean functional
209,English,Berlin,AMANO East Side,I liked the location and the architecture of the building.,"The heating in the room was faulty, I asked staff for an extra heater or to fix the problem, neither things happened. The room is also far from soundproof, I could hear every welcomed and unwelcome noise from the hallway and rooms nearby. Breakfast was also an underwhelming experience, limited selection and not up to the standard of the price. Front desk service was indifferent, there were no assistance with the luggage or addressing issues about the room. Overall, a very disappointing stay.",2.0,NEG,1,English(German),False,False,liked location architecture building heating room faulty asked staff extra heater fix problem neither things happened room also far soundproof could hear every welcomed unwelcome noise hallway rooms nearby breakfast also underwhelming experience limited selection standard price front desk service indifferent assistance luggage addressing issues room overall disappointing stay
417,English,Madrid,Riu Plaza España,Great location,"Rooms seemed a little dirty and the breakfast was very average. Also, it was quite noisy as it's in the middle of the city",5.0,NEG,1,Korean,False,False,great location rooms seemed little dirty breakfast average also quite noisy middle city
358,English,Bucharest,Vitan ApartHotel,Good price,"The room was cold, the heating took very long to barely warm the room, and the heating was very noisy. Little consumables provided, only a roll of toilet paper that was 3/4 used. No blankets or such were provided, only linens, i don't know if they are provided for extra cost, but nor was I informed, I can't see it normal to push people to pay extra to not sleep in the cold during the night if this is the case.",3.0,NEG,0,,False,False,good price room cold heating took long barely warm room heating noisy little consumables provided roll toilet paper 3 4 used blankets provided linens know provided extra cost informed see normal push people pay extra sleep cold night case
619,English,Paris,Motel One Paris-Porte Dorée,The lobby was designed well.,The room was not clean and was left untouched by housekeeping during my stay. The AC was faulty and the breakfast service was disappointing.,2.0,NEG,1,Russian,False,False,lobby designed well room clean left untouched housekeeping stay ac faulty breakfast service disappointing
540,English,New Delhi,The Prime Delhi,"PERFECT LOCATION AND STAFF!. Very good please, recommended!",Everything was perfect!,10.0,POS,0,,False,False,perfect location staff good please recommended everything perfect
954,English,Washington,Glover Park Hotel Georgetown,Good location. Clean and spacious room. Comfortable beds. Tea and coffee amenities in the room.,,9.0,POS,0,,False,True,good location clean spacious room comfortable beds tea coffee amenities room
626,English,Paris,Hotel Nation Montmartre,"It's located close to Sacre Coeur, an attractive highlight of Paris and Gare du Nord which allows a fast connection to the airport.","The hotel is requesting in addition to the cost for the room a safety deposit of 150 Euros. I have stayed in many hotels around the world and have never experienced such a practice. In my case I not only did not received my deposit back once I left the hotel room in good conditions. Furthermore the same amount was credited a second time to my card. I assumed that this was a mistake and informed the hotel accordingly. I gave all evidence, but the hotel is not paying me back the double paid deposit. A very unprofessional and disappointing manner to treat the customer.",3.0,NEG,0,,False,False,located close sacre coeur attractive highlight paris gare du nord allows fast connection airport hotel requesting addition cost room safety deposit 150 euros stayed many hotels around world never experienced practice case received deposit back left hotel room good conditions furthermore amount credited second time card assumed mistake informed hotel accordingly gave evidence hotel paying back double paid deposit unprofessional disappointing manner treat customer
232,English,Berlin,Eurostars Berlin,"The Eurostars Berlin is a beacon of luxury in the heart of Berlin. Its decor is fascinating, breakfast is delicious, and the service is impeccable.",,10.0,POS,1,Chinese,False,True,eurostars berlin beacon luxury heart berlin decor fascinating breakfast delicious service impeccable
55,English,Ankara,Esila Hotel,The location was very central and the staff was nice and helped us.,The room smelled like cigarettes and there was mold in the bathroom,4.0,NEG,0,,False,False,location central staff nice helped us room smelled like cigarettes mold bathroom
880,English,Seoul,Hotel Skypark Dongdaemun I,"The location was excellent, situated right in the heart of Dongdaemun shopping district. The rooms were clean and well-kept, and the staff were very friendly and helpful.",,8.0,POS,1,Korean,False,True,location excellent situated right heart dongdaemun shopping district rooms clean well kept staff friendly helpful
423,English,Madrid,Eurostars Madrid Tower,"The Eurostars Madrid Tower is stellar in every sense of the word. Its towering presence in the cityscape, the avant-garde design of the rooms, and their breathtaking views, it all comes together for an unforgettable experience. The friendly staff, delicious food served at their restaurant and the relaxing spa services were exceptional. Also, the location is excellent, close to important business centers and attractions.","While the hotel overall was fantastic, the processing speed at check-in could be improved. A minor issue but could save guests precious time.",9.0,POS,1,English(French),False,False,eurostars madrid tower stellar every sense word towering presence cityscape avant garde design rooms breathtaking views comes together unforgettable experience friendly staff delicious food served restaurant relaxing spa services exceptional also location excellent close important business centers attractions hotel overall fantastic processing speed check could improved minor issue could save guests precious time
444,English,Madrid,Catalonia Gran Vía Madrid,"Location was fantastic! Right in the heart of Madrid, access to all the city's main attractions was incredibly easy. Rooms were comfortable and staff extremely professional.","Given the central location, street noise can be an issue if you're a light sleeper.",8.0,POS,1,English(German),False,False,location fantastic right heart madrid access city main attractions incredibly easy rooms comfortable staff extremely professional given central location street noise issue light sleeper
699,English,Paris,Sofitel Le Scribe Paris Opera,i have been coming in a regular basis for 2 years now for business purposes and this was the worst welcome I had so far and will not come and stay there anymore,i have been coming in a regular basis for 2 years now for business purposes and this was the worst welcome I had so far and will not come and stay there anymore,3.0,NEG,0,,False,False,coming regular basis 2 years business purposes worst welcome far come stay anymore coming regular basis 2 years business purposes worst welcome far come stay anymore
744,English,Rome,The Spanish Suite Campo de' Fiori,"The location of this hotel is fantastic, close to everything. Staff was friendly and extremely helpful.They arranged transport from and to the airport for an acceptable price. Breakfast was wonderfully Italian and the rooms were quiet and spotlessly clean.","It was a little hard to find initially, but manageable with internet access.",8.0,POS,1,Korean,False,False,location hotel fantastic close everything staff friendly extremely helpful arranged transport airport acceptable price breakfast wonderfully italian rooms quiet spotlessly clean little hard find initially manageable internet access
100,English,Beijing,Novotel Beijing Peace,"The Novotel Beijing Peace is located in a convenient part of town, near to shopping and dining areas. The room was clean, comfortable and spacious. It was also equipped with a modern and functional bathroom. The staff were very friendly and helpful, providing excellent service.",The only downside was the breakfast dining area. It's a bit small and can get congested during peak hours.,8.0,POS,1,Spanish,False,False,novotel beijing peace located convenient part town near shopping dining areas room clean comfortable spacious also equipped modern functional bathroom staff friendly helpful providing excellent service downside breakfast dining area bit small get congested peak hours
185,English,Beijing,Peking Youth Hostel,Staff friendly and helpful,Room really small and bathroom need a renew,6.0,NEG,0,,False,False,staff friendly helpful room really small bathroom need renew
613,English,Paris,Motel One Paris-Porte Dorée,"The expectations were a bit lower as we noticed people saying that the area is not the best. Even though the hotel is close to the highway it is very quiet. The rooms are in the Paris range, so do not expect a large one, however, is enough for a trip. The area is very nice, there is a park over the street, a museum nearby and plenty of restaurants nearby. Metro station is also 3-4 min away.","You have to pay 16 EUR for breakfast, but for that money, you can have a better one at the restaurants in the area. 
The hotel is pretty far from the main attractions, but this is something that you assume when you book a room here.",9.0,POS,0,,False,False,expectations bit lower noticed people saying area best even though hotel close highway quiet rooms paris range expect large one however enough trip area nice park street museum nearby plenty restaurants nearby metro station also 3 4 min away pay 16 eur breakfast money better one restaurants area hotel pretty far main attractions something assume book room
153,English,Beijing,Grand Millennium Beijing,"The hotel is located in an excellent location. The staff members were courteous and went out of their way to make the stay comfortable. The rooms were clean, spacious, and well equipped. Breakfast was enjoyable with a diverse range of options. Fitness center and indoor pool were superb.","The only downside was slight difficulty in communication for non-Mandarin speaking guests, but that was manageable and did not affect the quality of the stay.",8.0,POS,1,English(Spanish),False,False,hotel located excellent location staff members courteous went way make stay comfortable rooms clean spacious well equipped breakfast enjoyable diverse range options fitness center indoor pool superb downside slight difficulty communication non mandarin speaking guests manageable affect quality stay
50,English,Ankara,Esila Hotel,"At Esila Hotel in Ankara, I found the rooms to be significantly spacious, clean, and comfortable. The breathtaking view of the city from my room always felt like icing on the cake. The location is a definite winner - it's in close vicinity to several essential hotspots like the Kocatepe Mosque and Ataturk Cultural Center, which made exploring the city incredibly effortless. The hotel staff were courteous and ever-willing to assist, whilst the added availability of a translator was a thoughtful touch. The buffet breakfast was vast and delicious, offering everything from various breads, jams, cheeses, fruits, fresh vegetables, scrambled eggs to flavorful Turkish tea.","Only minor downside was the noise from the busy city, but that's unavoidable given the central location.",9.0,POS,1,Italian,False,False,esila hotel ankara found rooms significantly spacious clean comfortable breathtaking view city room always felt like icing cake location definite winner close vicinity several essential hotspots like kocatepe mosque ataturk cultural center made exploring city incredibly effortless hotel staff courteous ever willing assist whilst added availability translator thoughtful touch buffet breakfast vast delicious offering everything various breads jams cheeses fruits fresh vegetables scrambled eggs flavorful turkish tea minor downside noise busy city unavoidable given central location
23,English,Ankara,New Park Hotel,"The hotel are good the position close tò centro, near a green park. Good of you want ho out and male sport. The price and quality have very good balaced.","The breakfast should be more various, consider also ti inserti espresso. Orange juce and so on",9.0,POS,0,,False,False,hotel good position close tò centro near green park good want ho male sport price quality good balaced breakfast various consider also ti inserti espresso orange juce
66,English,Ankara,Inn 14 Hostel,Convenient location and friendly staff.,"The rooms were poorly ventilated, making it stifling during the night. Also, the breakfast was quite limited and not very appetizing. Lastly, the noise from the street was bothersome and I found it difficult to get a good night's rest.",4.0,NEG,1,Italian,False,False,convenient location friendly staff rooms poorly ventilated making stifling night also breakfast quite limited appetizing lastly noise street bothersome found difficult get good night rest
256,English,Berlin,Ballhaus Berlin Hostel,self check in was easy and fast,The rooms had no private toilets. More than 7 rooms had to use the same bathrooms and restrooms. I left in the morning and couldn't use the restroom at there was no toilet paper.,3.0,NEG,0,,False,False,self check easy fast rooms private toilets 7 rooms use bathrooms restrooms left morning use restroom toilet paper
983,English,Washington,Hilton Washington DC Capitol Hill,"The Hilton Washington DC Capitol Hill offers truly exceptional service, from the receptionists to the bellhops. The rooms are spacious and comfortable, furnished to a high standard. The location is unbeatable, just a stone's throw from the Capitol and other major attractions.",No significant downside during my stay.,10.0,POS,1,German,False,False,hilton washington dc capitol hill offers truly exceptional service receptionists bellhops rooms spacious comfortable furnished high standard location unbeatable stone throw capitol major attractions significant downside stay
599,English,New Delhi,Bloomrooms @ New Delhi Railway Station,The location of the hotel was convenient as it was close to the railway station.,"Unfortunately, the overall experience was dissatisfactory. Firstly, the room was not cleaned properly on arrival, there were visible dust and grime in some areas. Secondly, the plumbing was a serious issue, with the shower and sink frequently blocking. Furthermore, the noise from the railway station was consistently loud, even during the night, which made it challenging to have a good night's rest. Lastly, the staff, although polite, lacked efficiency, particularly in the front desk, where check-in and check-out took unnecessarily long.",3.0,NEG,1,German,False,False,location hotel convenient close railway station unfortunately overall experience dissatisfactory firstly room cleaned properly arrival visible dust grime areas secondly plumbing serious issue shower sink frequently blocking furthermore noise railway station consistently loud even night made challenging good night rest lastly staff although polite lacked efficiency particularly front desk check check took unnecessarily long
578,English,New Delhi,"The Ashok, New Delhi",Location,Price and service,4.0,NEG,0,,False,False,location price service
199,English,Beijing,New World Beijing Hotel,Staff was friendly,"The room was not clean upon arrival, housekeeping service was extremely poor and inconsistent. Bathroom amenities were not replenished regularly. Noise level was very high, making it difficult to get a good night's sleep. The location is far from the city centre, making it inconvenient for sightseeing or business meetings. Food at the hotel restaurant was sub-par, breakfast buffet lacked variety and freshness. Wi-fi connection was slow and unstable, making it difficult for me to work or stay connected.",4.0,NEG,1,German,False,False,staff friendly room clean upon arrival housekeeping service extremely poor inconsistent bathroom amenities replenished regularly noise level high making difficult get good night sleep location far city centre making inconvenient sightseeing business meetings food hotel restaurant sub par breakfast buffet lacked variety freshness wi fi connection slow unstable making difficult work stay connected
241,English,Berlin,Ibis budget Berlin Potsdamer Platz,Excellent location. Very clean and staff very helpful. Excellent value for money.,Location,9.0,POS,0,,False,False,excellent location clean staff helpful excellent value money location
230,English,Berlin,Eurostars Berlin,"Staff is friendly and helpful. Room was clean, breakfast was delicious as well",Couldn't find any negatives,8.0,POS,1,English(Spanish),False,False,staff friendly helpful room clean breakfast delicious well find negatives
467,English,Madrid,Eurostars Casa de la Lírica,,poor customer service from most of the staff,4.0,NEG,0,,True,False,poor customer service staff
993,English,Washington,Beacon Hotel & Corporate Quarters,"The staff were exceptional. Our room was clean and great, bed was comfy. We used lime scooters to go see all the monuments, which were not to far away",Washington DC in august is hot and humid. The wallpaper in our room was coming off at the seams in many places,10.0,POS,0,,False,False,staff exceptional room clean great bed comfy used lime scooters go see monuments far away washington dc august hot humid wallpaper room coming seams many places
15,English,Ankara,Hotel Cinnah,"The location is perfect, staff friendly.",The breakfast was not good.,4.0,NEG,0,,False,False,location perfect staff friendly breakfast good
560,English,New Delhi,Hotel International Inn - Near Delhi Airport,"The hotel is extremely close to the airport, making it ideal for travelers. The rooms were clean and the service was excellent.",Cannot mention any.,9.0,POS,1,English(Turkish),False,False,hotel extremely close airport making ideal travelers rooms clean service excellent cannot mention
192,English,Beijing,New World Beijing Hotel,"Spectacular hotel with wonderfully warm and conscientious staff. The room was spacious, clean and comfortable with a fantastic view of the city. The restaurants served delicious and varied menus.",The concierge service could be improved with better English language skills as communication was slightly challenging at times.,8.0,POS,1,Turkish,False,False,spectacular hotel wonderfully warm conscientious staff room spacious clean comfortable fantastic view city restaurants served delicious varied menus concierge service could improved better english language skills communication slightly challenging times
452,English,Madrid,Axel Hotel Madrid - Adults Only,Centrally located with clean and modern amenities,The breakfast spread could be improved,8.0,POS,1,German,False,False,centrally located clean modern amenities breakfast spread could improved
991,English,Washington,Beacon Hotel & Corporate Quarters,Staff was exceptional. Great Location. European comfort as older style hotel.,,10.0,POS,0,,False,True,staff exceptional great location european comfort older style hotel
302,English,Bucharest,Moxy Bucharest Old Town,"Good location, helpful and friendly staff, nice room",Nothing,9.0,POS,0,,False,False,good location helpful friendly staff nice room nothing
394,English,Bucharest,The Embassy Nord,"Clean rooms, excellent customer service, and centrally located to all the major sights in Bucharest. The hotel's restaurant also has a great food variety.","The noise from the lobby area can sometimes reach the rooms, so if you're a light sleeper, request a room away from the lobby.",8.0,POS,1,English(Chinese),False,False,clean rooms excellent customer service centrally located major sights bucharest hotel restaurant also great food variety noise lobby area sometimes reach rooms light sleeper request room away lobby
93,English,Ankara,Raymar Hotels Ankara,"Great location with easy access to attractions, excellent services from friendly and accommodating staff.",No complaints found during my stay.,8.0,POS,1,Spanish,False,False,great location easy access attractions excellent services friendly accommodating staff complaints found stay
516,English,New Delhi,Hotel Opera New Delhi,"The Hotel Opera in New Delhi boasts an accessible location, making it suitable for tourists wanting to explore the local area.","Unfortunately, the room provided was notably unclean and management staff poorly responded to complaints. Additionally, the room service was largely inconsistent, often taking considerable time. Lastly, the quality of the food didn't meet my expectations based on the price.",3.0,NEG,1,Italian,False,False,hotel opera new delhi boasts accessible location making suitable tourists wanting explore local area unfortunately room provided notably unclean management staff poorly responded complaints additionally room service largely inconsistent often taking considerable time lastly quality food meet expectations based price
851,English,Seoul,"Four Points by Sheraton Josun, Seoul Station",The hotel is well-located and close to the Seoul Station. The room sizes are very generous and the bed extremely comfortable. The staff are professional and welcoming.,The breakfast buffet is quite expensive for the variety it offers.,8.0,POS,1,Spanish,False,False,hotel well located close seoul station room sizes generous bed extremely comfortable staff professional welcoming breakfast buffet quite expensive variety offers
474,English,Madrid,Emperador,"Excellent location, superb staff, and high-quality facilities. Rooms were extremely clean and comfortable. A great choice for a stay in Madrid.",,9.0,POS,1,Spanish,False,True,excellent location superb staff high quality facilities rooms extremely clean comfortable great choice stay madrid
799,English,Rome,Hotel Villa Pamphili Roma,"Despite staying in runs to 11am the breakfast runs out by 9am. Get in early! If there is food, it’s good","Shower doesn’t have a screen so the bathroom floods with every use. Utterly bizarre. Shuttle drops and picks up from one random place not in the centre of Rome. Restaurants are trying to be something there are not - a lot of unhappy and hungry guests struggling to find something to eat. It should not be difficult in Italy! Finally, Hotel argued the payment hadn’t gone through when it clearly had. Blatant attempt to scam money.",3.0,NEG,0,,False,False,despite staying runs 11am breakfast runs 9am get early food good shower screen bathroom floods every use utterly bizarre shuttle drops picks one random place centre rome restaurants trying something lot unhappy hungry guests struggling find something eat difficult italy finally hotel argued payment gone clearly blatant attempt scam money
457,English,Madrid,Axel Hotel Madrid - Adults Only,"The location is amazing and it’s difficult to beat honestly. The staff was very nice and helpful, especially the front desk person (blue hair, I don’t recall the name unfortunately). The breakfast was also very good and diverse.","I’m sorry to say this but I didn’t like the decor one bit. It looked like a cheap brothel. Our room advertised as double was so tiny that we couldn’t even open our regular size suitcases on the floor or anywhere else. It was dark, felt almost like a cave and the bathroom was weird - without proper doors. 
The lightning was also weird, we had big pink neon over our bed that we couldn’t turned off without killing whole electricity in the room. AC was barely working (105 degrees in Madrid at that time), it was dying in the middle of the night. 
The roof top bar was overcrowded, literally flooded by chairs and loungers, it was difficult to move around.",3.0,NEG,0,,False,False,location amazing difficult beat honestly staff nice helpful especially front desk person blue hair recall name unfortunately breakfast also good diverse sorry say like decor one bit looked like cheap brothel room advertised double tiny even open regular size suitcases floor anywhere else dark felt almost like cave bathroom weird without proper doors lightning also weird big pink neon bed turned without killing whole electricity room ac barely working 105 degrees madrid time dying middle night roof top bar overcrowded literally flooded chairs loungers difficult move around
600,English,Paris,Hotel Eiffel Seine,Strategic location - near the Eiffel Tower and good restaurants.,"Rooms are a bit small, but it's common in Paris.",8.0,POS,1,Turkish,False,False,strategic location near eiffel tower good restaurants rooms bit small common paris
731,English,Rome,NH Roma Villa Carpegna,Exceptionally clean with a friendly staff. The location was peaceful and quiet but still easy to travel into central Rome. The pool and outdoor area are a bonus.,None at all,8.0,POS,1,English(Romanian),False,False,exceptionally clean friendly staff location peaceful quiet still easy travel central rome pool outdoor area bonus none
369,English,Bucharest,Hotel Michelangelo,"Lovely staff, nicely decorated room and an unexpected upgrade. Good area to be in - not far to the centre and very quiet.","The mattress was very uncomfortable - worn and dipped badly on one side. The TVs weren't connected to the internet as promised, the shower fell apart",6.0,NEG,0,,False,False,lovely staff nicely decorated room unexpected upgrade good area far centre quiet mattress uncomfortable worn dipped badly one side tvs connected internet promised shower fell apart
0,English,Ankara,Hotel Ickale,Staff. Serkan türk was a great help during our stay.,,10.0,POS,0,,False,True,staff serkan türk great help stay
706,English,Rome,Hotel 77 Seventy-Seven - Maison D'Art Collection,Location was okay,"Our room shared entrance with another room and it was noisy and loud.
Bathroom bidet and hand washer were plugged and we asked them to fix it but never came. Also cleaning service didn't come often.",3.0,NEG,0,,False,False,location okay room shared entrance another room noisy loud bathroom bidet hand washer plugged asked fix never came also cleaning service come often
480,English,Madrid,Hotel Avenida Gran Vía,"Location, friendly and informative staff",Nothing all was good,10.0,POS,0,,False,False,location friendly informative staff nothing good
359,English,Bucharest,Vitan ApartHotel,"The location was decent, and the staff were occasionally helpful","The utilities were outdated, cleanliness was sorely lacking, and the lack of necessary amenities made our stay uncomfortable.",2.0,NEG,1,Korean,False,False,location decent staff occasionally helpful utilities outdated cleanliness sorely lacking lack necessary amenities made stay uncomfortable
272,English,Berlin,The Westin Grand Berlin,"My family and I stayed at The Westin Grand Berlin and found it to be a wonderfully luxurious experience. The room had a stunning design which made us feel as if we were immersed in Berlin's history and culture. The breakfast was the real highlight though, offering a wide variety of choice to cater for all tastes. The well-functioning heaters did a good job of keeping the cold out, which was great.","A minor gripe we had was with the occasional slow service at the hotel's restaurant during peak times, but it was not a significant issue.",8.0,POS,1,Turkish,False,False,family stayed westin grand berlin found wonderfully luxurious experience room stunning design made us feel immersed berlin history culture breakfast real highlight though offering wide variety choice cater tastes well functioning heaters good job keeping cold great minor gripe occasional slow service hotel restaurant peak times significant issue
380,English,Bucharest,AT Central Apartments,"Each time we come back with pleasure , thank you to the owner such a lovely person .",,10.0,POS,0,,False,True,time come back pleasure thank owner lovely person
839,English,Seoul,Imperial Palace Boutique Hotel,The location in the heart of Itaewon was convenient for restaurants and shopping.,Rooms were quite small and I experienced some issues with cleanliness. Staff were not very helpful with resolution.,3.0,NEG,1,Turkish,False,False,location heart itaewon convenient restaurants shopping rooms quite small experienced issues cleanliness staff helpful resolution
472,English,Madrid,Emperador,"Amazing location and service, the rooftop pool was a delight.",Nothing significant to note.,8.0,POS,1,Romanian,False,False,amazing location service rooftop pool delight nothing significant note
729,English,Rome,Hotel 87 eighty-seven - Maison d'Art Collection,"Great central location, modern decor and styling.","Lack of cleanliness in rooms, unresponsive staff and uncomfortable beds.",5.0,NEG,1,English(Spanish),False,False,great central location modern decor styling lack cleanliness rooms unresponsive staff uncomfortable beds
285,English,Berlin,Estrel Berlin,The main attraction was its convenient location to the nearby train station.,"Frustrations began with check-in, which was slow and inefficient. The staff wasn't particularly friendly either. The rooms unfortunately weren't any better, they lacked cleanliness and were in desperate need of an update. To top it all, the hotel's Wi-Fi was extremely unreliable, often losing connection.",2.0,NEG,1,English(Italian),False,False,main attraction convenient location nearby train station frustrations began check slow inefficient staff particularly friendly either rooms unfortunately better lacked cleanliness desperate need update top hotel wi fi extremely unreliable often losing connection
110,English,Beijing,"Holiday Inn Express Beijing Dongzhimen, an IHG Hotel",cleanliness is always up to my standard.,"I frequently stay in this hotel, I love everything about it, the location, the food and the kind staff.",10.0,POS,0,,False,False,cleanliness always standard frequently stay hotel love everything location food kind staff
187,English,Beijing,Peking Youth Hostel,It was quiet inside the hostel compared to the noisy street outside. The location is pretty good as well.,It was dirty in the bathroom. Lots of mould. The hot water didn’t work properly. One day there was no cold water available at all and the water was coming out very hot. I was unable to take a shower that day at all. For some reason the next day it returned to normal. The staff took an authorisation on my credit card for the full amount then they completed a second transaction for the full amount. It’s been over 8 days and I’m still waiting for the first authorisation on my credit card to complete and the funds to become available. Because I was paying for 2 rooms it’s $1000AUD which is a big nuisance while travelling. Additionally all the signage in the hotel is in Chinese characters. I can’t read any of the hotel policies when I’m there because I can’t read anything. Many years back I stayed at the now closed Red Lantern YHA in Beijing and it was an immensely better experience.,6.0,NEG,0,,False,False,quiet inside hostel compared noisy street outside location pretty good well dirty bathroom lots mould hot water work properly one day cold water available water coming hot unable take shower day reason next day returned normal staff took authorisation credit card full amount completed second transaction full amount 8 days still waiting first authorisation credit card complete funds become available paying 2 rooms 1000aud big nuisance travelling additionally signage hotel chinese characters read hotel policies read anything many years back stayed closed red lantern yha beijing immensely better experience
366,English,Bucharest,Hotel Michelangelo,,WiFi didn't work well and the room had a strange smell,2.0,NEG,1,Russian,True,False,wifi work well room strange smell
237,English,Berlin,Eurostars Berlin,comfortable bed,"we asked for extra bed for our daughter beforehand and the room did not have the bed, we needed to ask again and wait until the bed arrived. the room was really dirty! the floor, bathroom and walls. when we arrived the garage was closed and the reception send us to nearby garage that cost 20 euros. this hotel don’t worth the money",3.0,NEG,0,,False,False,comfortable bed asked extra bed daughter beforehand room bed needed ask wait bed arrived room really dirty floor bathroom walls arrived garage closed reception send us nearby garage cost 20 euros hotel worth money
688,English,Paris,Courtyard by Marriott Paris Gare de Lyon,Great connectivity with public transport.,"The room wasn't properly cleaned upon check-in. The air conditioning was not working efficiently, making the room unbearable in the heat. Breakfast wasn't as good as expected for the price paid.",3.0,NEG,1,Turkish,False,False,great connectivity public transport room properly cleaned upon check air conditioning working efficiently making room unbearable heat breakfast good expected price paid
456,English,Madrid,Axel Hotel Madrid - Adults Only,The central location and design-oriented atmosphere,"Tiny rooms, horrible noise from the street and other rooms, lack of amenities and incredibly unresponsive and unhelpful staff.",4.0,NEG,1,Romanian,False,False,central location design oriented atmosphere tiny rooms horrible noise street rooms lack amenities incredibly unresponsive unhelpful staff
448,English,Madrid,Catalonia Gran Vía Madrid,,"THE HOTEL HAS NO PARKING. The information that there is parking is completely biased. If you enter the hotel's advertisement on booking, the first information that appears is ""parking available"". Later, on the same page the information is repeated. Only if you go after all the information about it do you discover that there is no parking. There are paid parking lots (36 euros a day - for me the price was irrelevant) close by. But to say that there is ""parking available"" is an untruth. It's as if any hotel in the center of a big city had parking available.... Because there's always paid parking close by. It turns out that this information harms guests. In my case, all I needed was parking at the hotel. A reception that assisted with luggage. And I didn't. I was traveling with my wife, my two children, one of them babies, and the two grandmothers. Various luggage. I trusted the “parking available” information. I had to stop at a parking lot 200 meters from the hotel and make three trips to carry everything I needed. This issue detracts from any positives there may be. The hotel is relatively good. We were well taken care of. Good shower. Towel rack. Great location. It just didn't have one of the most important items for me: parking. And the search in the app was for hotels with parking.",4.0,NEG,0,,True,False,hotel parking information parking completely biased enter hotel advertisement booking first information appears parking available later page information repeated go information discover parking paid parking lots 36 euros day price irrelevant close say parking available untruth hotel center big city parking available always paid parking close turns information harms guests case needed parking hotel reception assisted luggage traveling wife two children one babies two grandmothers various luggage trusted parking available information stop parking lot 200 meters hotel make three trips carry everything needed issue detracts positives may hotel relatively good well taken care good shower towel rack great location one important items parking search app hotels parking
665,English,Paris,citizenM Paris Champs-Élysées,Excellent location,"The automatic curtains didn't work, which was very disappointing. In addition, breakfast options were limited and lack variety.",3.0,NEG,1,Turkish,False,False,excellent location automatic curtains work disappointing addition breakfast options limited lack variety
610,English,Paris,Motel One Paris-Porte Dorée,"The location of the hotel was perfect, very close to the metro station. Staff was friendly and helpful. Rooms were clean, modern and quiet. Great value for money.",Had no issues during my stay,8.0,POS,1,English(Turkish),False,False,location hotel perfect close metro station staff friendly helpful rooms clean modern quiet great value money issues stay
120,English,Beijing,The Great Wall Hotel Beijing,The location and for the price is was really good,,10.0,POS,0,,False,True,location price really good
146,English,Beijing,SonGy Hundred-year Courtyard Hotel,The elegance of the traditional courtyard architecture was definitely appealing.,"Regrettably, the rooms were not as well-maintained as they should have been with some amenities malfunctioning. Customer service also left much to be desired with long wait times. Finally, the remote location made accessing tourist destinations and local amenities inconvenient.",4.0,NEG,1,English(Italian),False,False,elegance traditional courtyard architecture definitely appealing regrettably rooms well maintained amenities malfunctioning customer service also left much desired long wait times finally remote location made accessing tourist destinations local amenities inconvenient
58,English,Ankara,Esila Hotel,Close to Metro.,Room fills up with smell of cigarette coming from the centre Aircon system. Smell is so bad we cannot rest in the room during the day. Regret booking 2 nights.,3.0,NEG,0,,False,False,close metro room fills smell cigarette coming centre aircon system smell bad cannot rest room day regret booking 2 nights
459,English,Madrid,Axel Hotel Madrid - Adults Only,"The lobby was modern and welcoming and also the location was central, which made it easy to get around.","The room was incredibly tight. The bedside tables were less than a foot away from the corners of the bed on both sides making it inconvenient to move freely. The room also lacked sufficient lighting, especially in the bathroom. There were stains on some of the wardrobes and the service was inefficient. Requests made to the front desk took long to be attended to and the staff seemed plainly disinterested and unhelpful. Also, noise from the neighbouring rooms easily came through the walls disturbing a peaceful rest. Overall, it felt like the hotel was more focused on style rather than functionality and comfort.",3.0,NEG,1,English(German),False,False,lobby modern welcoming also location central made easy get around room incredibly tight bedside tables less foot away corners bed sides making inconvenient move freely room also lacked sufficient lighting especially bathroom stains wardrobes service inefficient requests made front desk took long attended staff seemed plainly disinterested unhelpful also noise neighbouring rooms easily came walls disturbing peaceful rest overall felt like hotel focused style rather functionality comfort
790,English,Rome,Hotel Villa Pamphili Roma,"Excellent service: helpful and professional staff. The room was clean, spacious and well equipped. The place is so quiet that I didn't even realize I was in Rome. Plus, they provide a shuttle bus to Vatican city which is a great service.","The breakfast could be a bit more diverse, but overall it was good",8.0,POS,1,English(Italian),False,False,excellent service helpful professional staff room clean spacious well equipped place quiet even realize rome plus provide shuttle bus vatican city great service breakfast could bit diverse overall good
122,English,Beijing,The Great Wall Hotel Beijing,Good location and room services,,9.0,POS,0,,False,True,good location room services
344,English,Bucharest,"Central Hotel, Trademark Collection by Wyndham","Central hotel features comfortable rooms, hospitable staff, and it's perfectly situated close to local attractions. The breakfast is also rich and delicious.",A little noisy due to the central location.,8.0,POS,1,Spanish,False,False,central hotel features comfortable rooms hospitable staff perfectly situated close local attractions breakfast also rich delicious little noisy due central location
717,English,Rome,The Hive Hotel,,"Super uncomfortable bed, the restaurant was loud enough to wake me up",3.0,NEG,0,,True,False,super uncomfortable bed restaurant loud enough wake
276,English,Berlin,The Westin Grand Berlin,,air conditioning in room did not work,4.0,NEG,0,,True,False,air conditioning room work
877,English,Seoul,Ibis Styles Ambassador Seoul Myeong-dong,The location was perfect.,The staff can provide better customer service. Not all front desk staff were friendly and accommodating. The room and the bathroom were very small and poorly designed. Could barely fit our suitcases for packing.,4.0,NEG,0,,False,False,location perfect staff provide better customer service front desk staff friendly accommodating room bathroom small poorly designed could barely fit suitcases packing
623,English,Paris,Hotel Nation Montmartre,"I found the minimalist design of Hotel Nation Montmartre genuinely appealing. The location was phenomenal, just a stone's throw away from the city center and key attractions. Additionally, the staff were incredibly polite and efficient and the rooms were spotless, bearing all the amenities one could need.","Albeit small, the rooms may feel a tad cramped for those accustomed to more spacious accommodations.",8.0,POS,1,English(Russian),False,False,found minimalist design hotel nation montmartre genuinely appealing location phenomenal stone throw away city center key attractions additionally staff incredibly polite efficient rooms spotless bearing amenities one could need albeit small rooms may feel tad cramped accustomed spacious accommodations
683,English,Paris,Courtyard by Marriott Paris Gare de Lyon,"Great location, right beside train station and local restaurants. The staff were very friendly and the hotel was spotless. It also served a very tasty breakfast with lots of choice.","The bedroom was extremely tight for the 4 of us. We had a large double bed with a sofa bed for our two children. There was not much room to move about with the sofa bed extended, but the view from our room with the large window was amazing and it was spotlessly clean.",9.0,POS,0,,False,False,great location right beside train station local restaurants staff friendly hotel spotless also served tasty breakfast lots choice bedroom extremely tight 4 us large double bed sofa bed two children much room move sofa bed extended view room large window amazing spotlessly clean
624,English,Paris,Hotel Nation Montmartre,"Situated conveniently in the heart of Paris, Hotel Nation Montmartre offered an excellent service. The rooms were neat and modern, and the authentic French breakfast was a delight every morning. The staff was beyond friendly, they were amiable and went above and beyond to ensure we were comfortable. The area was bustling with cafes, shops, and the metro was a short walk away which made sightseeing a breeze.","Although the bathroom was a bit compact, it was still clean and manageable. It would've been great if they provided tea and coffee making facilities in the room.",9.0,POS,1,English(Italian),False,False,situated conveniently heart paris hotel nation montmartre offered excellent service rooms neat modern authentic french breakfast delight every morning staff beyond friendly amiable went beyond ensure comfortable area bustling cafes shops metro short walk away made sightseeing breeze although bathroom bit compact still clean manageable would great provided tea coffee making facilities room
111,English,Beijing,"Holiday Inn Express Beijing Dongzhimen, an IHG Hotel",Perfect location. Wonderful breakfast. Hotel staff was exceptional.,Nothing,9.0,POS,1,French,False,False,perfect location wonderful breakfast hotel staff exceptional nothing
532,English,New Delhi,Hyatt Regency Delhi,"Hyatt Regency Delhi has a luxurious vibe and the ambience seals the deal. The room was spacious with a comfortable bed and a quality work desk — perfect for business travelers. I was impressed with the high-standard cleanliness of the room, and the service quality from the staff was top-notch.","However, the Wi-Fi at the hotel can be inconsistent at times which might be inconvenient for some guests.",9.0,POS,1,Italian,False,False,hyatt regency delhi luxurious vibe ambience seals deal room spacious comfortable bed quality work desk perfect business travelers impressed high standard cleanliness room service quality staff top notch however wi fi hotel inconsistent times might inconvenient guests
467,English,Madrid,Eurostars Casa de la Lírica,Great central location within walking distance to attractions.,Hotel rooms were very small and outdated. Sound proofing was minimal and noise from other guests was disturbing. It was not worth the money spent.,2.0,NEG,1,Russian,False,False,great central location within walking distance attractions hotel rooms small outdated sound proofing minimal noise guests disturbing worth money spent
181,English,Beijing,Peking Youth Hostel,Friendly staff who helps you if you want to book tickets for sights. Awesome rooftop! Nice vibe in the whole Hostel with plants and a lot of wood. Good location (even though a bit touristic).,"No curtains for your bed (necessary as there a lot International guests with different sleeping schedules due to time shifts or flights)
No shampoo",9.0,POS,0,,False,False,friendly staff helps want book tickets sights awesome rooftop nice vibe whole hostel plants lot wood good location even though bit touristic curtains bed necessary lot international guests different sleeping schedules due time shifts flights shampoo
807,English,Seoul,Hotel Skypark Central Myeongdong,Location Location Location,The smell of cigarette smoke every where from lobby to floor to bed room.,4.0,NEG,0,,False,False,location location location smell cigarette smoke every lobby floor bed room
844,English,Seoul,LOTTE City Hotel Myeongdong,"Good location, a short walk from the station and buses. Airport bus stop is within a minute's walk. Easy walk to Myeongdong night market and shops.",,9.0,POS,0,,False,True,good location short walk station buses airport bus stop within minute walk easy walk myeongdong night market shops
728,English,Rome,Hotel 87 eighty-seven - Maison d'Art Collection,The hotel was in a great location which was the main appeal.,"Unfortunately my stay at Hotel 87 eighty-seven wasn't as expected. The customer service was quite substandard. Staff seemed indifferent to guests and weren't engaging nor helpful. The rooms weren't as clean as they could have been either, with dust in some corners and under the bed. The Wi-Fi was also highly intermittent which was frustrating. Finally, the walls seemed to be quite thin, as I could hear my neighbors talking at night. I would not recommend this hotel for a comfortable and peaceful stay.",4.0,NEG,1,French,False,False,hotel great location main appeal unfortunately stay hotel 87 eighty seven expected customer service quite substandard staff seemed indifferent guests engaging helpful rooms clean could either dust corners bed wi fi also highly intermittent frustrating finally walls seemed quite thin could hear neighbors talking night would recommend hotel comfortable peaceful stay
581,English,New Delhi,Andaz Delhi Aerocity- Concept by Hyatt,"Hotel design is fabulous, food exquisite and staff go above and beyond to make your stay memorable.",A slight disappointment was the in-room dining options which were slightly limited if you wanted something light to eat in the evening.,8.0,POS,1,Spanish,False,False,hotel design fabulous food exquisite staff go beyond make stay memorable slight disappointment room dining options slightly limited wanted something light eat evening
945,English,Washington,Courtyard by Marriott Washington Downtown/Convention Center,I didnt have breakfast,The view,3.0,NEG,0,,False,False,didnt breakfast view
594,English,New Delhi,Bloomrooms @ New Delhi Railway Station,"Convenient location for travelers, very clean rooms, and helpful staff.",Limited breakfast options and a bit noisy due to the proximity to the railway station.,8.0,POS,1,French,False,False,convenient location travelers clean rooms helpful staff limited breakfast options bit noisy due proximity railway station
720,English,Rome,Hotel 87 eighty-seven - Maison d'Art Collection,"The hotel itself is very modern, with super clean rooms and very comfortable beds. The location, which is near to many tourist spots, was extremely convenient. Besides, the staff were helpful and kind, consistently going above and beyond to make the stay enjoyable.","However, the breakfast could use a bit of variety and improvement, but it was decent enough.",8.0,POS,1,English(Turkish),False,False,hotel modern super clean rooms comfortable beds location near many tourist spots extremely convenient besides staff helpful kind consistently going beyond make stay enjoyable however breakfast could use bit variety improvement decent enough
216,English,Berlin,BlnCty Hotel,The location of the hotel and the design had lots of potential.,"Unfortunately, the cleanliness and the service were subpar, which really diminished the overall experience. The room was not cleaned properly and I had difficulties with the staff when requesting additional amenities.",3.0,NEG,1,English(Spanish),False,False,location hotel design lots potential unfortunately cleanliness service subpar really diminished overall experience room cleaned properly difficulties staff requesting additional amenities
689,English,Paris,Courtyard by Marriott Paris Gare de Lyon,"The location is fantastic, right beside the Gare de Lyon train station.","The service was not up to Marriott standards I'm accustomed to. The check-in process was slow, and staff seemed overwhelmed. The room was quite small and didn't match the value for the price paid. Plus, there were constant noises from the train station which made it difficult to get a good night's sleep.",3.0,NEG,1,English(Italian),False,False,location fantastic right beside gare de lyon train station service marriott standards accustomed check process slow staff seemed overwhelmed room quite small match value price paid plus constant noises train station made difficult get good night sleep
162,English,Beijing,"Holiday Inn Temple Of Heaven Beijing, an IHG Hotel","The location is quite central, the rooms were clean and the staff were friendly. The breakfast was fantastic.",The swimming pool was very hard to find and not clearly marked.,9.0,POS,0,,False,False,location quite central rooms clean staff friendly breakfast fantastic swimming pool hard find clearly marked
247,English,Berlin,Ibis budget Berlin Potsdamer Platz,Location was fantastic and staff very friendly.,"The room was filthy! Dust and grime on most surfaces. The toilet paper had blood in the roll! Thankfully, we brought our own toilet paper. We had to clean and disinfect the whole room. The linens were, thankfully, clean looking. I was expecting budget furnishings, but not expecting filthy. The air conditioning in our room didn't work at all, forcing us to open our window, which was on a very busy street. Needless to say, it was extremely loud all night long.",4.0,NEG,0,,False,False,location fantastic staff friendly room filthy dust grime surfaces toilet paper blood roll thankfully brought toilet paper clean disinfect whole room linens thankfully clean looking expecting budget furnishings expecting filthy air conditioning room work forcing us open window busy street needless say extremely loud night long
952,English,Washington,Glover Park Hotel Georgetown,I love the location of the hotel. The neighborhood is charming! I enjoyed the free amenities on floor I stayed on. It was convenient!,I like the decor of the hotel. The shower heads needs an updated look .,9.0,POS,0,,False,False,love location hotel neighborhood charming enjoyed free amenities floor stayed convenient like decor hotel shower heads needs updated look
958,English,Washington,Glover Park Hotel Georgetown,"The location of the Glover Park Hotel Georgetown was convenient, and the lobby was aesthetically pleasing.","The hotel had numerous issues such as: stale and musty air, worn-out furniture, and an unfriendly hotel staff who were not very helpful. The noise from the highway was audible inside the room, leading to a disturbed sleep. The amenities provided were also below average, and the cleanliness of the room left a lot to be desired.",3.0,NEG,1,Turkish,False,False,location glover park hotel georgetown convenient lobby aesthetically pleasing hotel numerous issues stale musty air worn furniture unfriendly hotel staff helpful noise highway audible inside room leading disturbed sleep amenities provided also average cleanliness room left lot desired
670,English,Paris,Hotel Minerve,"The Hotel Minerve in Paris offers great value considering its wonderful location in the heart of a vibrant neighborhood, and easy access to many popular attractions.","However, the rooms are a bit small and could use a little modernizing.",8.0,POS,1,Turkish,False,False,hotel minerve paris offers great value considering wonderful location heart vibrant neighborhood easy access many popular attractions however rooms bit small could use little modernizing
579,English,New Delhi,"The Ashok, New Delhi",location,indifferent staff.,4.0,NEG,0,,False,False,location indifferent staff
564,English,New Delhi,Hotel International Inn - Near Delhi Airport,I enjoyed the close proximity to the airport and the friendly staff. The rooms were also very clean and spacious.,The Wi-Fi was not as fast as I'd liked.,8.0,POS,1,Turkish,False,False,enjoyed close proximity airport friendly staff rooms also clean spacious wi fi fast liked
889,English,Seoul,Hotel Skypark Dongdaemun I,Convenient location with easy access to public transport,"The room was quite small and lacked needed amenities. Also, the noise from the street was disruptive during night.",4.0,NEG,1,Chinese,False,False,convenient location easy access public transport room quite small lacked needed amenities also noise street disruptive night
847,English,Seoul,LOTTE City Hotel Myeongdong,"Staff was kind, breakfast was okay.","Room was dirty, especially the bathroom was dirty. Bed sheets were old and ripped off. We reserved for 6 nights 3 with breakfast 3 without. Yet they only gave us for the first 3 days, we couldn't use one of our breakfast on 4th day. We wanted to use our breakfast whenever we want. Even though we paid 3 breakfasts, we couldn't use all 3 but paid one extra. Be careful with that when you'r reserving. They are not helpful at all. We didn't really like the room they gave us for 6 days. We upgraded our room& paid extra just to get a corner room from the worst part of the hotel without no view.",4.0,NEG,0,,False,False,staff kind breakfast okay room dirty especially bathroom dirty bed sheets old ripped reserved 6 nights 3 breakfast 3 without yet gave us first 3 days use one breakfast 4th day wanted use breakfast whenever want even though paid 3 breakfasts use 3 paid one extra careful r reserving helpful really like room gave us 6 days upgraded room paid extra get corner room worst part hotel without view
271,English,Berlin,The Westin Grand Berlin,"The Westin Grand is an institution with a reputation for upscale service. Since the renovation, I'd consider it at least on par with the Marriott at Potsdamer Platz -- maybe even slightly ahead when you take the grand atrium and good local cuisine into account. That's also thanks to the staff that had the same impeccable attitude I'd witnessed pre-pandemic. Unter den Linden/Friedrichstraße might not always be an ideal location depending on where in the city you need to be, but for any destination East of the Brandenburg Gate, this Westin will probably always be my choice. If you pay a little extra for the rooms facing the courtyard, the serenity of this hotel cannot be beaten.","There was no one to take our luggages upstairs or help with valet when we arrived. But then again, it was very hot outside, so I can't really blame the staff for hiding from the heat.",9.0,POS,0,,False,False,westin grand institution reputation upscale service since renovation consider least par marriott potsdamer platz maybe even slightly ahead take grand atrium good local cuisine account also thanks staff impeccable attitude witnessed pre pandemic unter den linden friedrichstraße might always ideal location depending city need destination east brandenburg gate westin probably always choice pay little extra rooms facing courtyard serenity hotel cannot beaten one take luggages upstairs help valet arrived hot outside really blame staff hiding heat
332,English,Bucharest,Upstairs Boutique,"The staff were extremely friendly and exceeded my expectations. The room was clean, comfortable, and well-decorated. The hotel's location was perfect, it was easy to reach all the sites we wanted to visit. I was also very impressed with the breakfast that was included in our stay - a great way to start the day!","While overall my experience was excellent, I do wish the hotel had a gym or some sort of fitness center.",9.0,POS,1,German,False,False,staff extremely friendly exceeded expectations room clean comfortable well decorated hotel location perfect easy reach sites wanted visit also impressed breakfast included stay great way start day overall experience excellent wish hotel gym sort fitness center
652,English,Paris,Hotel Mimosa Paris,"Hotel Mimosa gives off a unique, quaint vibe that's perfect for the Paris experience. The staff members were extremely friendly and helpful. The room was cosy, clean and well equipped. Location is also ideal, as it's close to a lot of popular places of interest.","The hotel doesn't have an elevator, which may be inconvenient for some.",8.0,POS,1,English(Turkish),False,False,hotel mimosa gives unique quaint vibe perfect paris experience staff members extremely friendly helpful room cosy clean well equipped location also ideal close lot popular places interest hotel elevator may inconvenient
577,English,New Delhi,"The Ashok, New Delhi",The hotel needs renovation,,4.0,NEG,0,,False,True,hotel needs renovation
673,English,Paris,Hotel Minerve,Lovely stay at Hotel Minerve in Paris. Charming decor and friendly staff. Fantastic location near Notre Dame and plenty of restaurant options.,The room was a bit small and there was some noise from the streets below.,8.0,POS,1,German,False,False,lovely stay hotel minerve paris charming decor friendly staff fantastic location near notre dame plenty restaurant options room bit small noise streets
64,English,Ankara,Inn 14 Hostel,"The Inn 14 Hostel provides a comfortable and cozy stay experience with its warm atmosphere and friendly staff. The location is great, close to many points of interest in Ankara.","Wi-Fi was a bit inconsistent at times, but not a major issue.",8.0,POS,1,English(Romanian),False,False,inn 14 hostel provides comfortable cozy stay experience warm atmosphere friendly staff location great close many points interest ankara wi fi bit inconsistent times major issue
79,English,Ankara,Güvenay Business Hotel,location,"bad service. the air condition does not work, informed the reception, they did not bother to changed another room nor tried to fix problem, hardly slept due to the heet. i don't recommend this hotel.",3.0,NEG,0,,False,False,location bad service air condition work informed reception bother changed another room tried fix problem hardly slept due heet recommend hotel
426,English,Madrid,Eurostars Madrid Tower,nothing was special about the property,the place wasn’t very clean. also i was charged for extra bed however in my booking was included. the room was very small no place for 3 adults. and when i came to the hotel i took another room same exact room with only 480 euro and this one was with 714 euros.,4.0,NEG,0,,False,False,nothing special property place clean also charged extra bed however booking included room small place 3 adults came hotel took another room exact room 480 euro one 714 euros
